category,item,lexer,parser,ast,semantic,hir,mir,ast_interpreter,mir_interpreter,x64_ast,x64_mir,runtime,tests,docs
builtin_functions,ABS,partial,implemented,missing,partial,missing,missing,diagnostic_only,missing,diagnostic_only,diagnostic_only,diagnostic_only,implemented,diagnostic_only
builtin_functions,ABSTRACT,partial,implemented,missing,partial,missing,missing,missing,missing,missing,missing,diagnostic_only,implemented,missing
builtin_functions,ADD,missing,diagnostic_only,missing,implemented,missing,partial,diagnostic_only,missing,diagnostic_only,diagnostic_only,diagnostic_only,implemented,diagnostic_only
builtin_functions,AND,implemented,implemented,implemented,implemented,partial,partial,diagnostic_only,diagnostic_only,diagnostic_only,diagnostic_only,implemented,implemented,diagnostic_only
builtin_functions,ANY,partial,implemented,implemented,implemented,partial,partial,diagnostic_only,diagnostic_only,diagnostic_only,missing,implemented,implemented,missing
builtin_functions,API,missing,implemented,implemented,partial,missing,diagnostic_only,diagnostic_only,missing,missing,missing,diagnostic_only,implemented,partial
builtin_functions,APPEND,missing,missing,missing,partial,missing,missing,missing,missing,missing,missing,implemented,implemented,missing
builtin_functions,AS,implemented,implemented,implemented,implemented,partial,partial,diagnostic_only,diagnostic_only,diagnostic_only,diagnostic_only,implemented,implemented,partial
builtin_functions,ASC,implemented,implemented,implemented,implemented,missing,missing,diagnostic_only,diagnostic_only,diagnostic_only,diagnostic_only,implemented,implemented,diagnostic_only
builtin_functions,ASSERT,partial,implemented,missing,implemented,missing,diagnostic_only,missing,missing,missing,diagnostic_only,partial,implemented,missing
builtin_functions,ASSERT_STMT,missing,implemented,partial,partial,missing,diagnostic_only,missing,missing,missing,missing,partial,partial,missing
builtin_functions,ASSIGN_STMT,missing,implemented,partial,partial,missing,diagnostic_only,missing,missing,diagnostic_only,missing,diagnostic_only,missing,missing
builtin_functions,ATN,partial,implemented,missing,partial,missing,diagnostic_only,diagnostic_only,missing,diagnostic_only,missing,diagnostic_only,implemented,missing
builtin_functions,BALL,partial,implemented,missing,implemented,missing,missing,missing,missing,missing,missing,implemented,implemented,implemented
builtin_functions,BAND,missing,missing,missing,diagnostic_only,missing,diagnostic_only,diagnostic_only,missing,diagnostic_only,missing,diagnostic_only,missing,missing
builtin_functions,BIGD,partial,implemented,missing,implemented,missing,missing,missing,missing,missing,missing,implemented,implemented,implemented
builtin_functions,BIGF,partial,implemented,missing,implemented,missing,missing,missing,missing,missing,missing,implemented,implemented,implemented
builtin_functions,BINARY,missing,implemented,partial,implemented,partial,diagnostic_only,diagnostic_only,diagnostic_only,diagnostic_only,missing,partial,implemented,partial
builtin_functions,BLOCK,missing,implemented,implemented,implemented,missing,partial,diagnostic_only,missing,diagnostic_only,diagnostic_only,diagnostic_only,implemented,partial
builtin_functions,BOR,missing,missing,missing,diagnostic_only,missing,diagnostic_only,diagnostic_only,missing,diagnostic_only,missing,diagnostic_only,missing,missing
builtin_functions,BXOR,missing,missing,missing,diagnostic_only,missing,diagnostic_only,diagnostic_only,missing,missing,missing,diagnostic_only,missing,missing
builtin_functions,BYREF,implemented,implemented,implemented,implemented,partial,partial,diagnostic_only,diagnostic_only,diagnostic_only,diagnostic_only,implemented,implemented,missing
builtin_functions,BYTE,partial,implemented,missing,partial,missing,missing,diagnostic_only,diagnostic_only,diagnostic_only,missing,implemented,implemented,partial
builtin_functions,BYVAL,implemented,implemented,implemented,implemented,partial,partial,diagnostic_only,diagnostic_only,diagnostic_only,missing,implemented,implemented,missing
builtin_functions,CALL,partial,implemented,missing,implemented,missing,partial,diagnostic_only,diagnostic_only,diagnostic_only,diagnostic_only,partial,implemented,diagnostic_only
builtin_functions,CALL_DLL,missing,missing,missing,missing,missing,missing,missing,missing,missing,diagnostic_only,missing,partial,missing
builtin_functions,CALL_EXPR,missing,implemented,partial,partial,partial,diagnostic_only,diagnostic_only,diagnostic_only,diagnostic_only,missing,implemented,implemented,missing
builtin_functions,CALL_STMT,missing,implemented,partial,implemented,partial,diagnostic_only,diagnostic_only,missing,diagnostic_only,missing,diagnostic_only,implemented,missing
builtin_functions,CAST,missing,missing,missing,diagnostic_only,missing,missing,missing,missing,missing,diagnostic_only,missing,missing,partial
builtin_functions,CDBL,partial,implemented,missing,implemented,missing,diagnostic_only,diagnostic_only,diagnostic_only,diagnostic_only,missing,implemented,partial,missing
builtin_functions,CDECL,partial,implemented,missing,partial,missing,partial,missing,diagnostic_only,missing,missing,implemented,implemented,missing
builtin_functions,CG,missing,missing,missing,missing,missing,missing,missing,missing,diagnostic_only,diagnostic_only,missing,missing,missing
builtin_functions,CHR,implemented,implemented,implemented,implemented,partial,diagnostic_only,diagnostic_only,missing,diagnostic_only,diagnostic_only,implemented,implemented,missing
builtin_functions,CINT,partial,implemented,missing,implemented,missing,missing,diagnostic_only,diagnostic_only,missing,diagnostic_only,implemented,implemented,diagnostic_only
builtin_functions,CLASS,partial,implemented,missing,implemented,partial,diagnostic_only,diagnostic_only,diagnostic_only,diagnostic_only,missing,diagnostic_only,implemented,diagnostic_only
builtin_functions,CLASS_ACCESS,missing,partial,missing,missing,missing,missing,diagnostic_only,missing,missing,missing,diagnostic_only,partial,missing
builtin_functions,CLASS_CONSTRUCTOR_DECL,missing,partial,partial,implemented,missing,missing,diagnostic_only,missing,diagnostic_only,missing,diagnostic_only,missing,missing
builtin_functions,CLASS_DESTRUCTOR_DECL,missing,partial,partial,implemented,missing,diagnostic_only,diagnostic_only,missing,diagnostic_only,missing,diagnostic_only,missing,missing
builtin_functions,CLASS_METHOD_DECL,missing,partial,partial,implemented,missing,diagnostic_only,diagnostic_only,missing,diagnostic_only,missing,diagnostic_only,missing,missing
builtin_functions,CLASS_OPERATOR_DECL,missing,partial,partial,implemented,missing,diagnostic_only,diagnostic_only,missing,diagnostic_only,missing,diagnostic_only,missing,missing
builtin_functions,CLASS_PROPERTY_GET_STMT,missing,partial,partial,implemented,missing,diagnostic_only,diagnostic_only,missing,diagnostic_only,missing,diagnostic_only,missing,missing
builtin_functions,CLASS_STMT,missing,implemented,partial,implemented,partial,diagnostic_only,diagnostic_only,missing,diagnostic_only,missing,diagnostic_only,implemented,missing
builtin_functions,CLNG,partial,implemented,missing,implemented,missing,missing,diagnostic_only,diagnostic_only,missing,diagnostic_only,partial,diagnostic_only,diagnostic_only
builtin_functions,CLOSE,implemented,implemented,implemented,implemented,partial,diagnostic_only,missing,missing,missing,diagnostic_only,implemented,implemented,missing
builtin_functions,CLOSE_STMT,missing,implemented,partial,diagnostic_only,missing,diagnostic_only,missing,missing,diagnostic_only,missing,partial,diagnostic_only,missing
builtin_functions,CLS,partial,implemented,missing,partial,missing,diagnostic_only,missing,missing,missing,diagnostic_only,partial,implemented,diagnostic_only
builtin_functions,CLS_STMT,missing,partial,missing,diagnostic_only,missing,diagnostic_only,missing,missing,diagnostic_only,missing,partial,diagnostic_only,missing
builtin_functions,CODEPTR,partial,implemented,missing,missing,missing,missing,diagnostic_only,missing,missing,missing,diagnostic_only,implemented,missing
builtin_functions,COLOR,partial,implemented,missing,partial,missing,diagnostic_only,missing,missing,missing,diagnostic_only,implemented,implemented,diagnostic_only
builtin_functions,COLOR_STMT,missing,partial,missing,diagnostic_only,missing,diagnostic_only,missing,missing,diagnostic_only,missing,partial,diagnostic_only,missing
builtin_functions,CONST,partial,implemented,implemented,implemented,partial,partial,diagnostic_only,diagnostic_only,diagnostic_only,diagnostic_only,partial,implemented,diagnostic_only
builtin_functions,CONST_STMT,missing,implemented,partial,diagnostic_only,missing,missing,diagnostic_only,missing,diagnostic_only,missing,diagnostic_only,diagnostic_only,missing
builtin_functions,COS,partial,implemented,missing,partial,missing,diagnostic_only,diagnostic_only,missing,diagnostic_only,missing,diagnostic_only,implemented,missing
builtin_functions,CSNG,partial,implemented,missing,partial,missing,diagnostic_only,diagnostic_only,missing,diagnostic_only,missing,diagnostic_only,partial,missing
builtin_functions,DAY,missing,partial,missing,diagnostic_only,missing,missing,missing,diagnostic_only,missing,missing,implemented,missing,missing
builtin_functions,DEC,partial,implemented,missing,missing,missing,missing,diagnostic_only,missing,diagnostic_only,missing,diagnostic_only,implemented,missing
builtin_functions,DECLARE,implemented,implemented,missing,implemented,missing,partial,diagnostic_only,diagnostic_only,diagnostic_only,missing,implemented,implemented,missing
builtin_functions,DECORATOR,partial,partial,missing,partial,missing,missing,missing,missing,missing,missing,diagnostic_only,implemented,missing
builtin_functions,DEFBYT,partial,implemented,missing,diagnostic_only,missing,missing,diagnostic_only,missing,missing,missing,diagnostic_only,missing,missing
builtin_functions,DEFDBL,partial,implemented,missing,diagnostic_only,missing,missing,diagnostic_only,missing,missing,missing,diagnostic_only,missing,missing
builtin_functions,DEFEXT,partial,implemented,missing,diagnostic_only,missing,missing,diagnostic_only,missing,missing,missing,diagnostic_only,missing,missing
builtin_functions,DEFINT,partial,implemented,missing,diagnostic_only,missing,missing,diagnostic_only,missing,missing,missing,diagnostic_only,implemented,missing
builtin_functions,DEFLNG,partial,implemented,missing,diagnostic_only,missing,missing,diagnostic_only,missing,missing,missing,diagnostic_only,missing,missing
builtin_functions,DEFSNG,partial,implemented,missing,diagnostic_only,missing,missing,diagnostic_only,missing,missing,missing,diagnostic_only,missing,missing
builtin_functions,DEFSTR,partial,implemented,missing,diagnostic_only,missing,missing,diagnostic_only,missing,missing,missing,diagnostic_only,missing,missing
builtin_functions,DEFTYPE_STMT,missing,implemented,missing,diagnostic_only,missing,missing,diagnostic_only,missing,diagnostic_only,missing,diagnostic_only,diagnostic_only,missing
builtin_functions,DEF_FN_STMT,missing,missing,missing,missing,missing,missing,diagnostic_only,missing,missing,missing,diagnostic_only,missing,missing
builtin_functions,DEF_TYPE,missing,missing,missing,implemented,missing,partial,missing,missing,missing,diagnostic_only,missing,missing,diagnostic_only
builtin_functions,DELETE_STMT,missing,implemented,partial,partial,missing,missing,missing,missing,missing,missing,diagnostic_only,missing,missing
builtin_functions,DICTCLEAR,missing,missing,missing,partial,missing,missing,diagnostic_only,missing,missing,missing,diagnostic_only,missing,missing
builtin_functions,DICTGET,missing,missing,missing,partial,missing,missing,diagnostic_only,missing,missing,missing,diagnostic_only,implemented,missing
builtin_functions,DICTHAS,missing,missing,missing,partial,missing,missing,diagnostic_only,missing,missing,missing,diagnostic_only,missing,missing
builtin_functions,DICTLEN,missing,missing,missing,partial,missing,missing,diagnostic_only,missing,missing,missing,diagnostic_only,missing,missing
builtin_functions,DICTSET,missing,missing,missing,partial,missing,missing,diagnostic_only,missing,missing,missing,diagnostic_only,implemented,missing
builtin_functions,DIM,implemented,implemented,implemented,implemented,partial,partial,diagnostic_only,diagnostic_only,diagnostic_only,diagnostic_only,implemented,implemented,partial
builtin_functions,DIM_STMT,missing,implemented,partial,partial,partial,missing,diagnostic_only,missing,diagnostic_only,missing,diagnostic_only,diagnostic_only,missing
builtin_functions,DIRNAMEFROMPATH,missing,missing,missing,missing,missing,missing,missing,missing,missing,missing,partial,missing,missing
builtin_functions,DIV,missing,diagnostic_only,missing,implemented,missing,partial,diagnostic_only,missing,diagnostic_only,diagnostic_only,diagnostic_only,partial,diagnostic_only
builtin_functions,DLL,missing,partial,missing,partial,missing,diagnostic_only,diagnostic_only,diagnostic_only,diagnostic_only,missing,implemented,implemented,partial
builtin_functions,DOUBLE,missing,partial,missing,implemented,missing,partial,diagnostic_only,diagnostic_only,diagnostic_only,missing,implemented,diagnostic_only,missing
builtin_functions,DO_EACH_STMT,missing,implemented,partial,diagnostic_only,missing,missing,missing,missing,diagnostic_only,missing,partial,missing,missing
builtin_functions,DO_STMT,missing,implemented,partial,diagnostic_only,missing,missing,missing,missing,diagnostic_only,missing,partial,diagnostic_only,missing
builtin_functions,END,implemented,implemented,implemented,implemented,partial,partial,diagnostic_only,diagnostic_only,diagnostic_only,diagnostic_only,implemented,implemented,partial
builtin_functions,END_STMT,missing,partial,missing,partial,missing,diagnostic_only,diagnostic_only,missing,missing,missing,diagnostic_only,diagnostic_only,missing
builtin_functions,EOF,implemented,implemented,missing,missing,missing,missing,diagnostic_only,missing,diagnostic_only,missing,implemented,implemented,missing
builtin_functions,EQ,missing,diagnostic_only,missing,implemented,missing,partial,diagnostic_only,missing,missing,diagnostic_only,diagnostic_only,partial,diagnostic_only
builtin_functions,EVENT,partial,implemented,missing,implemented,missing,missing,missing,diagnostic_only,missing,diagnostic_only,implemented,implemented,partial
builtin_functions,EVENT_STMT,missing,implemented,partial,implemented,partial,missing,missing,missing,diagnostic_only,missing,partial,missing,missing
builtin_functions,EXECALLOCCLASSINSTANCE,missing,missing,missing,missing,missing,missing,diagnostic_only,missing,missing,missing,diagnostic_only,missing,missing
builtin_functions,EXECAREDLLCALLINGCONVENTIONSCOMPATIBLE,missing,missing,missing,missing,missing,missing,missing,missing,missing,missing,partial,missing,missing
builtin_functions,EXECARRAYEXTENT,missing,missing,missing,missing,missing,missing,missing,missing,missing,missing,partial,missing,missing
builtin_functions,EXECARRAYRESIZEVAR,missing,missing,missing,missing,missing,missing,diagnostic_only,missing,missing,missing,partial,missing,missing
builtin_functions,EXECBINARYOPERATORTOKENTOROUTINESUFFIX,missing,missing,missing,missing,missing,missing,diagnostic_only,missing,missing,missing,diagnostic_only,missing,missing
builtin_functions,EXECBUILDFIELDPATH,missing,missing,missing,missing,missing,missing,diagnostic_only,missing,missing,missing,diagnostic_only,missing,missing
builtin_functions,EXECBUILDROUTINEMAPFROMCLASS,missing,missing,missing,missing,missing,missing,missing,missing,missing,missing,diagnostic_only,missing,missing
builtin_functions,EXECBUILDTOPLEVELLABELMAP,missing,missing,missing,missing,missing,missing,diagnostic_only,missing,missing,missing,diagnostic_only,missing,missing
builtin_functions,EXECBUILDTOPLEVELROUTINEMAP,missing,missing,missing,missing,missing,missing,diagnostic_only,missing,missing,missing,diagnostic_only,missing,missing
builtin_functions,EXECBUILDVTABLEMAP,missing,missing,missing,missing,missing,missing,diagnostic_only,missing,missing,missing,diagnostic_only,missing,missing
builtin_functions,EXECBUILTINARGASINT,missing,missing,missing,missing,missing,missing,missing,missing,missing,missing,partial,missing,missing
builtin_functions,EXECBUILTINARGASTEXT,missing,missing,missing,missing,missing,missing,missing,missing,missing,missing,partial,missing,missing
builtin_functions,EXECBUILTINARGASTYPENAME,missing,missing,missing,missing,missing,missing,missing,missing,missing,missing,partial,missing,missing
builtin_functions,EXECBUILTINGETARGNODE,missing,missing,missing,missing,missing,missing,missing,missing,missing,missing,partial,missing,missing
builtin_functions,EXECBUILTINTEXTMIDCALL,missing,missing,missing,missing,missing,missing,missing,missing,missing,missing,partial,missing,missing
builtin_functions,EXECBUILTINTEXTSPACECALL,missing,missing,missing,missing,missing,missing,missing,missing,missing,missing,partial,missing,missing
builtin_functions,EXECBUILTINTEXTSTRINGCALL,missing,missing,missing,missing,missing,missing,missing,missing,missing,missing,partial,missing,missing
builtin_functions,EXECCANACCESSMETHOD,missing,missing,missing,missing,missing,missing,missing,missing,missing,missing,diagnostic_only,missing,missing
builtin_functions,EXECCANASSIGNCLASSTYPE,missing,missing,missing,missing,missing,missing,diagnostic_only,missing,missing,missing,diagnostic_only,missing,missing
builtin_functions,EXECCASEEXPRMATCHES,missing,missing,missing,missing,missing,missing,missing,missing,missing,missing,partial,missing,missing
builtin_functions,EXECCHILDAT,missing,missing,missing,missing,missing,missing,diagnostic_only,missing,missing,missing,implemented,diagnostic_only,missing
builtin_functions,EXECCHILDCOUNT,missing,missing,missing,missing,missing,missing,diagnostic_only,missing,missing,missing,implemented,missing,missing
builtin_functions,EXECCLAMPI32,missing,missing,missing,missing,missing,missing,missing,missing,missing,missing,partial,missing,missing
builtin_functions,EXECCLASSALLOWSFRIENDCALLER,missing,missing,missing,missing,missing,missing,missing,missing,missing,missing,diagnostic_only,missing,missing
builtin_functions,EXECCLASSBASENAME,missing,missing,missing,missing,missing,missing,missing,missing,missing,missing,diagnostic_only,missing,missing
builtin_functions,EXECCLASSFIELDHASFLAG,missing,missing,missing,missing,missing,missing,diagnostic_only,missing,missing,missing,diagnostic_only,missing,missing
builtin_functions,EXECCLASSHASFLAG,missing,missing,missing,missing,missing,missing,missing,missing,missing,missing,diagnostic_only,missing,missing
builtin_functions,EXECCLASSISORDERIVEDFROM,missing,missing,missing,missing,missing,missing,missing,missing,missing,missing,diagnostic_only,missing,missing
builtin_functions,EXECCLASSISORDERIVESFROM,missing,missing,missing,missing,missing,missing,missing,missing,missing,missing,diagnostic_only,missing,missing
builtin_functions,EXECCLASSMETHODACCESSTEXT,missing,missing,missing,missing,missing,missing,missing,missing,missing,missing,diagnostic_only,missing,missing
builtin_functions,EXECCLASSMETHODHASFLAG,missing,missing,missing,missing,missing,missing,missing,missing,missing,missing,diagnostic_only,missing,missing
builtin_functions,EXECCLASSPROPERTYHASACCESSOR,missing,missing,missing,missing,missing,missing,diagnostic_only,missing,missing,missing,diagnostic_only,missing,missing
builtin_functions,EXECCOLLECTIONCREATE,missing,missing,missing,missing,missing,missing,diagnostic_only,missing,missing,missing,partial,missing,missing
builtin_functions,EXECCOLLECTIONENSUREKIND,missing,missing,missing,missing,missing,missing,missing,missing,missing,missing,partial,missing,missing
builtin_functions,EXECCOLLECTIONGETHANDLEARG,missing,missing,missing,missing,missing,missing,missing,missing,missing,missing,diagnostic_only,missing,missing
builtin_functions,EXECCOLLECTIONGETINTARG,missing,missing,missing,missing,missing,missing,missing,missing,missing,missing,diagnostic_only,missing,missing
builtin_functions,EXECCOLLECTIONGETTEXTARG,missing,missing,missing,missing,missing,missing,missing,missing,missing,missing,diagnostic_only,missing,missing
builtin_functions,EXECCOLLECTIONGETVALUEARG,missing,missing,missing,missing,missing,missing,missing,missing,missing,missing,diagnostic_only,missing,missing
builtin_functions,EXECCONFIGURECLASSSTORAGE,missing,missing,missing,missing,missing,missing,diagnostic_only,missing,missing,missing,diagnostic_only,missing,missing
builtin_functions,EXECCONSUMELOOPEXIT,missing,missing,missing,missing,missing,missing,missing,missing,missing,missing,implemented,missing,missing
builtin_functions,EXECCONTAINSINVALIDDLLCHARS,missing,missing,missing,missing,missing,missing,missing,missing,missing,missing,partial,missing,missing
builtin_functions,EXECDEBUGGETFFIX86RESOLVEDCOUNT,missing,missing,missing,missing,missing,missing,missing,missing,missing,missing,partial,implemented,missing
builtin_functions,EXECDEBUGGETINPUTQUEUEREMAINING,missing,missing,missing,missing,missing,missing,diagnostic_only,missing,missing,missing,diagnostic_only,partial,missing
builtin_functions,EXECDEBUGGETKEYQUEUEREMAINING,missing,missing,missing,missing,missing,missing,diagnostic_only,missing,missing,missing,diagnostic_only,diagnostic_only,missing
builtin_functions,EXECDEBUGGETLOCATEROW,missing,missing,missing,missing,missing,missing,diagnostic_only,missing,missing,missing,diagnostic_only,partial,missing
builtin_functions,EXECDEBUGINPUTQUEUEPOP,missing,missing,missing,missing,missing,missing,missing,missing,missing,missing,partial,missing,missing
builtin_functions,EXECDEBUGKEYQUEUEPOP,missing,missing,missing,missing,missing,missing,missing,missing,missing,missing,diagnostic_only,missing,missing
builtin_functions,EXECDICTCLEAR,missing,missing,missing,missing,missing,missing,missing,missing,missing,missing,partial,missing,missing
builtin_functions,EXECDICTFINDKEY,missing,missing,missing,missing,missing,missing,missing,missing,missing,missing,partial,missing,missing
builtin_functions,EXECDICTGET,missing,missing,missing,missing,missing,missing,missing,missing,missing,missing,partial,missing,missing
builtin_functions,EXECDICTHAS,missing,missing,missing,missing,missing,missing,missing,missing,missing,missing,partial,missing,missing
builtin_functions,EXECDICTLEN,missing,missing,missing,missing,missing,missing,missing,missing,missing,missing,partial,missing,missing
builtin_functions,EXECDICTSET,missing,missing,missing,missing,missing,missing,missing,missing,missing,missing,partial,missing,missing
builtin_functions,EXECDLLCALLISALLOWLISTED,missing,missing,missing,missing,missing,missing,missing,missing,missing,missing,partial,diagnostic_only,missing
builtin_functions,EXECENSUREVAR,missing,missing,missing,missing,missing,missing,diagnostic_only,missing,missing,missing,partial,missing,missing
builtin_functions,EXECEVALBINARYVALUES,missing,missing,missing,missing,missing,missing,diagnostic_only,missing,missing,missing,diagnostic_only,missing,missing
builtin_functions,EXECEVALBUILTINCALL,missing,missing,missing,missing,missing,missing,diagnostic_only,missing,missing,missing,diagnostic_only,missing,missing
builtin_functions,EXECEVALBUILTINCOLLECTIONCATEGORY,missing,missing,missing,missing,missing,missing,diagnostic_only,missing,missing,missing,diagnostic_only,missing,missing
builtin_functions,EXECEVALBUILTINCOLLECTIONDICT,missing,missing,missing,missing,missing,missing,missing,missing,missing,missing,diagnostic_only,missing,missing
builtin_functions,EXECEVALBUILTINCOLLECTIONLIST,missing,missing,missing,missing,missing,missing,missing,missing,missing,missing,diagnostic_only,missing,missing
builtin_functions,EXECEVALBUILTINCOLLECTIONSET,missing,missing,missing,missing,missing,missing,missing,missing,missing,missing,diagnostic_only,missing,missing
builtin_functions,EXECEVALBUILTINFFICATEGORY,missing,missing,missing,missing,missing,missing,diagnostic_only,missing,missing,missing,diagnostic_only,diagnostic_only,missing
builtin_functions,EXECEVALBUILTINFILECATEGORY,missing,missing,missing,missing,missing,missing,diagnostic_only,missing,missing,missing,diagnostic_only,missing,missing
builtin_functions,EXECEVALBUILTINKEYBOARDCATEGORY,missing,missing,missing,missing,missing,missing,diagnostic_only,missing,missing,missing,diagnostic_only,missing,missing
builtin_functions,EXECEVALBUILTINLAYOUTCATEGORY,missing,missing,missing,missing,missing,missing,diagnostic_only,missing,missing,missing,diagnostic_only,missing,missing
builtin_functions,EXECEVALBUILTINPEEKCATEGORY,missing,missing,missing,missing,missing,missing,diagnostic_only,missing,missing,missing,diagnostic_only,missing,missing
builtin_functions,EXECEVALBUILTINPOINTERCATEGORY,missing,missing,missing,missing,missing,missing,diagnostic_only,missing,missing,missing,diagnostic_only,missing,missing
builtin_functions,EXECEVALBUILTINSCALARCATEGORY,missing,missing,missing,missing,missing,missing,diagnostic_only,missing,missing,missing,diagnostic_only,missing,missing
builtin_functions,EXECEVALBUILTINTIMERANDOMCATEGORY,missing,missing,missing,missing,missing,missing,diagnostic_only,missing,missing,missing,diagnostic_only,missing,missing
builtin_functions,EXECEVALCALL,missing,missing,missing,missing,missing,missing,diagnostic_only,missing,missing,missing,diagnostic_only,diagnostic_only,missing
builtin_functions,EXECEVALCONST,missing,missing,missing,missing,missing,missing,diagnostic_only,missing,missing,missing,diagnostic_only,missing,missing
builtin_functions,EXECEVALDEF,missing,missing,missing,missing,missing,missing,diagnostic_only,missing,missing,missing,diagnostic_only,missing,missing
builtin_functions,EXECEVALDIM,missing,missing,missing,missing,missing,missing,diagnostic_only,missing,missing,missing,diagnostic_only,missing,missing
builtin_functions,EXECEVALDLLARGASMIXEDSLOT,missing,missing,missing,missing,missing,missing,missing,missing,missing,missing,partial,missing,missing
builtin_functions,EXECEVALDLLCALLCORE,missing,missing,missing,missing,missing,missing,diagnostic_only,missing,missing,missing,diagnostic_only,missing,missing
builtin_functions,EXECEVALEXPRESSION,missing,missing,missing,missing,missing,missing,diagnostic_only,missing,missing,missing,implemented,diagnostic_only,missing
builtin_functions,EXECEVALMETHODCALL,missing,missing,missing,missing,missing,missing,diagnostic_only,missing,missing,missing,diagnostic_only,missing,missing
builtin_functions,EXECEVALNODE,missing,missing,missing,missing,missing,missing,diagnostic_only,missing,missing,missing,implemented,diagnostic_only,missing
builtin_functions,EXECEVALNODEASTEXT,missing,missing,missing,missing,missing,missing,diagnostic_only,missing,missing,missing,implemented,missing,missing
builtin_functions,EXECEVALPIPEINVOKE,missing,missing,missing,missing,missing,missing,diagnostic_only,missing,missing,missing,diagnostic_only,missing,missing
builtin_functions,EXECEVALREDIM,missing,missing,missing,missing,missing,missing,diagnostic_only,missing,missing,missing,diagnostic_only,missing,missing
builtin_functions,EXECEVALSETSTRINGSIZE,missing,missing,missing,missing,missing,missing,diagnostic_only,missing,missing,missing,diagnostic_only,missing,missing
builtin_functions,EXECEVALSTRINGLITERAL,missing,missing,missing,missing,missing,missing,missing,missing,missing,missing,partial,missing,missing
builtin_functions,EXECEVALUSERCALL,missing,missing,missing,missing,missing,missing,diagnostic_only,missing,missing,missing,diagnostic_only,missing,missing
builtin_functions,EXECEXCEPTIONBUILDMESSAGE,missing,missing,missing,missing,missing,missing,missing,missing,missing,missing,partial,missing,missing
builtin_functions,EXECFFINORMALIZETYPETOKEN,missing,missing,missing,missing,missing,missing,missing,missing,missing,missing,partial,missing,missing
builtin_functions,EXECFFIPARSEARGTYPELIST,missing,missing,missing,missing,missing,missing,missing,missing,missing,missing,partial,missing,missing
builtin_functions,EXECFIELDNODETYPENAME,missing,missing,missing,missing,missing,missing,diagnostic_only,missing,missing,missing,diagnostic_only,missing,missing
builtin_functions,EXECFIELDPATHREADIDENT,missing,missing,missing,missing,missing,missing,diagnostic_only,missing,missing,missing,diagnostic_only,missing,missing
builtin_functions,EXECFIELDPATHSKIPINDEXES,missing,missing,missing,missing,missing,missing,diagnostic_only,missing,missing,missing,diagnostic_only,missing,missing
builtin_functions,EXECFIELDZEROVALUE,missing,missing,missing,missing,missing,missing,diagnostic_only,missing,missing,missing,diagnostic_only,missing,missing
builtin_functions,EXECFINDAGGREGATEFIELDNODE,missing,missing,missing,missing,missing,missing,diagnostic_only,missing,missing,missing,diagnostic_only,missing,missing
builtin_functions,EXECFINDAGGREGATENODEBYNAME,missing,missing,missing,missing,missing,missing,diagnostic_only,missing,missing,missing,diagnostic_only,missing,missing
builtin_functions,EXECFINDCHILDBYKIND,missing,missing,missing,missing,missing,missing,diagnostic_only,missing,missing,missing,diagnostic_only,missing,missing
builtin_functions,EXECFINDCLASSDECLNODE,missing,missing,missing,missing,missing,missing,diagnostic_only,missing,missing,missing,diagnostic_only,missing,missing
builtin_functions,EXECFINDCLASSMETHODDECL,missing,missing,missing,missing,missing,missing,missing,missing,missing,missing,diagnostic_only,missing,missing
builtin_functions,EXECFINDCLASSNODE,missing,missing,missing,missing,missing,missing,missing,missing,missing,missing,diagnostic_only,missing,missing
builtin_functions,EXECFINDCLASSPROPERTYACCESSORBODY,missing,missing,missing,missing,missing,missing,diagnostic_only,missing,missing,missing,diagnostic_only,missing,missing
builtin_functions,EXECFINDNODENAMESPACE,missing,missing,missing,missing,missing,missing,missing,missing,missing,missing,diagnostic_only,missing,missing
builtin_functions,EXECFINDNODENAMESPACEREC,missing,missing,missing,missing,missing,missing,missing,missing,missing,missing,diagnostic_only,missing,missing
builtin_functions,EXECFINDRUNTIMEVTABLECLASSBYHANDLE,missing,missing,missing,missing,missing,missing,diagnostic_only,missing,missing,missing,diagnostic_only,missing,missing
builtin_functions,EXECFINDRUNTIMEVTABLECLASSINDEX,missing,missing,missing,missing,missing,missing,missing,missing,missing,missing,diagnostic_only,missing,missing
builtin_functions,EXECFINDRUNTIMEVTABLEHANDLE,missing,missing,missing,missing,missing,missing,missing,missing,missing,missing,diagnostic_only,missing,missing
builtin_functions,EXECFINDVAR,missing,missing,missing,missing,missing,missing,diagnostic_only,missing,missing,missing,partial,diagnostic_only,missing
builtin_functions,EXECFINDVTABLEROUTINEIDX,missing,missing,missing,missing,missing,missing,missing,missing,missing,missing,diagnostic_only,missing,missing
builtin_functions,EXECFINDX86RESOLVEDPROC,missing,missing,missing,missing,missing,missing,missing,missing,missing,missing,partial,missing,missing
builtin_functions,EXECFINDX86RESOLVERENTRYINDEX,missing,missing,missing,missing,missing,missing,missing,missing,missing,missing,partial,missing,missing
builtin_functions,EXECFINDX86SYMPTRMAPINDEX,missing,missing,missing,missing,missing,missing,missing,missing,missing,missing,partial,missing,missing
builtin_functions,EXECFORMATFILEERROR,missing,missing,missing,missing,missing,missing,missing,missing,missing,missing,partial,missing,missing
builtin_functions,EXECGETACTIVEFFIABINAME,missing,missing,missing,missing,missing,missing,missing,missing,missing,missing,partial,diagnostic_only,missing
builtin_functions,EXECGETARRAYELEMENT,missing,missing,missing,missing,missing,missing,diagnostic_only,missing,missing,missing,partial,missing,missing
builtin_functions,EXECGETCLASSBASETYPEBYNAME,missing,missing,missing,missing,missing,missing,diagnostic_only,missing,missing,missing,diagnostic_only,missing,missing
builtin_functions,EXECGETCLASSBASETYPENAME,missing,missing,missing,missing,missing,missing,missing,missing,missing,missing,diagnostic_only,missing,missing
builtin_functions,EXECGETFFIPOLICYMODE,missing,missing,missing,missing,missing,missing,missing,missing,missing,missing,partial,missing,missing
builtin_functions,EXECGETFFIPOLICYPATH,missing,missing,missing,missing,missing,missing,missing,missing,missing,missing,partial,missing,missing
builtin_functions,EXECGETFFIRESOLVERMODE,missing,missing,missing,missing,missing,missing,missing,missing,missing,missing,partial,missing,missing
builtin_functions,EXECGETFFIRESOLVERPATH,missing,missing,missing,missing,missing,missing,missing,missing,missing,missing,partial,missing,missing
builtin_functions,EXECGETVAR,missing,missing,missing,missing,missing,missing,diagnostic_only,missing,missing,missing,implemented,missing,missing
builtin_functions,EXECGETVARADDR,missing,missing,missing,missing,missing,missing,diagnostic_only,missing,missing,missing,partial,missing,missing
builtin_functions,EXECGETVARVALUE,missing,missing,missing,missing,missing,missing,diagnostic_only,missing,missing,missing,implemented,missing,missing
builtin_functions,EXECHANDLEIFEXITREQUEST,missing,missing,missing,missing,missing,missing,missing,missing,missing,missing,partial,missing,missing
builtin_functions,EXECHASDLLPATHSEGMENTS,missing,missing,missing,missing,missing,missing,missing,missing,missing,missing,partial,missing,missing
builtin_functions,EXECHASHTEXT,missing,missing,missing,missing,missing,missing,diagnostic_only,missing,missing,missing,diagnostic_only,missing,missing
builtin_functions,EXECINFERCALLERCLASS,missing,missing,missing,missing,missing,missing,missing,missing,missing,missing,diagnostic_only,missing,missing
builtin_functions,EXECINFERRECEIVERCLASSTYPE,missing,missing,missing,missing,missing,missing,missing,missing,missing,missing,diagnostic_only,missing,missing
builtin_functions,EXECINVOKECLASSCTORIFPRESENT,missing,missing,missing,missing,missing,missing,missing,missing,missing,missing,diagnostic_only,diagnostic_only,missing
builtin_functions,EXECINVOKECLASSDTORIFPRESENT,missing,missing,missing,missing,missing,missing,diagnostic_only,missing,missing,missing,diagnostic_only,diagnostic_only,missing
builtin_functions,EXECINVOKEROUTINEBYINDEX,missing,missing,missing,missing,missing,missing,diagnostic_only,missing,missing,missing,diagnostic_only,missing,missing
builtin_functions,EXECINVOKEROUTINEBYPREPAREDARGS,missing,missing,missing,missing,missing,missing,diagnostic_only,missing,missing,missing,diagnostic_only,missing,missing
builtin_functions,EXECISABSOLUTEDLLPATH,missing,missing,missing,missing,missing,missing,missing,missing,missing,missing,partial,missing,missing
builtin_functions,EXECISALLOWEDDLLSIGNATURE,missing,missing,missing,missing,missing,missing,missing,missing,missing,missing,partial,missing,missing
builtin_functions,EXECISBUILTINCALLNAME,missing,missing,missing,missing,missing,missing,diagnostic_only,missing,missing,missing,diagnostic_only,missing,missing
builtin_functions,EXECISCLASSDERIVEDFROM,missing,missing,missing,missing,missing,missing,missing,missing,missing,missing,diagnostic_only,missing,missing
builtin_functions,EXECISCTORSELFTYPESUPPORTED,missing,missing,missing,missing,missing,missing,missing,missing,missing,missing,diagnostic_only,missing,missing
builtin_functions,EXECISDLLCALLINGCONVENTION,missing,missing,missing,missing,missing,missing,missing,missing,missing,missing,partial,missing,missing
builtin_functions,EXECISEXPRESSIONNODEKIND,missing,missing,missing,missing,missing,missing,diagnostic_only,missing,missing,missing,diagnostic_only,missing,missing
builtin_functions,EXECISROUTINEMETADATANODE,missing,missing,missing,missing,missing,missing,missing,missing,missing,missing,diagnostic_only,missing,missing
builtin_functions,EXECISSTMTNODE,missing,missing,missing,missing,missing,missing,missing,missing,missing,missing,implemented,missing,missing
builtin_functions,EXECLABELINDEXOF,missing,missing,missing,missing,missing,missing,diagnostic_only,missing,missing,missing,diagnostic_only,missing,missing
builtin_functions,EXECLISTADD,missing,missing,missing,missing,missing,missing,missing,missing,missing,missing,partial,missing,missing
builtin_functions,EXECLISTCLEAR,missing,missing,missing,missing,missing,missing,missing,missing,missing,missing,partial,missing,missing
builtin_functions,EXECLISTGET,missing,missing,missing,missing,missing,missing,missing,missing,missing,missing,partial,missing,missing
builtin_functions,EXECLISTLEN,missing,missing,missing,missing,missing,missing,missing,missing,missing,missing,partial,missing,missing
builtin_functions,EXECLISTREMOVE,missing,missing,missing,missing,missing,missing,missing,missing,missing,missing,partial,missing,missing
builtin_functions,EXECLISTSET,missing,missing,missing,missing,missing,missing,missing,missing,missing,missing,partial,missing,missing
builtin_functions,EXECMAGICOPERATORROUTINENAMEBYSUFFIX,missing,missing,missing,missing,missing,missing,diagnostic_only,missing,missing,missing,diagnostic_only,missing,missing
builtin_functions,EXECMAGICROUTINEDUNDERALIAS,missing,missing,missing,missing,missing,missing,diagnostic_only,missing,missing,missing,diagnostic_only,missing,missing
builtin_functions,EXECNORMALIZEDLLNAME,missing,missing,missing,missing,missing,missing,missing,missing,missing,missing,partial,missing,missing
builtin_functions,EXECNORMALIZEFFIHASHTOKEN,missing,missing,missing,missing,missing,missing,missing,missing,missing,missing,partial,missing,missing
builtin_functions,EXECNORMALIZEFFISIGNERTOKEN,missing,missing,missing,missing,missing,missing,missing,missing,missing,missing,partial,missing,missing
builtin_functions,EXECNORMALIZETYPENAME,missing,missing,missing,missing,missing,missing,diagnostic_only,missing,missing,missing,diagnostic_only,missing,missing
builtin_functions,EXECOPERATORTOKENTOROUTINESUFFIX,missing,missing,missing,missing,missing,missing,missing,missing,missing,missing,diagnostic_only,missing,missing
builtin_functions,EXECPARAMDECLTYPENAME,missing,missing,missing,missing,missing,missing,missing,missing,missing,missing,diagnostic_only,missing,missing
builtin_functions,EXECPARSEBOUNDRANGE,missing,missing,missing,missing,missing,missing,diagnostic_only,missing,missing,missing,diagnostic_only,missing,missing
builtin_functions,EXECPARSEFFIALLOWLISTLINE,missing,missing,missing,missing,missing,missing,missing,missing,missing,missing,partial,missing,missing
builtin_functions,EXECPOLICYDENYCODE,missing,missing,missing,missing,missing,missing,missing,missing,missing,missing,partial,missing,missing
builtin_functions,EXECPOLICYDENYPHASE,missing,missing,missing,missing,missing,missing,missing,missing,missing,missing,partial,missing,missing
builtin_functions,EXECREADFIELDVALUE,missing,missing,missing,missing,missing,missing,diagnostic_only,missing,missing,missing,diagnostic_only,missing,missing
builtin_functions,EXECREGISTERDEFFNSTATEMENT,missing,missing,missing,missing,missing,missing,diagnostic_only,missing,missing,missing,diagnostic_only,missing,missing
builtin_functions,EXECREGISTERROUTINEDEF,missing,missing,missing,missing,missing,missing,missing,missing,missing,missing,diagnostic_only,missing,missing
builtin_functions,EXECRESOLVEFIELDACCESS,missing,missing,missing,missing,missing,missing,diagnostic_only,missing,missing,missing,diagnostic_only,missing,missing
builtin_functions,EXECRESOLVEFIELDPOLICY,missing,missing,missing,missing,missing,missing,diagnostic_only,missing,missing,missing,diagnostic_only,missing,missing
builtin_functions,EXECRESOLVEINSTANCEOFOBJECTCLASS,missing,missing,missing,missing,missing,missing,missing,missing,missing,missing,diagnostic_only,missing,missing
builtin_functions,EXECRESOLVEMAGICROUTINEINHIERARCHY,missing,missing,missing,missing,missing,missing,diagnostic_only,missing,missing,missing,diagnostic_only,missing,missing
builtin_functions,EXECRESOLVEMETHODROUTINEINDEX,missing,missing,missing,missing,missing,missing,missing,missing,missing,missing,diagnostic_only,missing,missing
builtin_functions,EXECRESOLVEMETHODROUTINEINHIERARCHY,missing,missing,missing,missing,missing,missing,missing,missing,missing,missing,diagnostic_only,missing,missing
builtin_functions,EXECRESOLVEOPERATORROUTINEINHIERARCHY,missing,missing,missing,missing,missing,missing,diagnostic_only,missing,missing,missing,diagnostic_only,missing,missing
builtin_functions,EXECRESOLVERUNTIMECLASSBYOBJECTADDR,missing,missing,missing,partial,missing,missing,missing,diagnostic_only,missing,missing,diagnostic_only,implemented,missing
builtin_functions,EXECRESOLVETHISMEIDENTADDR,missing,missing,missing,missing,missing,missing,diagnostic_only,missing,missing,missing,diagnostic_only,missing,missing
builtin_functions,EXECRESOLVETHISMEIDENTVALUE,missing,missing,missing,missing,missing,missing,diagnostic_only,missing,missing,missing,diagnostic_only,missing,missing
builtin_functions,EXECRESOLVEX86INTEROPTARGET,missing,missing,missing,missing,missing,missing,missing,missing,missing,missing,partial,missing,missing
builtin_functions,EXECROL32,missing,missing,missing,missing,missing,missing,diagnostic_only,missing,missing,missing,diagnostic_only,missing,missing
builtin_functions,EXECROR32,missing,missing,missing,missing,missing,missing,diagnostic_only,missing,missing,missing,diagnostic_only,missing,missing
builtin_functions,EXECROUTINEINDEXOF,missing,missing,missing,missing,missing,missing,diagnostic_only,missing,missing,missing,diagnostic_only,missing,missing
builtin_functions,EXECROUTINENODEHASRETURNTYPE,missing,missing,missing,missing,missing,missing,missing,missing,missing,missing,diagnostic_only,missing,missing
builtin_functions,EXECROUTINEPARAMCOUNT,missing,missing,missing,missing,missing,missing,missing,missing,missing,missing,diagnostic_only,missing,missing
builtin_functions,EXECRUNASSERTSTMT,missing,missing,missing,missing,missing,missing,missing,missing,missing,missing,partial,missing,missing
builtin_functions,EXECRUNASSIGNSTMT,missing,missing,missing,missing,missing,missing,missing,missing,missing,missing,diagnostic_only,missing,missing
builtin_functions,EXECRUNBLOCKCHILDREN,missing,missing,missing,missing,missing,missing,diagnostic_only,missing,missing,missing,diagnostic_only,missing,missing
builtin_functions,EXECRUNCLASSPROPERTYGETBODY,missing,missing,missing,missing,missing,missing,diagnostic_only,missing,missing,missing,diagnostic_only,missing,missing
builtin_functions,EXECRUNCLASSPROPERTYSETBODY,missing,missing,missing,missing,missing,missing,diagnostic_only,missing,missing,missing,diagnostic_only,missing,missing
builtin_functions,EXECRUNCLOSESTMT,missing,missing,missing,missing,missing,missing,missing,missing,missing,missing,partial,missing,missing
builtin_functions,EXECRUNCOLORSTMT,missing,missing,missing,missing,missing,missing,missing,missing,missing,missing,partial,missing,missing
builtin_functions,EXECRUNDECLDIRECTIVESTMT,missing,missing,missing,missing,missing,missing,diagnostic_only,missing,missing,missing,diagnostic_only,missing,missing
builtin_functions,EXECRUNDELETESTMT,missing,missing,missing,missing,missing,missing,missing,missing,missing,missing,diagnostic_only,missing,missing
builtin_functions,EXECRUNDOEACHSTMT,missing,missing,missing,missing,missing,missing,missing,missing,missing,missing,partial,missing,missing
builtin_functions,EXECRUNDOSTMT,missing,missing,missing,missing,missing,missing,missing,missing,missing,missing,partial,missing,missing
builtin_functions,EXECRUNFLOWSTMT,missing,missing,missing,missing,missing,missing,diagnostic_only,missing,missing,missing,partial,missing,missing
builtin_functions,EXECRUNFOREACHSTMT,missing,missing,missing,missing,missing,missing,missing,missing,missing,missing,partial,missing,missing
builtin_functions,EXECRUNFORSTMT,missing,missing,missing,missing,missing,missing,missing,missing,missing,missing,partial,missing,missing
builtin_functions,EXECRUNGETSTMT,missing,missing,missing,missing,missing,missing,missing,missing,missing,missing,partial,missing,missing
builtin_functions,EXECRUNIFSTMT,missing,missing,missing,missing,missing,missing,missing,missing,missing,missing,partial,missing,missing
builtin_functions,EXECRUNINCDECSTMT,missing,missing,missing,missing,missing,missing,missing,missing,missing,missing,diagnostic_only,missing,missing
builtin_functions,EXECRUNINPUTFILESTMT,missing,missing,missing,missing,missing,missing,missing,missing,missing,missing,partial,missing,missing
builtin_functions,EXECRUNINPUTSTMT,missing,missing,missing,missing,missing,missing,missing,missing,missing,missing,partial,missing,missing
builtin_functions,EXECRUNIOFILESTMT,missing,missing,missing,missing,missing,missing,diagnostic_only,missing,missing,missing,partial,missing,missing
builtin_functions,EXECRUNLOCATESTMT,missing,missing,missing,missing,missing,missing,missing,missing,missing,missing,partial,missing,missing
builtin_functions,EXECRUNMEMCOPYBSTMT,missing,missing,missing,missing,missing,missing,missing,missing,missing,missing,diagnostic_only,missing,missing
builtin_functions,EXECRUNMEMCOPYDSTMT,missing,missing,missing,missing,missing,missing,missing,missing,missing,missing,diagnostic_only,missing,missing
builtin_functions,EXECRUNMEMCOPYWSTMT,missing,missing,missing,missing,missing,missing,missing,missing,missing,missing,diagnostic_only,missing,missing
builtin_functions,EXECRUNMEMFILLBSTMT,missing,missing,missing,missing,missing,missing,missing,missing,missing,missing,diagnostic_only,missing,missing
builtin_functions,EXECRUNMEMFILLDSTMT,missing,missing,missing,missing,missing,missing,missing,missing,missing,missing,diagnostic_only,missing,missing
builtin_functions,EXECRUNMEMFILLWSTMT,missing,missing,missing,missing,missing,missing,missing,missing,missing,missing,diagnostic_only,missing,missing
builtin_functions,EXECRUNMEMORYCORESTMT,missing,missing,missing,missing,missing,missing,diagnostic_only,missing,missing,missing,diagnostic_only,missing,missing
builtin_functions,EXECRUNOPENSTMT,missing,missing,missing,missing,missing,missing,missing,missing,missing,missing,partial,missing,missing
builtin_functions,EXECRUNPOKEBSTMT,missing,missing,missing,missing,missing,missing,missing,missing,missing,missing,diagnostic_only,missing,missing
builtin_functions,EXECRUNPOKEDSTMT,missing,missing,missing,missing,missing,missing,missing,missing,missing,missing,diagnostic_only,missing,missing
builtin_functions,EXECRUNPOKESSTMT,missing,missing,missing,missing,missing,missing,missing,missing,missing,missing,diagnostic_only,missing,missing
builtin_functions,EXECRUNPOKEWSTMT,missing,missing,missing,missing,missing,missing,missing,missing,missing,missing,diagnostic_only,missing,missing
builtin_functions,EXECRUNPRINTSTMT,missing,missing,missing,missing,missing,missing,missing,missing,missing,missing,partial,missing,missing
builtin_functions,EXECRUNPROGRAMSCOPEDTORS,missing,missing,missing,missing,missing,missing,diagnostic_only,missing,missing,missing,diagnostic_only,missing,missing
builtin_functions,EXECRUNPUTSTMT,missing,missing,missing,missing,missing,missing,missing,missing,missing,missing,partial,missing,missing
builtin_functions,EXECRUNRANDOMIZESTMT,missing,missing,missing,missing,missing,missing,missing,missing,missing,missing,diagnostic_only,missing,missing
builtin_functions,EXECRUNSEEKSTMT,missing,missing,missing,missing,missing,missing,missing,missing,missing,missing,partial,missing,missing
builtin_functions,EXECRUNSELECTCASEBODY,missing,missing,missing,missing,missing,missing,missing,missing,missing,missing,partial,missing,missing
builtin_functions,EXECRUNSELECTELSEBODY,missing,missing,missing,missing,missing,missing,missing,missing,missing,missing,partial,missing,missing
builtin_functions,EXECRUNSELECTSTMT,missing,missing,missing,missing,missing,missing,missing,missing,missing,missing,partial,missing,missing
builtin_functions,EXECRUNSETNEWOFFSETSTMT,missing,missing,missing,missing,missing,missing,missing,missing,missing,missing,diagnostic_only,missing,missing
builtin_functions,EXECRUNSTMT,missing,missing,missing,missing,missing,missing,diagnostic_only,missing,missing,missing,implemented,diagnostic_only,missing
builtin_functions,EXECRUNTAILSTMT,missing,missing,missing,missing,missing,missing,diagnostic_only,missing,missing,missing,diagnostic_only,missing,missing
builtin_functions,EXECRUNTHROWSTMT,missing,missing,missing,missing,missing,missing,missing,missing,missing,missing,partial,missing,missing
builtin_functions,EXECRUNTRYPART,missing,missing,missing,missing,missing,missing,missing,missing,missing,missing,partial,missing,missing
builtin_functions,EXECRUNTRYSTMT,missing,missing,missing,missing,missing,missing,missing,missing,missing,missing,partial,missing,missing
builtin_functions,EXECSETADD,missing,missing,missing,missing,missing,missing,missing,missing,missing,missing,partial,missing,missing
builtin_functions,EXECSETARRAYELEMENT,missing,missing,missing,missing,missing,missing,diagnostic_only,missing,missing,missing,partial,missing,missing
builtin_functions,EXECSETCLEAR,missing,missing,missing,missing,missing,missing,missing,missing,missing,missing,partial,missing,missing
builtin_functions,EXECSETFIND,missing,missing,missing,missing,missing,missing,missing,missing,missing,missing,partial,missing,missing
builtin_functions,EXECSETHAS,missing,missing,missing,missing,missing,missing,missing,missing,missing,missing,partial,missing,missing
builtin_functions,EXECSETLEN,missing,missing,missing,missing,missing,missing,missing,missing,missing,missing,partial,missing,missing
builtin_functions,EXECSETREMOVE,missing,missing,missing,missing,missing,missing,missing,missing,missing,missing,partial,missing,missing
builtin_functions,EXECSLOTBLOCKKIND,missing,missing,missing,missing,missing,missing,missing,missing,missing,missing,partial,missing,missing
builtin_functions,EXECSLOTFIND,missing,missing,missing,missing,missing,missing,missing,missing,missing,missing,partial,missing,missing
builtin_functions,EXECSLOTNORMALIZEKIND,missing,missing,missing,missing,missing,missing,missing,missing,missing,missing,partial,missing,missing
builtin_functions,EXECSLOTREADHEADERID,missing,missing,missing,missing,missing,missing,missing,missing,missing,missing,partial,missing,missing
builtin_functions,EXECSLOTREGISTERBLOCK,missing,missing,missing,missing,missing,missing,missing,missing,missing,missing,partial,missing,missing
builtin_functions,EXECSLOTRUNBLOCKBODY,missing,missing,missing,missing,missing,missing,missing,missing,missing,missing,partial,missing,missing
builtin_functions,EXECSLOTRUNCONTROLSTMT,missing,missing,missing,missing,missing,missing,missing,missing,missing,missing,partial,missing,missing
builtin_functions,EXECSLOTRUNSTMT,missing,missing,missing,missing,missing,missing,diagnostic_only,missing,missing,missing,partial,missing,missing
builtin_functions,EXECSLOTTARGETINFO,missing,missing,missing,missing,missing,missing,missing,missing,missing,missing,partial,missing,missing
builtin_functions,EXECSLOTTRIGGER,missing,missing,missing,missing,missing,missing,missing,missing,missing,missing,partial,missing,missing
builtin_functions,EXECSLOTTRIGGERPIPEVALUE,missing,missing,missing,missing,missing,missing,diagnostic_only,missing,missing,missing,partial,missing,missing
builtin_functions,EXECSPLITMETHODCALLNAME,missing,missing,missing,missing,missing,missing,missing,missing,missing,missing,diagnostic_only,missing,missing
builtin_functions,EXECSTATICFIELDFINDINDEX,missing,missing,missing,missing,missing,missing,diagnostic_only,missing,missing,missing,diagnostic_only,missing,missing
builtin_functions,EXECSTATICFIELDREAD,missing,missing,missing,missing,missing,missing,diagnostic_only,missing,missing,missing,diagnostic_only,missing,missing
builtin_functions,EXECTIMERUNITSCALE,missing,missing,missing,missing,missing,missing,missing,missing,missing,missing,partial,missing,missing
builtin_functions,EXECTRYEVALCALLEXPRASTEXT,missing,missing,missing,missing,missing,missing,missing,missing,missing,missing,partial,missing,missing
builtin_functions,EXECTRYEVALDEFFNCALL,missing,missing,missing,missing,missing,missing,diagnostic_only,missing,missing,missing,diagnostic_only,missing,missing
builtin_functions,EXECTRYEVALOVERLOADEDBINARY,missing,missing,missing,missing,missing,missing,diagnostic_only,missing,missing,missing,diagnostic_only,missing,missing
builtin_functions,EXECTRYEXTRACTDEFFNDECLARATION,missing,missing,missing,missing,missing,missing,diagnostic_only,missing,missing,missing,diagnostic_only,missing,missing
builtin_functions,EXECTRYINVOKEDIRECTX86I32,missing,missing,missing,missing,missing,missing,missing,missing,missing,missing,partial,missing,missing
builtin_functions,EXECTRYINVOKEMAGICFIELDGET,missing,missing,missing,missing,missing,missing,diagnostic_only,missing,missing,missing,diagnostic_only,missing,missing
builtin_functions,EXECTRYINVOKEMAGICFIELDSET,missing,missing,missing,missing,missing,missing,diagnostic_only,missing,missing,missing,diagnostic_only,missing,missing
builtin_functions,EXECTRYINVOKERESOLVEDX64I32,missing,missing,missing,missing,missing,missing,missing,missing,missing,missing,partial,missing,missing
builtin_functions,EXECTRYINVOKERESOLVEDX64MIXED,missing,missing,missing,missing,missing,missing,missing,missing,missing,missing,partial,missing,missing
builtin_functions,EXECTRYINVOKERESOLVEDX86I32,missing,missing,missing,missing,missing,missing,missing,missing,missing,missing,partial,missing,missing
builtin_functions,EXECTRYPARSEALIASDLLTARGET,missing,missing,missing,missing,missing,missing,diagnostic_only,missing,missing,missing,partial,missing,missing
builtin_functions,EXECTRYREADDLLARGTYPELIST,missing,missing,missing,missing,missing,missing,missing,missing,missing,missing,partial,missing,missing
builtin_functions,EXECTRYRESOLVEALIASDLLTARGET,missing,missing,missing,missing,missing,missing,diagnostic_only,missing,missing,missing,diagnostic_only,missing,missing
builtin_functions,EXECTRYRESOLVEARRAYACCESS,missing,missing,missing,missing,missing,missing,diagnostic_only,missing,missing,missing,partial,missing,missing
builtin_functions,EXECTRYRESOLVEBINARYRECEIVER,missing,missing,missing,missing,missing,missing,diagnostic_only,missing,missing,missing,diagnostic_only,missing,missing
builtin_functions,EXECTRYRESOLVEMAGICFIELDRECEIVER,missing,missing,missing,missing,missing,missing,diagnostic_only,missing,missing,missing,diagnostic_only,missing,missing
builtin_functions,EXECTRYRESOLVERUNTIMECLASSBYOBJECTADDR,missing,missing,missing,missing,missing,missing,diagnostic_only,missing,missing,missing,diagnostic_only,missing,missing
builtin_functions,EXECTYPEELEMSIZEBYTES,missing,missing,missing,missing,missing,missing,diagnostic_only,missing,missing,missing,diagnostic_only,missing,missing
builtin_functions,EXECVALIDATECLASSCTORSIGNATURE,missing,missing,missing,missing,missing,missing,missing,missing,missing,missing,diagnostic_only,diagnostic_only,missing
builtin_functions,EXECVALIDATECLASSDTORSIGNATURE,missing,missing,missing,missing,missing,missing,missing,missing,missing,missing,diagnostic_only,missing,missing
builtin_functions,EXECVALIDATEDLLMARSHALARG,missing,missing,missing,missing,missing,missing,missing,missing,missing,missing,partial,missing,missing
builtin_functions,EXECVALUETOFLOAT,missing,missing,missing,missing,missing,missing,diagnostic_only,missing,missing,missing,partial,missing,missing
builtin_functions,EXECVALUETOINTEGER,missing,missing,missing,missing,missing,missing,diagnostic_only,missing,missing,missing,implemented,missing,missing
builtin_functions,EXECVALUETOSTRING,missing,missing,missing,missing,missing,missing,diagnostic_only,missing,missing,missing,implemented,missing,missing
builtin_functions,EXECWRITEFIELDVALUE,missing,missing,missing,missing,missing,missing,diagnostic_only,missing,missing,missing,diagnostic_only,missing,missing
builtin_functions,EXECX64DISPATCHMIXEDINVOKE,missing,missing,missing,missing,missing,missing,missing,missing,missing,missing,partial,missing,missing
builtin_functions,EXECX64EVALARGS,missing,missing,missing,missing,missing,missing,missing,missing,missing,missing,partial,missing,missing
builtin_functions,EXIT_STMT,missing,implemented,partial,diagnostic_only,missing,diagnostic_only,diagnostic_only,missing,diagnostic_only,missing,diagnostic_only,diagnostic_only,missing
builtin_functions,EXP,partial,implemented,missing,partial,missing,diagnostic_only,diagnostic_only,missing,diagnostic_only,missing,diagnostic_only,implemented,missing
builtin_functions,EXPR_STMT,missing,implemented,partial,diagnostic_only,missing,missing,diagnostic_only,missing,missing,missing,diagnostic_only,missing,missing
builtin_functions,F128,partial,implemented,missing,implemented,missing,missing,missing,missing,diagnostic_only,missing,diagnostic_only,implemented,implemented
builtin_functions,F32,partial,implemented,missing,implemented,missing,diagnostic_only,diagnostic_only,missing,diagnostic_only,missing,diagnostic_only,implemented,partial
builtin_functions,F64,partial,implemented,missing,implemented,missing,diagnostic_only,diagnostic_only,diagnostic_only,diagnostic_only,missing,partial,implemented,partial
builtin_functions,F80,partial,implemented,missing,partial,missing,diagnostic_only,diagnostic_only,missing,diagnostic_only,missing,implemented,implemented,implemented
builtin_functions,FADD,missing,missing,missing,implemented,missing,partial,missing,missing,missing,diagnostic_only,missing,missing,diagnostic_only
builtin_functions,FDIV,missing,missing,missing,implemented,missing,partial,missing,missing,missing,diagnostic_only,missing,missing,diagnostic_only
builtin_functions,FFICALLCHILDAT,missing,missing,missing,missing,missing,missing,missing,missing,missing,missing,missing,missing,missing
builtin_functions,FFICALLCHILDCOUNT,missing,missing,missing,missing,missing,missing,missing,missing,missing,missing,missing,missing,missing
builtin_functions,FFICALLCOLLECTENTRIES,missing,missing,missing,missing,missing,missing,missing,missing,missing,missing,missing,missing,missing
builtin_functions,FFICALLCOLLECTNODE,missing,missing,missing,missing,missing,missing,missing,missing,missing,missing,missing,missing,missing
builtin_functions,FFICALLCSTRINGESCAPE,missing,missing,missing,missing,missing,missing,missing,missing,missing,missing,missing,missing,missing
builtin_functions,FFICALLISDLLCONVENTION,missing,missing,missing,missing,missing,missing,missing,missing,missing,missing,missing,missing,missing
builtin_functions,FFICALLNASMSTUBTEXT,missing,missing,missing,missing,missing,missing,missing,missing,missing,missing,missing,missing,missing
builtin_functions,FFICALLPLANCSV,missing,missing,missing,missing,missing,missing,missing,missing,missing,missing,missing,missing,missing
builtin_functions,FFICALLREADDLLENTRY,missing,missing,missing,missing,missing,missing,missing,missing,missing,missing,missing,missing,missing
builtin_functions,FFICALLRESOLVERCSV,missing,missing,missing,missing,missing,missing,missing,missing,missing,missing,missing,missing,missing
builtin_functions,FFICALLRESOLVERCTEXT,missing,missing,missing,missing,missing,missing,missing,missing,missing,missing,missing,missing,missing
builtin_functions,FFIESCAPEPOWERSHELLLITERAL,missing,missing,missing,missing,missing,missing,missing,missing,missing,missing,partial,missing,missing
builtin_functions,FFIEXTRACTHASHFROMDLLPATH,missing,missing,missing,missing,missing,missing,missing,missing,missing,missing,partial,missing,missing
builtin_functions,FFIEXTRACTSIGNERFROMDLLPATH,missing,missing,missing,missing,missing,missing,missing,missing,missing,missing,partial,missing,missing
builtin_functions,FFIREADFIRSTNONEMPTYLINE,missing,missing,missing,missing,missing,missing,missing,missing,missing,missing,partial,missing,missing
builtin_functions,FFIRESOLVEDLLPATH,missing,missing,missing,missing,missing,missing,missing,missing,missing,missing,partial,missing,missing
builtin_functions,FFIRUNPOWERSHELLCAPTURE,missing,missing,missing,missing,missing,missing,missing,missing,missing,missing,partial,missing,missing
builtin_functions,FFIWRITETEXTFILE,missing,missing,missing,missing,missing,missing,missing,missing,missing,missing,missing,missing,missing
builtin_functions,FFIX86CALLCHILDAT,missing,missing,missing,missing,missing,missing,missing,missing,missing,missing,missing,missing,missing
builtin_functions,FFIX86CALLCHILDCOUNT,missing,missing,missing,missing,missing,missing,missing,missing,missing,missing,missing,missing,missing
builtin_functions,FFIX86CALLCOLLECTENTRIES,missing,missing,missing,missing,missing,missing,missing,missing,missing,missing,missing,missing,missing
builtin_functions,FFIX86CALLCOLLECTNODE,missing,missing,missing,missing,missing,missing,missing,missing,missing,missing,missing,missing,missing
builtin_functions,FFIX86CALLISDLLCONVENTION,missing,missing,missing,missing,missing,missing,missing,missing,missing,missing,missing,missing,missing
builtin_functions,FFIX86CALLPLANCSV,missing,missing,missing,missing,missing,missing,missing,missing,missing,missing,missing,missing,missing
builtin_functions,FFIX86CALLREADDLLENTRY,missing,missing,missing,missing,missing,missing,missing,missing,missing,missing,missing,missing,missing
builtin_functions,FFIX86CLEANUPTYPE,missing,missing,missing,missing,missing,missing,missing,missing,missing,missing,missing,missing,missing
builtin_functions,FFIX86NASMSTUBTEXT,missing,missing,missing,missing,missing,missing,missing,missing,missing,missing,missing,missing,missing
builtin_functions,FFIX86RESOLVERCSV,missing,missing,missing,missing,missing,missing,missing,missing,missing,missing,missing,missing,missing
builtin_functions,FFIX86WRITETEXTFILE,missing,missing,missing,missing,missing,missing,missing,missing,missing,missing,missing,missing,missing
builtin_functions,FIELD_EXPR,missing,implemented,partial,diagnostic_only,missing,diagnostic_only,diagnostic_only,diagnostic_only,diagnostic_only,missing,diagnostic_only,missing,missing
builtin_functions,FINAL,partial,implemented,missing,partial,missing,missing,missing,missing,missing,missing,partial,implemented,missing
builtin_functions,FIX,partial,implemented,missing,partial,missing,missing,diagnostic_only,missing,diagnostic_only,diagnostic_only,diagnostic_only,partial,diagnostic_only
builtin_functions,FLOAT,missing,missing,missing,implemented,missing,partial,diagnostic_only,diagnostic_only,diagnostic_only,missing,implemented,implemented,partial
builtin_functions,FMUL,missing,missing,missing,implemented,missing,partial,missing,missing,missing,diagnostic_only,missing,missing,diagnostic_only
builtin_functions,FOR,implemented,implemented,implemented,implemented,partial,partial,diagnostic_only,diagnostic_only,diagnostic_only,diagnostic_only,implemented,implemented,diagnostic_only
builtin_functions,FOR_EACH_STMT,missing,implemented,partial,diagnostic_only,missing,missing,missing,missing,diagnostic_only,missing,partial,missing,missing
builtin_functions,FOR_STMT,missing,implemented,partial,diagnostic_only,missing,diagnostic_only,missing,missing,diagnostic_only,missing,partial,diagnostic_only,missing
builtin_functions,FSUB,missing,missing,missing,implemented,missing,partial,missing,missing,missing,diagnostic_only,missing,missing,diagnostic_only
builtin_functions,FUNCTION,implemented,implemented,implemented,implemented,partial,partial,diagnostic_only,diagnostic_only,diagnostic_only,diagnostic_only,implemented,implemented,diagnostic_only
builtin_functions,FUNCTION_STMT,missing,implemented,partial,implemented,partial,diagnostic_only,diagnostic_only,missing,diagnostic_only,missing,diagnostic_only,partial,missing
builtin_functions,GE,missing,diagnostic_only,missing,implemented,missing,partial,diagnostic_only,missing,missing,diagnostic_only,diagnostic_only,missing,diagnostic_only
builtin_functions,GENERATECALL,missing,missing,missing,missing,missing,missing,missing,missing,diagnostic_only,missing,missing,missing,missing
builtin_functions,GENERATEEXPRESSION,missing,missing,missing,missing,missing,missing,missing,missing,diagnostic_only,missing,missing,missing,missing
builtin_functions,GENERATEFOR,missing,missing,missing,missing,missing,missing,missing,missing,diagnostic_only,missing,missing,missing,missing
builtin_functions,GENERATEIF,missing,missing,missing,missing,missing,missing,missing,missing,diagnostic_only,missing,missing,missing,missing
builtin_functions,GENERATELOCALDIM,missing,missing,missing,missing,missing,missing,missing,missing,diagnostic_only,missing,missing,missing,missing
builtin_functions,GENERATEPRINT,missing,missing,missing,missing,missing,missing,missing,missing,diagnostic_only,missing,missing,missing,missing
builtin_functions,GENERATEROUTINE,missing,missing,missing,missing,missing,missing,missing,missing,diagnostic_only,missing,missing,missing,missing
builtin_functions,GENERATESTATEMENT,missing,missing,missing,missing,missing,missing,missing,missing,diagnostic_only,missing,missing,missing,missing
builtin_functions,GENERATEX64CODE,missing,missing,missing,missing,missing,missing,missing,missing,diagnostic_only,missing,missing,missing,missing
builtin_functions,GETKEY,partial,implemented,missing,partial,missing,missing,diagnostic_only,missing,diagnostic_only,diagnostic_only,diagnostic_only,diagnostic_only,diagnostic_only
builtin_functions,GETPROCADDRESS,missing,missing,missing,partial,missing,partial,missing,diagnostic_only,missing,missing,partial,implemented,missing
builtin_functions,GET_STMT,missing,implemented,partial,diagnostic_only,missing,diagnostic_only,missing,missing,diagnostic_only,missing,partial,diagnostic_only,missing
builtin_functions,GOSUB_STMT,missing,implemented,partial,missing,missing,missing,diagnostic_only,missing,diagnostic_only,missing,diagnostic_only,diagnostic_only,missing
builtin_functions,GOTO_STMT,missing,implemented,partial,missing,missing,missing,diagnostic_only,missing,diagnostic_only,missing,diagnostic_only,diagnostic_only,missing
builtin_functions,GT,missing,diagnostic_only,missing,implemented,missing,partial,diagnostic_only,missing,missing,diagnostic_only,diagnostic_only,partial,diagnostic_only
builtin_functions,GX64ROUTINERETURNTYPES,missing,missing,missing,missing,missing,missing,missing,missing,diagnostic_only,missing,missing,missing,missing
builtin_functions,I16,partial,implemented,missing,implemented,missing,missing,diagnostic_only,missing,diagnostic_only,missing,diagnostic_only,implemented,missing
builtin_functions,I32,partial,implemented,missing,implemented,missing,diagnostic_only,missing,diagnostic_only,diagnostic_only,missing,partial,implemented,missing
builtin_functions,I64,partial,implemented,missing,implemented,missing,missing,missing,missing,diagnostic_only,missing,diagnostic_only,implemented,missing
builtin_functions,I8,partial,implemented,missing,implemented,missing,missing,diagnostic_only,missing,diagnostic_only,missing,diagnostic_only,implemented,missing
builtin_functions,IDENT,partial,implemented,partial,partial,partial,diagnostic_only,diagnostic_only,diagnostic_only,diagnostic_only,missing,implemented,implemented,missing
builtin_functions,IF,implemented,implemented,implemented,implemented,partial,partial,diagnostic_only,diagnostic_only,diagnostic_only,diagnostic_only,implemented,implemented,diagnostic_only
builtin_functions,IF_STMT,missing,implemented,partial,implemented,missing,diagnostic_only,missing,missing,diagnostic_only,missing,partial,diagnostic_only,missing
builtin_functions,IMPORT,partial,implemented,missing,partial,missing,missing,missing,missing,missing,diagnostic_only,partial,implemented,diagnostic_only
builtin_functions,INCDEC_EXPR,missing,implemented,partial,diagnostic_only,missing,diagnostic_only,diagnostic_only,missing,missing,missing,diagnostic_only,missing,missing
builtin_functions,INCDEC_STMT,missing,implemented,missing,diagnostic_only,missing,diagnostic_only,missing,missing,diagnostic_only,missing,diagnostic_only,diagnostic_only,missing
builtin_functions,INCLUDE_STMT,missing,implemented,partial,missing,missing,missing,diagnostic_only,missing,missing,missing,diagnostic_only,diagnostic_only,missing
builtin_functions,INDEX,missing,implemented,implemented,implemented,missing,partial,diagnostic_only,missing,diagnostic_only,diagnostic_only,implemented,implemented,missing
builtin_functions,INDEX_EXPR,missing,partial,partial,missing,missing,missing,missing,missing,missing,missing,missing,missing,missing
builtin_functions,INKEY,partial,implemented,missing,partial,missing,missing,diagnostic_only,missing,diagnostic_only,diagnostic_only,diagnostic_only,diagnostic_only,diagnostic_only
builtin_functions,INLINECOLLECTX64BLOCKS,missing,missing,missing,missing,missing,missing,missing,missing,missing,missing,missing,missing,missing
builtin_functions,INLINECONTAINSWORD,missing,missing,missing,missing,missing,missing,missing,missing,missing,missing,missing,missing,missing
builtin_functions,INLINEISKW,missing,missing,missing,missing,missing,missing,missing,missing,missing,missing,missing,missing,missing
builtin_functions,INLINEISOP,missing,missing,missing,missing,missing,missing,missing,missing,missing,missing,missing,missing,missing
builtin_functions,INLINEPARSEBODY,missing,missing,missing,missing,missing,missing,missing,missing,missing,missing,missing,missing,missing
builtin_functions,INLINEPARSEHEADER,missing,missing,missing,missing,missing,missing,missing,missing,missing,missing,missing,missing,missing
builtin_functions,INLINEREADHEADERARG,missing,missing,missing,missing,missing,missing,missing,missing,missing,missing,missing,missing,missing
builtin_functions,INLINEVALIDATEBLOCK,missing,missing,missing,missing,missing,missing,missing,missing,missing,missing,missing,missing,missing
builtin_functions,INPUT,implemented,implemented,missing,implemented,missing,diagnostic_only,missing,diagnostic_only,diagnostic_only,diagnostic_only,implemented,implemented,diagnostic_only
builtin_functions,INPUT_FILE_STMT,missing,implemented,missing,partial,missing,diagnostic_only,missing,missing,diagnostic_only,missing,partial,diagnostic_only,missing
builtin_functions,INPUT_STMT,missing,implemented,partial,partial,missing,diagnostic_only,missing,missing,diagnostic_only,missing,partial,partial,missing
builtin_functions,INSTANCEOF,missing,missing,missing,missing,missing,missing,diagnostic_only,missing,diagnostic_only,missing,diagnostic_only,implemented,missing
builtin_functions,INT,partial,implemented,missing,partial,missing,diagnostic_only,diagnostic_only,missing,diagnostic_only,diagnostic_only,partial,implemented,diagnostic_only
builtin_functions,INTEGER,implemented,implemented,implemented,implemented,partial,partial,diagnostic_only,diagnostic_only,diagnostic_only,diagnostic_only,implemented,implemented,partial
builtin_functions,JMP,missing,missing,missing,implemented,missing,partial,missing,missing,diagnostic_only,diagnostic_only,missing,implemented,diagnostic_only
builtin_functions,JZ,missing,missing,missing,implemented,missing,partial,missing,missing,diagnostic_only,diagnostic_only,missing,partial,diagnostic_only
builtin_functions,KEYWORD_REF,missing,implemented,missing,partial,missing,diagnostic_only,diagnostic_only,diagnostic_only,diagnostic_only,missing,implemented,implemented,missing
builtin_functions,LABEL,missing,partial,missing,partial,missing,partial,missing,missing,diagnostic_only,diagnostic_only,diagnostic_only,implemented,diagnostic_only
builtin_functions,LABEL_STMT,missing,implemented,partial,missing,missing,missing,diagnostic_only,missing,diagnostic_only,missing,diagnostic_only,missing,missing
builtin_functions,LCASE,partial,implemented,missing,partial,missing,missing,missing,missing,diagnostic_only,missing,implemented,implemented,missing
builtin_functions,LE,missing,diagnostic_only,missing,implemented,missing,partial,diagnostic_only,missing,missing,diagnostic_only,diagnostic_only,missing,diagnostic_only
builtin_functions,LEN,implemented,implemented,implemented,implemented,partial,diagnostic_only,diagnostic_only,diagnostic_only,diagnostic_only,diagnostic_only,implemented,implemented,diagnostic_only
builtin_functions,LISTADD,missing,missing,missing,partial,missing,missing,diagnostic_only,missing,missing,missing,diagnostic_only,implemented,missing
builtin_functions,LISTCLEAR,missing,missing,missing,partial,missing,missing,diagnostic_only,missing,missing,missing,diagnostic_only,missing,missing
builtin_functions,LISTGET,missing,missing,missing,partial,missing,missing,diagnostic_only,missing,missing,missing,diagnostic_only,implemented,missing
builtin_functions,LISTLEN,missing,missing,missing,partial,missing,missing,diagnostic_only,missing,missing,missing,diagnostic_only,implemented,missing
builtin_functions,LISTREMOVE,missing,missing,missing,partial,missing,missing,diagnostic_only,missing,missing,missing,diagnostic_only,missing,missing
builtin_functions,LISTSET,missing,missing,missing,partial,missing,missing,diagnostic_only,missing,missing,missing,diagnostic_only,missing,missing
builtin_functions,LNOT,missing,partial,missing,partial,missing,diagnostic_only,diagnostic_only,missing,missing,missing,diagnostic_only,missing,missing
builtin_functions,LOADLIBRARYA,missing,missing,missing,partial,missing,partial,missing,missing,missing,missing,partial,implemented,missing
builtin_functions,LOAD_ADDR,missing,missing,missing,missing,missing,missing,missing,missing,missing,diagnostic_only,missing,missing,missing
builtin_functions,LOAD_CONST,missing,missing,missing,implemented,missing,partial,diagnostic_only,diagnostic_only,missing,diagnostic_only,diagnostic_only,missing,diagnostic_only
builtin_functions,LOAD_FIELD,missing,missing,missing,missing,missing,missing,missing,missing,missing,diagnostic_only,missing,missing,missing
builtin_functions,LOAD_INDEXED,missing,missing,missing,implemented,missing,partial,missing,diagnostic_only,missing,diagnostic_only,missing,missing,diagnostic_only
builtin_functions,LOAD_VAR,missing,missing,missing,implemented,missing,partial,diagnostic_only,diagnostic_only,missing,diagnostic_only,diagnostic_only,missing,diagnostic_only
builtin_functions,LOCATE,partial,implemented,missing,partial,missing,diagnostic_only,missing,missing,missing,diagnostic_only,implemented,implemented,diagnostic_only
builtin_functions,LOCATE_STMT,missing,partial,missing,diagnostic_only,missing,diagnostic_only,missing,missing,diagnostic_only,missing,partial,diagnostic_only,missing
builtin_functions,LOF,partial,implemented,missing,missing,missing,missing,diagnostic_only,missing,diagnostic_only,missing,diagnostic_only,partial,missing
builtin_functions,LOG,partial,implemented,missing,partial,missing,diagnostic_only,diagnostic_only,missing,diagnostic_only,missing,partial,implemented,diagnostic_only
builtin_functions,LPTR,partial,implemented,missing,missing,missing,missing,diagnostic_only,missing,missing,missing,diagnostic_only,implemented,missing
builtin_functions,LT,missing,diagnostic_only,missing,implemented,missing,partial,diagnostic_only,missing,missing,diagnostic_only,diagnostic_only,missing,diagnostic_only
builtin_functions,LTRIM,implemented,implemented,implemented,implemented,missing,diagnostic_only,diagnostic_only,diagnostic_only,diagnostic_only,missing,implemented,implemented,missing
builtin_functions,MEMCOPYB_STMT,missing,partial,missing,diagnostic_only,missing,diagnostic_only,missing,missing,diagnostic_only,missing,diagnostic_only,diagnostic_only,missing
builtin_functions,MEMCOPYD_STMT,missing,partial,missing,diagnostic_only,missing,diagnostic_only,missing,missing,diagnostic_only,missing,diagnostic_only,diagnostic_only,missing
builtin_functions,MEMCOPYW_STMT,missing,partial,missing,diagnostic_only,missing,diagnostic_only,missing,missing,diagnostic_only,missing,diagnostic_only,diagnostic_only,missing
builtin_functions,MEMFILLB_STMT,missing,partial,missing,diagnostic_only,missing,diagnostic_only,missing,missing,diagnostic_only,missing,diagnostic_only,diagnostic_only,missing
builtin_functions,MEMFILLD_STMT,missing,partial,missing,diagnostic_only,missing,diagnostic_only,missing,missing,diagnostic_only,missing,diagnostic_only,diagnostic_only,missing
builtin_functions,MEMFILLW_STMT,missing,partial,missing,diagnostic_only,missing,diagnostic_only,missing,missing,diagnostic_only,missing,diagnostic_only,diagnostic_only,missing
builtin_functions,METHOD_DECL,missing,missing,missing,missing,missing,missing,missing,missing,missing,diagnostic_only,missing,missing,missing
builtin_functions,MID,implemented,implemented,implemented,implemented,partial,diagnostic_only,diagnostic_only,diagnostic_only,diagnostic_only,missing,implemented,implemented,missing
builtin_functions,MIN,missing,partial,missing,diagnostic_only,missing,missing,missing,diagnostic_only,missing,missing,implemented,partial,missing
builtin_functions,MIREXECUTE,missing,missing,missing,missing,missing,missing,diagnostic_only,missing,missing,missing,diagnostic_only,missing,missing
builtin_functions,MIRGENERATEFROMAST,missing,missing,missing,missing,missing,missing,diagnostic_only,missing,missing,missing,diagnostic_only,missing,missing
builtin_functions,MIRX64ALIGN16,missing,missing,missing,missing,missing,missing,missing,missing,missing,diagnostic_only,missing,missing,missing
builtin_functions,MIRX64ARRAYLABEL,missing,missing,missing,missing,missing,missing,missing,missing,missing,missing,missing,missing,missing
builtin_functions,MIRX64COLLECTLOCALS,missing,missing,missing,missing,missing,missing,missing,missing,missing,diagnostic_only,missing,missing,missing
builtin_functions,MIRX64CONDITIONCODE,missing,missing,missing,missing,missing,missing,missing,missing,missing,diagnostic_only,missing,missing,missing
builtin_functions,MIRX64EMITBUILTINONEARGRESULT,missing,missing,missing,missing,missing,missing,missing,missing,missing,missing,missing,missing,missing
builtin_functions,MIRX64EMITCALLINSTRUCTION,missing,missing,missing,missing,missing,missing,missing,missing,missing,diagnostic_only,missing,missing,missing
builtin_functions,MIRX64EMITFUNCTION,missing,missing,missing,missing,missing,missing,missing,missing,missing,diagnostic_only,missing,missing,missing
builtin_functions,MIRX64EMITINPUTCALL,missing,missing,missing,missing,missing,missing,missing,missing,missing,diagnostic_only,missing,missing,missing
builtin_functions,MIRX64EMITINSTRUCTION,missing,missing,missing,missing,missing,missing,missing,missing,missing,diagnostic_only,missing,missing,missing
builtin_functions,MIRX64EMITPRINTVALUE,missing,missing,missing,missing,missing,missing,missing,missing,missing,diagnostic_only,missing,missing,missing
builtin_functions,MIRX64EMITTERAVAILABLE,missing,missing,missing,missing,missing,missing,missing,missing,missing,diagnostic_only,missing,missing,missing
builtin_functions,MIRX64FIELDKEY,missing,missing,missing,missing,missing,missing,missing,missing,missing,missing,missing,missing,missing
builtin_functions,MIRX64ISFLOATLITERAL,missing,missing,missing,missing,missing,missing,missing,missing,missing,missing,missing,missing,missing
builtin_functions,MIRX64KEYWORDCOUNTERPARTSTATUS,missing,missing,missing,missing,missing,missing,missing,missing,missing,missing,missing,missing,missing
builtin_functions,MIRX64SELECTENTRYFUNCTIONINDEX,missing,missing,missing,missing,missing,missing,missing,missing,missing,diagnostic_only,missing,missing,missing
builtin_functions,MIRX64TRACKDIMSTORAGE,missing,missing,missing,missing,missing,missing,missing,missing,missing,diagnostic_only,missing,missing,missing
builtin_functions,MIRX64TRACKLOCALIFNEEDED,missing,missing,missing,missing,missing,missing,missing,missing,missing,diagnostic_only,missing,missing,missing
builtin_functions,MIRX64UPPER,missing,missing,missing,missing,missing,missing,missing,missing,missing,missing,missing,missing,missing
builtin_functions,MOD,partial,implemented,missing,implemented,missing,partial,diagnostic_only,missing,diagnostic_only,diagnostic_only,partial,implemented,diagnostic_only
builtin_functions,MOVE,missing,missing,missing,missing,missing,missing,missing,missing,missing,diagnostic_only,missing,missing,missing
builtin_functions,MS,missing,partial,missing,diagnostic_only,missing,missing,missing,diagnostic_only,missing,missing,implemented,implemented,missing
builtin_functions,MUL,missing,diagnostic_only,missing,implemented,missing,partial,diagnostic_only,missing,diagnostic_only,diagnostic_only,diagnostic_only,partial,diagnostic_only
builtin_functions,MUTABLE,partial,implemented,missing,missing,missing,missing,missing,missing,missing,missing,missing,implemented,missing
builtin_functions,NAMESPACE_STMT,missing,implemented,partial,partial,partial,missing,diagnostic_only,missing,missing,missing,diagnostic_only,partial,missing
builtin_functions,NE,missing,diagnostic_only,missing,implemented,missing,partial,diagnostic_only,missing,missing,diagnostic_only,diagnostic_only,partial,diagnostic_only
builtin_functions,NEG,missing,missing,missing,implemented,missing,partial,diagnostic_only,diagnostic_only,missing,diagnostic_only,diagnostic_only,implemented,diagnostic_only
builtin_functions,NEW,partial,implemented,missing,implemented,missing,partial,diagnostic_only,diagnostic_only,missing,diagnostic_only,diagnostic_only,implemented,diagnostic_only
builtin_functions,NEW_EXPR,missing,implemented,partial,partial,missing,diagnostic_only,diagnostic_only,missing,missing,missing,diagnostic_only,missing,missing
builtin_functions,NEXT_STMT,missing,missing,missing,missing,missing,missing,missing,missing,missing,missing,missing,missing,missing
builtin_functions,NOP,missing,missing,missing,missing,missing,missing,missing,missing,missing,diagnostic_only,missing,partial,missing
builtin_functions,NOT,implemented,implemented,partial,implemented,missing,partial,diagnostic_only,diagnostic_only,diagnostic_only,diagnostic_only,implemented,implemented,diagnostic_only
builtin_functions,NS,missing,partial,missing,diagnostic_only,missing,missing,missing,diagnostic_only,missing,missing,implemented,missing,missing
builtin_functions,NUMBER,partial,implemented,partial,implemented,missing,diagnostic_only,diagnostic_only,diagnostic_only,diagnostic_only,missing,diagnostic_only,implemented,missing
builtin_functions,OFF,implemented,implemented,missing,implemented,missing,missing,missing,missing,diagnostic_only,diagnostic_only,implemented,implemented,missing
builtin_functions,OFFSETOF,partial,implemented,missing,implemented,missing,diagnostic_only,diagnostic_only,missing,diagnostic_only,missing,diagnostic_only,implemented,missing
builtin_functions,ON,implemented,implemented,partial,implemented,missing,diagnostic_only,diagnostic_only,missing,diagnostic_only,missing,implemented,implemented,diagnostic_only
builtin_functions,OPEN_STMT,missing,implemented,partial,diagnostic_only,missing,diagnostic_only,missing,missing,diagnostic_only,missing,partial,diagnostic_only,missing
builtin_functions,OR,implemented,implemented,implemented,implemented,partial,partial,diagnostic_only,diagnostic_only,diagnostic_only,diagnostic_only,implemented,implemented,diagnostic_only
builtin_functions,OUTPUT,missing,implemented,implemented,implemented,partial,diagnostic_only,missing,diagnostic_only,diagnostic_only,diagnostic_only,implemented,implemented,partial
builtin_functions,PARALEL,partial,implemented,missing,implemented,missing,missing,missing,diagnostic_only,missing,missing,partial,implemented,missing
builtin_functions,PARALEL_STMT,missing,implemented,partial,implemented,partial,missing,missing,missing,diagnostic_only,missing,partial,missing,missing
builtin_functions,PARAM_DECL,missing,implemented,partial,implemented,partial,diagnostic_only,diagnostic_only,missing,diagnostic_only,missing,diagnostic_only,partial,missing
builtin_functions,PAREN_EXPR,missing,missing,missing,missing,missing,missing,diagnostic_only,missing,missing,missing,diagnostic_only,missing,missing
builtin_functions,PEEKB,partial,implemented,missing,implemented,missing,missing,diagnostic_only,missing,diagnostic_only,missing,diagnostic_only,implemented,missing
builtin_functions,PEEKD,partial,implemented,missing,implemented,missing,missing,diagnostic_only,missing,diagnostic_only,missing,diagnostic_only,implemented,missing
builtin_functions,PEEKW,partial,implemented,missing,implemented,missing,missing,diagnostic_only,missing,diagnostic_only,missing,diagnostic_only,implemented,missing
builtin_functions,PIPE,partial,implemented,missing,implemented,missing,diagnostic_only,diagnostic_only,diagnostic_only,diagnostic_only,diagnostic_only,partial,implemented,missing
builtin_functions,PIPE_STMT,missing,implemented,partial,implemented,partial,missing,missing,missing,diagnostic_only,missing,partial,missing,missing
builtin_functions,POKEB_STMT,missing,partial,missing,partial,missing,diagnostic_only,missing,missing,diagnostic_only,missing,diagnostic_only,diagnostic_only,missing
builtin_functions,POKED_STMT,missing,partial,missing,partial,missing,diagnostic_only,missing,missing,diagnostic_only,missing,diagnostic_only,diagnostic_only,missing
builtin_functions,POKES_STMT,missing,implemented,missing,diagnostic_only,missing,diagnostic_only,missing,missing,diagnostic_only,missing,diagnostic_only,diagnostic_only,missing
builtin_functions,POKEW,partial,implemented,missing,implemented,missing,missing,missing,missing,diagnostic_only,missing,diagnostic_only,implemented,missing
builtin_functions,POKEW_STMT,missing,partial,missing,partial,missing,diagnostic_only,missing,missing,diagnostic_only,missing,diagnostic_only,diagnostic_only,missing
builtin_functions,PRINT,partial,implemented,implemented,implemented,partial,diagnostic_only,missing,missing,diagnostic_only,diagnostic_only,implemented,implemented,partial
builtin_functions,PRINTLN,missing,missing,missing,partial,missing,diagnostic_only,missing,missing,missing,diagnostic_only,partial,missing,diagnostic_only
builtin_functions,PRINT_SEP_COMMA,missing,missing,missing,partial,missing,diagnostic_only,missing,missing,missing,diagnostic_only,missing,missing,missing
builtin_functions,PRINT_SEP_SEMICOLON,missing,missing,missing,missing,missing,missing,missing,missing,missing,diagnostic_only,missing,missing,missing
builtin_functions,PRINT_SEP_SPACE,missing,missing,missing,partial,missing,diagnostic_only,missing,missing,missing,diagnostic_only,missing,missing,missing
builtin_functions,PRINT_STMT,missing,implemented,partial,diagnostic_only,missing,diagnostic_only,missing,missing,diagnostic_only,missing,partial,partial,missing
builtin_functions,PRIVATE,implemented,implemented,implemented,implemented,partial,diagnostic_only,diagnostic_only,diagnostic_only,diagnostic_only,diagnostic_only,implemented,implemented,missing
builtin_functions,PROGRAM,missing,implemented,implemented,partial,partial,missing,missing,missing,diagnostic_only,missing,partial,implemented,partial
builtin_functions,PTR,partial,implemented,partial,implemented,missing,partial,diagnostic_only,diagnostic_only,diagnostic_only,missing,implemented,implemented,missing
builtin_functions,PUBLIC,partial,implemented,missing,missing,missing,missing,missing,missing,missing,missing,diagnostic_only,implemented,missing
builtin_functions,PUT_STMT,missing,implemented,partial,diagnostic_only,missing,diagnostic_only,missing,missing,diagnostic_only,missing,partial,diagnostic_only,missing
builtin_functions,RANDOM,missing,missing,missing,partial,missing,missing,missing,missing,missing,missing,partial,implemented,missing
builtin_functions,RANDOMIZE,partial,implemented,missing,partial,missing,diagnostic_only,missing,missing,missing,diagnostic_only,diagnostic_only,implemented,diagnostic_only
builtin_functions,RANDOMIZE_STMT,missing,partial,missing,diagnostic_only,missing,diagnostic_only,missing,missing,diagnostic_only,missing,diagnostic_only,diagnostic_only,missing
builtin_functions,REDIM,implemented,implemented,implemented,implemented,partial,partial,diagnostic_only,diagnostic_only,diagnostic_only,diagnostic_only,implemented,implemented,diagnostic_only
builtin_functions,REDIM_STMT,missing,implemented,partial,partial,partial,missing,diagnostic_only,missing,diagnostic_only,missing,diagnostic_only,diagnostic_only,missing
builtin_functions,RET,missing,missing,missing,implemented,missing,partial,missing,diagnostic_only,diagnostic_only,diagnostic_only,missing,partial,diagnostic_only
builtin_functions,RETURN,implemented,implemented,implemented,implemented,partial,partial,diagnostic_only,diagnostic_only,diagnostic_only,diagnostic_only,implemented,implemented,partial
builtin_functions,RETURN_STMT,missing,implemented,partial,partial,missing,diagnostic_only,diagnostic_only,missing,missing,missing,diagnostic_only,diagnostic_only,missing
builtin_functions,RND,partial,implemented,missing,partial,missing,diagnostic_only,diagnostic_only,missing,diagnostic_only,diagnostic_only,diagnostic_only,implemented,diagnostic_only
builtin_functions,ROL,partial,implemented,missing,implemented,missing,partial,diagnostic_only,missing,diagnostic_only,diagnostic_only,diagnostic_only,implemented,partial
builtin_functions,ROR,partial,implemented,missing,implemented,missing,partial,diagnostic_only,missing,diagnostic_only,diagnostic_only,diagnostic_only,partial,diagnostic_only
builtin_functions,RTRIM,partial,implemented,missing,partial,missing,missing,missing,missing,diagnostic_only,missing,partial,partial,missing
builtin_functions,SADD,partial,implemented,missing,missing,missing,missing,diagnostic_only,missing,missing,missing,diagnostic_only,implemented,missing
builtin_functions,SAVEDEPILOGLABEL,missing,missing,missing,missing,missing,missing,missing,missing,diagnostic_only,missing,missing,missing,missing
builtin_functions,SEEK_STMT,missing,implemented,partial,diagnostic_only,missing,diagnostic_only,missing,missing,diagnostic_only,missing,partial,diagnostic_only,missing
builtin_functions,SELECT_STMT,missing,implemented,partial,partial,missing,diagnostic_only,missing,missing,diagnostic_only,missing,partial,partial,missing
builtin_functions,SETADD,missing,missing,missing,partial,missing,missing,diagnostic_only,missing,missing,missing,diagnostic_only,implemented,missing
builtin_functions,SETCLEAR,missing,missing,missing,partial,missing,missing,diagnostic_only,missing,missing,missing,diagnostic_only,missing,missing
builtin_functions,SETHAS,missing,missing,missing,partial,missing,missing,diagnostic_only,missing,missing,missing,diagnostic_only,missing,missing
builtin_functions,SETLEN,missing,missing,missing,partial,missing,missing,diagnostic_only,missing,missing,missing,diagnostic_only,implemented,missing
builtin_functions,SETNEWOFFSET_STMT,missing,implemented,missing,diagnostic_only,missing,diagnostic_only,missing,missing,diagnostic_only,missing,diagnostic_only,diagnostic_only,missing
builtin_functions,SETREMOVE,missing,missing,missing,partial,missing,missing,diagnostic_only,missing,missing,missing,diagnostic_only,missing,missing
builtin_functions,SETSTRINGSIZE_STMT,missing,implemented,missing,diagnostic_only,missing,missing,diagnostic_only,missing,diagnostic_only,missing,diagnostic_only,diagnostic_only,missing
builtin_functions,SGN,partial,implemented,missing,partial,missing,missing,diagnostic_only,missing,diagnostic_only,diagnostic_only,diagnostic_only,implemented,diagnostic_only
builtin_functions,SHL,partial,implemented,partial,implemented,missing,partial,diagnostic_only,diagnostic_only,diagnostic_only,diagnostic_only,implemented,implemented,diagnostic_only
builtin_functions,SHORT,missing,missing,missing,partial,missing,missing,diagnostic_only,missing,diagnostic_only,missing,diagnostic_only,partial,missing
builtin_functions,SHR,partial,implemented,missing,implemented,missing,partial,diagnostic_only,missing,diagnostic_only,diagnostic_only,partial,partial,diagnostic_only
builtin_functions,SIN,partial,implemented,missing,partial,missing,diagnostic_only,diagnostic_only,missing,diagnostic_only,missing,diagnostic_only,implemented,missing
builtin_functions,SINGLE,missing,partial,missing,implemented,missing,diagnostic_only,diagnostic_only,missing,diagnostic_only,missing,partial,partial,missing
builtin_functions,SIZEOF,partial,implemented,missing,partial,missing,missing,diagnostic_only,diagnostic_only,missing,missing,implemented,implemented,missing
builtin_functions,SLOT_CONTROL_STMT,missing,partial,missing,implemented,missing,missing,missing,missing,diagnostic_only,missing,partial,missing,missing
builtin_functions,SLOT_STMT,missing,implemented,partial,implemented,missing,missing,missing,missing,diagnostic_only,missing,partial,missing,missing
builtin_functions,SPACE,partial,implemented,missing,partial,missing,missing,missing,missing,diagnostic_only,missing,partial,implemented,missing
builtin_functions,SQR,partial,implemented,missing,partial,missing,diagnostic_only,diagnostic_only,missing,diagnostic_only,missing,diagnostic_only,implemented,missing
builtin_functions,SQRT,partial,implemented,missing,missing,missing,missing,missing,missing,missing,missing,missing,partial,missing
builtin_functions,STDCALL,partial,implemented,missing,partial,missing,partial,missing,diagnostic_only,missing,missing,partial,implemented,missing
builtin_functions,STORE_FIELD,missing,missing,missing,missing,missing,missing,missing,missing,missing,diagnostic_only,missing,missing,missing
builtin_functions,STORE_INDEXED,missing,missing,missing,implemented,missing,partial,missing,diagnostic_only,missing,diagnostic_only,missing,missing,diagnostic_only
builtin_functions,STORE_VAR,missing,missing,missing,implemented,missing,partial,diagnostic_only,diagnostic_only,missing,diagnostic_only,diagnostic_only,missing,diagnostic_only
builtin_functions,STR,implemented,implemented,implemented,implemented,missing,diagnostic_only,diagnostic_only,diagnostic_only,diagnostic_only,missing,implemented,implemented,missing
builtin_functions,STRING,implemented,implemented,implemented,implemented,partial,partial,diagnostic_only,diagnostic_only,diagnostic_only,diagnostic_only,implemented,implemented,missing
builtin_functions,STRPTR,partial,implemented,missing,diagnostic_only,missing,missing,diagnostic_only,diagnostic_only,missing,missing,partial,implemented,missing
builtin_functions,SUB,implemented,implemented,implemented,implemented,partial,partial,diagnostic_only,diagnostic_only,diagnostic_only,diagnostic_only,implemented,implemented,diagnostic_only
builtin_functions,SUB_STMT,missing,implemented,partial,implemented,partial,diagnostic_only,diagnostic_only,missing,diagnostic_only,missing,diagnostic_only,partial,missing
builtin_functions,TAN,partial,implemented,missing,partial,missing,diagnostic_only,diagnostic_only,missing,diagnostic_only,missing,diagnostic_only,implemented,missing
builtin_functions,TERNARY_EXPR,missing,implemented,partial,diagnostic_only,missing,diagnostic_only,diagnostic_only,diagnostic_only,missing,missing,diagnostic_only,missing,missing
builtin_functions,THREAD,partial,implemented,missing,implemented,missing,missing,missing,diagnostic_only,missing,diagnostic_only,partial,implemented,diagnostic_only
builtin_functions,THREAD_STMT,missing,implemented,partial,implemented,partial,missing,missing,missing,diagnostic_only,missing,partial,missing,missing
builtin_functions,THREAT,partial,partial,missing,missing,missing,missing,missing,missing,missing,missing,missing,missing,missing
builtin_functions,THROW_STMT,missing,implemented,partial,implemented,missing,diagnostic_only,missing,missing,missing,missing,partial,partial,missing
builtin_functions,TIMER,partial,implemented,missing,partial,missing,diagnostic_only,diagnostic_only,missing,diagnostic_only,diagnostic_only,implemented,implemented,diagnostic_only
builtin_functions,TIMERNORMALIZEUNIT,missing,missing,missing,missing,missing,missing,missing,missing,missing,missing,partial,missing,missing
builtin_functions,TRIGGER_STMT,missing,partial,missing,implemented,missing,missing,missing,missing,diagnostic_only,missing,partial,missing,missing
builtin_functions,TRY_STMT,missing,implemented,partial,partial,missing,missing,missing,missing,missing,missing,partial,implemented,missing
builtin_functions,TYPE_STMT,missing,implemented,partial,implemented,partial,missing,diagnostic_only,missing,diagnostic_only,missing,diagnostic_only,diagnostic_only,missing
builtin_functions,U64,partial,implemented,missing,implemented,missing,missing,missing,diagnostic_only,diagnostic_only,missing,partial,implemented,missing
builtin_functions,UCASE,implemented,implemented,implemented,implemented,partial,diagnostic_only,diagnostic_only,diagnostic_only,diagnostic_only,diagnostic_only,implemented,implemented,missing
builtin_functions,UNARY,missing,implemented,partial,implemented,partial,diagnostic_only,diagnostic_only,diagnostic_only,missing,missing,diagnostic_only,diagnostic_only,missing
builtin_functions,US,missing,partial,missing,diagnostic_only,missing,missing,missing,diagnostic_only,missing,missing,implemented,missing,missing
builtin_functions,USING_STMT,missing,implemented,partial,missing,missing,missing,diagnostic_only,missing,missing,missing,diagnostic_only,partial,missing
builtin_functions,VAL,partial,implemented,missing,implemented,missing,diagnostic_only,diagnostic_only,diagnostic_only,diagnostic_only,diagnostic_only,implemented,implemented,diagnostic_only
builtin_functions,VARMAPPINGFINDINDEX,missing,missing,missing,missing,missing,missing,missing,missing,missing,missing,missing,missing,missing
builtin_functions,VARMAPPINGFORMATRBPREF,missing,missing,missing,missing,missing,missing,missing,missing,missing,missing,missing,missing,missing
builtin_functions,VARMAPPINGMAKEKEY,missing,missing,missing,missing,missing,missing,missing,missing,missing,missing,missing,missing,missing
builtin_functions,VARMAPPINGTRYGETLOCALOFFSET,missing,missing,missing,missing,missing,missing,missing,missing,missing,missing,missing,missing,missing
builtin_functions,VARPTR,partial,implemented,missing,partial,missing,missing,diagnostic_only,missing,diagnostic_only,missing,diagnostic_only,implemented,missing
builtin_functions,VMEMINRANGE,missing,missing,missing,missing,missing,missing,missing,missing,missing,missing,partial,missing,missing
builtin_functions,VMEMPEEKB,missing,missing,missing,missing,missing,missing,diagnostic_only,missing,missing,missing,partial,implemented,missing
builtin_functions,VOID,missing,implemented,partial,diagnostic_only,missing,missing,missing,diagnostic_only,missing,missing,partial,missing,missing
builtin_functions,X64,missing,missing,missing,partial,missing,missing,missing,diagnostic_only,diagnostic_only,diagnostic_only,partial,implemented,implemented
builtin_functions,X64ALIGN16,missing,missing,missing,missing,missing,missing,missing,missing,diagnostic_only,missing,missing,missing,missing
builtin_functions,X64BUILDFIELDPATH,missing,missing,missing,missing,missing,missing,missing,missing,missing,missing,missing,missing,missing
builtin_functions,X64BUILTINCALLSYMBOL,missing,missing,missing,missing,missing,missing,missing,missing,diagnostic_only,missing,missing,missing,missing
builtin_functions,X64CHILDAT,missing,missing,missing,missing,missing,missing,missing,missing,diagnostic_only,missing,missing,missing,missing
builtin_functions,X64CHILDCOUNT,missing,missing,missing,missing,missing,missing,missing,missing,diagnostic_only,missing,missing,missing,missing
builtin_functions,X64CLASSROUTINEHASBODY,missing,missing,missing,missing,missing,missing,missing,missing,diagnostic_only,missing,missing,missing,missing
builtin_functions,X64CLASSTYPEID,missing,missing,missing,missing,missing,missing,missing,missing,diagnostic_only,missing,missing,missing,missing
builtin_functions,X64CLASSVTABLELABEL,missing,missing,missing,missing,missing,missing,missing,missing,diagnostic_only,missing,missing,missing,missing
builtin_functions,X64CODEGENASSEMBLEOUTPUT,missing,missing,missing,missing,missing,missing,missing,missing,diagnostic_only,missing,missing,missing,missing
builtin_functions,X64COLLECTDLLCALLPLAN,missing,missing,missing,missing,missing,missing,missing,missing,diagnostic_only,missing,missing,missing,missing
builtin_functions,X64COMPACTBLANKLINES,missing,missing,missing,missing,missing,missing,missing,missing,diagnostic_only,missing,missing,missing,missing
builtin_functions,X64COMPUTEDIMSLOTCOUNT,missing,missing,missing,missing,missing,missing,missing,missing,diagnostic_only,missing,missing,missing,missing
builtin_functions,X64COUNTROUTINEPARAMS,missing,missing,missing,missing,missing,missing,missing,missing,diagnostic_only,missing,missing,missing,missing
builtin_functions,X64CREATECSTRINGCONSTANT,missing,missing,missing,missing,missing,missing,missing,missing,diagnostic_only,missing,missing,missing,missing
builtin_functions,X64CREATEFLOATCONSTANT,missing,missing,missing,missing,missing,missing,missing,missing,diagnostic_only,missing,missing,missing,missing
builtin_functions,X64CSTRINGDBBYTES,missing,missing,missing,missing,missing,missing,missing,missing,diagnostic_only,missing,missing,missing,missing
builtin_functions,X64DLLCALLARGSTARTPOS,missing,missing,missing,missing,missing,missing,missing,missing,missing,missing,missing,missing,missing
builtin_functions,X64ELEMBYTESFORFLOATKIND,missing,missing,missing,missing,missing,missing,missing,missing,diagnostic_only,missing,missing,missing,missing
builtin_functions,X64EMITADDROFFIELDEXPR,missing,missing,missing,missing,missing,missing,missing,missing,diagnostic_only,missing,missing,missing,missing
builtin_functions,X64EMITADDROFINDEXEDGLOBAL,missing,missing,missing,missing,missing,missing,missing,missing,diagnostic_only,missing,missing,missing,missing
builtin_functions,X64EMITADDROFINDEXEDLOCAL,missing,missing,missing,missing,missing,missing,missing,missing,diagnostic_only,missing,missing,missing,missing
builtin_functions,X64EMITADDROFVAR,missing,missing,missing,missing,missing,missing,missing,missing,diagnostic_only,missing,missing,missing,missing
builtin_functions,X64EMITASSIGNSTMT,missing,missing,missing,missing,missing,missing,missing,missing,diagnostic_only,missing,missing,missing,missing
builtin_functions,X64EMITBLOCKSTMT,missing,missing,missing,missing,missing,missing,missing,missing,diagnostic_only,missing,missing,missing,missing
builtin_functions,X64EMITBUILTINCALL,missing,missing,missing,missing,missing,missing,missing,missing,diagnostic_only,missing,missing,missing,missing
builtin_functions,X64EMITCALLNODE,missing,missing,missing,missing,missing,missing,missing,missing,diagnostic_only,missing,missing,missing,missing
builtin_functions,X64EMITCALLNODESPECIAL,missing,missing,missing,missing,missing,missing,missing,missing,diagnostic_only,missing,missing,missing,missing
builtin_functions,X64EMITCALLNODETOXMM0,missing,missing,missing,missing,missing,missing,missing,missing,diagnostic_only,missing,missing,missing,missing
builtin_functions,X64EMITCALLNODETOXMM0AS,missing,missing,missing,missing,missing,missing,missing,missing,diagnostic_only,missing,missing,missing,missing
builtin_functions,X64EMITCALLSTMT,missing,missing,missing,missing,missing,missing,missing,missing,diagnostic_only,missing,missing,missing,missing
builtin_functions,X64EMITCLASSDECLMETADATA,missing,missing,missing,missing,missing,missing,missing,missing,diagnostic_only,missing,missing,missing,missing
builtin_functions,X64EMITCLASSROUTINENODE,missing,missing,missing,missing,missing,missing,missing,missing,diagnostic_only,missing,missing,missing,missing
builtin_functions,X64EMITCLASSVTABLE,missing,missing,missing,missing,missing,missing,missing,missing,diagnostic_only,missing,missing,missing,missing
builtin_functions,X64EMITCLOSESTMT,missing,missing,missing,missing,missing,missing,missing,missing,diagnostic_only,missing,missing,missing,missing
builtin_functions,X64EMITCLSSTMT,missing,missing,missing,missing,missing,missing,missing,missing,diagnostic_only,missing,missing,missing,missing
builtin_functions,X64EMITCOLORSTMT,missing,missing,missing,missing,missing,missing,missing,missing,diagnostic_only,missing,missing,missing,missing
builtin_functions,X64EMITCOMPOUNDASSIGN,missing,missing,missing,missing,missing,missing,missing,missing,diagnostic_only,missing,missing,missing,missing
builtin_functions,X64EMITCONSTSTMTMETADATA,missing,missing,missing,missing,missing,missing,missing,missing,diagnostic_only,missing,missing,missing,missing
builtin_functions,X64EMITDECLARATIONMETADATA,missing,missing,missing,missing,missing,missing,missing,missing,diagnostic_only,missing,missing,missing,missing
builtin_functions,X64EMITDELETESTMT,missing,missing,missing,missing,missing,missing,missing,missing,diagnostic_only,missing,missing,missing,missing
builtin_functions,X64EMITDIMSTMT,missing,missing,missing,missing,missing,missing,missing,missing,diagnostic_only,missing,missing,missing,missing
builtin_functions,X64EMITDLLCALLNODE,missing,missing,missing,missing,missing,missing,missing,missing,diagnostic_only,missing,missing,missing,missing
builtin_functions,X64EMITDOEACHSTMT,missing,missing,missing,missing,missing,missing,missing,missing,diagnostic_only,missing,missing,missing,missing
builtin_functions,X64EMITDOSTMT,missing,missing,missing,missing,missing,missing,missing,missing,diagnostic_only,missing,missing,missing,missing
builtin_functions,X64EMITEXITSTMT,missing,missing,missing,missing,missing,missing,missing,missing,diagnostic_only,missing,missing,missing,missing
builtin_functions,X64EMITEXPRSTMT,missing,missing,missing,missing,missing,missing,missing,missing,diagnostic_only,missing,missing,missing,missing
builtin_functions,X64EMITEXPRTORAX,missing,missing,missing,missing,missing,missing,missing,missing,diagnostic_only,missing,missing,missing,missing
builtin_functions,X64EMITEXPRTOXMM0,missing,missing,missing,missing,missing,missing,missing,missing,diagnostic_only,missing,missing,missing,missing
builtin_functions,X64EMITEXPRTOXMM0AS,missing,missing,missing,missing,missing,missing,missing,missing,diagnostic_only,missing,missing,missing,missing
builtin_functions,X64EMITEXTFPADDROFEXPRTORAX,missing,missing,missing,missing,missing,missing,missing,missing,diagnostic_only,missing,missing,missing,missing
builtin_functions,X64EMITEXTFPASSIGNSTMTCORE,missing,missing,missing,missing,missing,missing,missing,missing,diagnostic_only,missing,missing,missing,missing
builtin_functions,X64EMITEXTFPASSIGNTOPREPAREDADDRESS,missing,missing,missing,missing,missing,missing,missing,missing,diagnostic_only,missing,missing,missing,missing
builtin_functions,X64EMITEXTFPPRINTEXPR,missing,missing,missing,missing,missing,missing,missing,missing,diagnostic_only,missing,missing,missing,missing
builtin_functions,X64EMITEXTFPSTORELITERALTOADDRESS,missing,missing,missing,missing,missing,missing,missing,missing,diagnostic_only,missing,missing,missing,missing
builtin_functions,X64EMITFIELDROOTADDRESS,missing,missing,missing,missing,missing,missing,missing,missing,missing,missing,missing,missing,missing
builtin_functions,X64EMITFLOATBINARYAS,missing,missing,missing,missing,missing,missing,missing,missing,diagnostic_only,missing,missing,missing,missing
builtin_functions,X64EMITFOREACHSTMT,missing,missing,missing,missing,missing,missing,missing,missing,diagnostic_only,missing,missing,missing,missing
builtin_functions,X64EMITFORSTMT,missing,missing,missing,missing,missing,missing,missing,missing,diagnostic_only,missing,missing,missing,missing
builtin_functions,X64EMITFUNCTIONSTMT,missing,missing,missing,missing,missing,missing,missing,missing,diagnostic_only,missing,missing,missing,missing
builtin_functions,X64EMITGETSTMT,missing,missing,missing,missing,missing,missing,missing,missing,diagnostic_only,missing,missing,missing,missing
builtin_functions,X64EMITGOSUBSTMT,missing,missing,missing,missing,missing,missing,missing,missing,diagnostic_only,missing,missing,missing,missing
builtin_functions,X64EMITGOTOSTMT,missing,missing,missing,missing,missing,missing,missing,missing,diagnostic_only,missing,missing,missing,missing
builtin_functions,X64EMITIFSTMT,missing,missing,missing,missing,missing,missing,missing,missing,diagnostic_only,missing,missing,missing,missing
builtin_functions,X64EMITINCDECSTMT,missing,missing,missing,missing,missing,missing,missing,missing,diagnostic_only,missing,missing,missing,missing
builtin_functions,X64EMITINPUTFILESTMT,missing,missing,missing,missing,missing,missing,missing,missing,diagnostic_only,missing,missing,missing,missing
builtin_functions,X64EMITINPUTSTMT,missing,missing,missing,missing,missing,missing,missing,missing,diagnostic_only,missing,missing,missing,missing
builtin_functions,X64EMITLABELSTMT,missing,missing,missing,missing,missing,missing,missing,missing,diagnostic_only,missing,missing,missing,missing
builtin_functions,X64EMITLOADFIELDEXPR,missing,missing,missing,missing,missing,missing,missing,missing,diagnostic_only,missing,missing,missing,missing
builtin_functions,X64EMITLOADFLOATVARTOXMM0,missing,missing,missing,missing,missing,missing,missing,missing,diagnostic_only,missing,missing,missing,missing
builtin_functions,X64EMITLOADFLOATVARTOXMM0AS,missing,missing,missing,missing,missing,missing,missing,missing,diagnostic_only,missing,missing,missing,missing
builtin_functions,X64EMITLOADINDEXEDGLOBAL,missing,missing,missing,missing,missing,missing,missing,missing,diagnostic_only,missing,missing,missing,missing
builtin_functions,X64EMITLOADINDEXEDGLOBALXMM,missing,missing,missing,missing,missing,missing,missing,missing,diagnostic_only,missing,missing,missing,missing
builtin_functions,X64EMITLOADINDEXEDLOCAL,missing,missing,missing,missing,missing,missing,missing,missing,diagnostic_only,missing,missing,missing,missing
builtin_functions,X64EMITLOADINDEXEDLOCALXMM,missing,missing,missing,missing,missing,missing,missing,missing,diagnostic_only,missing,missing,missing,missing
builtin_functions,X64EMITLOCATESTMT,missing,missing,missing,missing,missing,missing,missing,missing,diagnostic_only,missing,missing,missing,missing
builtin_functions,X64EMITMEMCOPYSTMT,missing,missing,missing,missing,missing,missing,missing,missing,diagnostic_only,missing,missing,missing,missing
builtin_functions,X64EMITMEMFILLSTMT,missing,missing,missing,missing,missing,missing,missing,missing,diagnostic_only,missing,missing,missing,missing
builtin_functions,X64EMITNEWEXPR,missing,missing,missing,missing,missing,missing,missing,missing,missing,missing,missing,missing,missing
builtin_functions,X64EMITNEXTSTMT,missing,missing,missing,missing,missing,missing,missing,missing,diagnostic_only,missing,missing,missing,missing
builtin_functions,X64EMITNODE,missing,missing,missing,missing,missing,missing,missing,missing,diagnostic_only,missing,missing,missing,missing
builtin_functions,X64EMITOPENSTMT,missing,missing,missing,missing,missing,missing,missing,missing,diagnostic_only,missing,missing,missing,missing
builtin_functions,X64EMITPIPEINVOKE,missing,missing,missing,missing,missing,missing,missing,missing,missing,missing,missing,missing,missing
builtin_functions,X64EMITPOKESSTMT,missing,missing,missing,missing,missing,missing,missing,missing,diagnostic_only,missing,missing,missing,missing
builtin_functions,X64EMITPOKESTMT,missing,missing,missing,missing,missing,missing,missing,missing,diagnostic_only,missing,missing,missing,missing
builtin_functions,X64EMITPRINTSTMT,missing,missing,missing,missing,missing,missing,missing,missing,diagnostic_only,missing,missing,missing,missing
builtin_functions,X64EMITPROGRAM,missing,missing,missing,missing,missing,missing,missing,missing,diagnostic_only,missing,missing,missing,missing
builtin_functions,X64EMITPUTSTMT,missing,missing,missing,missing,missing,missing,missing,missing,diagnostic_only,missing,missing,missing,missing
builtin_functions,X64EMITRANDOMIZESTMT,missing,missing,missing,missing,missing,missing,missing,missing,diagnostic_only,missing,missing,missing,missing
builtin_functions,X64EMITRETURNSTMT,missing,missing,missing,missing,missing,missing,missing,missing,diagnostic_only,missing,missing,missing,missing
builtin_functions,X64EMITROUTINECALL,missing,missing,missing,missing,missing,missing,missing,missing,diagnostic_only,missing,missing,missing,missing
builtin_functions,X64EMITRUNTIMEINSTANCEOFSUPPORT,missing,missing,missing,missing,missing,missing,missing,missing,diagnostic_only,missing,missing,missing,missing
builtin_functions,X64EMITSEEKSTMT,missing,missing,missing,missing,missing,missing,missing,missing,diagnostic_only,missing,missing,missing,missing
builtin_functions,X64EMITSELECTSTMT,missing,missing,missing,missing,missing,missing,missing,missing,diagnostic_only,missing,missing,missing,missing
builtin_functions,X64EMITSETNEWOFFSETSTMT,missing,missing,missing,missing,missing,missing,missing,missing,diagnostic_only,missing,missing,missing,missing
builtin_functions,X64EMITSLOTLANEBODYROUTINE,missing,missing,missing,missing,missing,missing,missing,missing,diagnostic_only,missing,missing,missing,missing
builtin_functions,X64EMITSLOTLANEROUTINES,missing,missing,missing,missing,missing,missing,missing,missing,diagnostic_only,missing,missing,missing,missing
builtin_functions,X64EMITSLOTLANESTMT,missing,missing,missing,missing,missing,missing,missing,missing,diagnostic_only,missing,missing,missing,missing
builtin_functions,X64EMITSLOTLANESTMTCORE,missing,missing,missing,missing,missing,missing,missing,missing,diagnostic_only,missing,missing,missing,missing
builtin_functions,X64EMITSTOREF80LITERALVAR,missing,missing,missing,missing,missing,missing,missing,missing,diagnostic_only,missing,missing,missing,missing
builtin_functions,X64EMITSTOREFIELDEXPR,missing,missing,missing,missing,missing,missing,missing,missing,diagnostic_only,missing,missing,missing,missing
builtin_functions,X64EMITSTOREFIELDFROMRHS,missing,missing,missing,missing,missing,missing,missing,missing,diagnostic_only,missing,missing,missing,missing
builtin_functions,X64EMITSTOREFIELDFROMXMM0,missing,missing,missing,missing,missing,missing,missing,missing,diagnostic_only,missing,missing,missing,missing
builtin_functions,X64EMITSTOREINDEXEDGLOBAL,missing,missing,missing,missing,missing,missing,missing,missing,diagnostic_only,missing,missing,missing,missing
builtin_functions,X64EMITSTOREINDEXEDGLOBALF80LITERAL,missing,missing,missing,missing,missing,missing,missing,missing,diagnostic_only,missing,missing,missing,missing
builtin_functions,X64EMITSTOREINDEXEDGLOBALXMM,missing,missing,missing,missing,missing,missing,missing,missing,diagnostic_only,missing,missing,missing,missing
builtin_functions,X64EMITSTOREINDEXEDLOCAL,missing,missing,missing,missing,missing,missing,missing,missing,diagnostic_only,missing,missing,missing,missing
builtin_functions,X64EMITSTOREINDEXEDLOCALF80LITERAL,missing,missing,missing,missing,missing,missing,missing,missing,diagnostic_only,missing,missing,missing,missing
builtin_functions,X64EMITSTOREINDEXEDLOCALXMM,missing,missing,missing,missing,missing,missing,missing,missing,diagnostic_only,missing,missing,missing,missing
builtin_functions,X64EMITSTOREINTEGERFIELDEXPR,missing,missing,missing,missing,missing,missing,missing,missing,missing,missing,missing,missing,missing
builtin_functions,X64EMITSTOREXMM0TOFLOATVARAS,missing,missing,missing,missing,missing,missing,missing,missing,diagnostic_only,missing,missing,missing,missing
builtin_functions,X64EMITSUBSTMT,missing,missing,missing,missing,missing,missing,missing,missing,diagnostic_only,missing,missing,missing,missing
builtin_functions,X64EMITTYPEDECLMETADATA,missing,missing,missing,missing,missing,missing,missing,missing,diagnostic_only,missing,missing,missing,missing
builtin_functions,X64EMITUNKNOWNNODE,missing,missing,missing,missing,missing,missing,missing,missing,diagnostic_only,missing,missing,missing,missing
builtin_functions,X64ENSUREGLOBALSYMBOL,missing,missing,missing,missing,missing,missing,missing,missing,diagnostic_only,missing,missing,missing,missing
builtin_functions,X64ENSURELOCALSLOT,missing,missing,missing,missing,missing,missing,missing,missing,diagnostic_only,missing,missing,missing,missing
builtin_functions,X64ENSURESYMBOL,missing,missing,missing,missing,missing,missing,missing,missing,missing,missing,missing,missing,missing
builtin_functions,X64ENSUREVAR,missing,missing,missing,missing,missing,missing,missing,missing,diagnostic_only,missing,missing,missing,missing
builtin_functions,X64EXPRRETURNSSTRING,missing,missing,missing,missing,missing,missing,missing,missing,diagnostic_only,missing,missing,missing,missing
builtin_functions,X64EXTFPSTRIDEBYTES,missing,missing,missing,missing,missing,missing,missing,missing,diagnostic_only,missing,missing,missing,missing
builtin_functions,X64EXTRACTPROPERTYTYPE,missing,missing,missing,missing,missing,missing,missing,missing,diagnostic_only,missing,missing,missing,missing
builtin_functions,X64EXTRACTROUTINERETURNTYPE,missing,missing,missing,missing,missing,missing,missing,missing,diagnostic_only,missing,missing,missing,missing
builtin_functions,X64EXTRACTTYPENAMEFROMNODE,missing,missing,missing,missing,missing,missing,missing,missing,missing,missing,missing,missing,missing
builtin_functions,X64FFIARGCOUNTAT,missing,missing,missing,missing,missing,missing,missing,missing,missing,missing,missing,missing,missing
builtin_functions,X64FIELDNODETYPENAME,missing,missing,missing,missing,missing,missing,missing,missing,missing,missing,missing,missing,missing
builtin_functions,X64FIELDPATHREADIDENT,missing,missing,missing,missing,missing,missing,missing,missing,missing,missing,missing,missing,missing
builtin_functions,X64FIELDPATHSKIPINDEXES,missing,missing,missing,missing,missing,missing,missing,missing,missing,missing,missing,missing,missing
builtin_functions,X64FINDCHILDBYKIND,missing,missing,missing,missing,missing,missing,missing,missing,diagnostic_only,missing,missing,missing,missing
builtin_functions,X64FINDCLASSDECLNODE,missing,missing,missing,missing,missing,missing,missing,missing,diagnostic_only,missing,missing,missing,missing
builtin_functions,X64FINDCLASSMEMBERNODE,missing,missing,missing,missing,missing,missing,missing,missing,missing,missing,missing,missing,missing
builtin_functions,X64FINDCLASSMETHODDECLNODE,missing,missing,missing,missing,missing,missing,missing,missing,diagnostic_only,missing,missing,missing,missing
builtin_functions,X64FINDCLASSOPERATORDECLNODE,missing,missing,missing,missing,missing,missing,missing,missing,diagnostic_only,missing,missing,missing,missing
builtin_functions,X64FINDDECLAREDTYPENAME,missing,missing,missing,missing,missing,missing,missing,missing,diagnostic_only,missing,missing,missing,missing
builtin_functions,X64FINDGLOBALSYMBOL,missing,missing,missing,missing,missing,missing,missing,missing,missing,missing,missing,missing,missing
builtin_functions,X64FINDLOCAL,missing,missing,missing,missing,missing,missing,missing,missing,missing,missing,missing,missing,missing
builtin_functions,X64FINDMETHODSLOTGLOBAL,missing,missing,missing,missing,missing,missing,missing,missing,diagnostic_only,missing,missing,missing,missing
builtin_functions,X64FINDOWNINGCLASSNAME,missing,missing,missing,missing,missing,missing,missing,missing,diagnostic_only,missing,missing,missing,missing
builtin_functions,X64FINDPROPERTYACCESSORBODY,missing,missing,missing,missing,missing,missing,missing,missing,missing,missing,missing,missing,missing
builtin_functions,X64FINDROUTINE,missing,missing,missing,missing,missing,missing,missing,missing,diagnostic_only,missing,missing,missing,missing
builtin_functions,X64FINDROUTINESYMBOLNAME,missing,missing,missing,missing,missing,missing,missing,missing,diagnostic_only,missing,missing,missing,missing
builtin_functions,X64FINDSYMBOL,missing,missing,missing,missing,missing,missing,missing,missing,missing,missing,missing,missing,missing
builtin_functions,X64FINDVTABLESLOT,missing,missing,missing,missing,missing,missing,missing,missing,diagnostic_only,missing,missing,missing,missing
builtin_functions,X64FLOATKINDTOEXTFPTYPENAME,missing,missing,missing,missing,missing,missing,missing,missing,diagnostic_only,missing,missing,missing,missing
builtin_functions,X64FORMATRBPREF,missing,missing,missing,missing,missing,missing,missing,missing,diagnostic_only,missing,missing,missing,missing
builtin_functions,X64GETCLASSBASETYPENAME,missing,missing,missing,missing,missing,missing,missing,missing,diagnostic_only,missing,missing,missing,missing
builtin_functions,X64GETELEMBYTESFORDECLAREDTYPE,missing,missing,missing,missing,missing,missing,missing,missing,diagnostic_only,missing,missing,missing,missing
builtin_functions,X64GETELEMBYTESFORTYPE,missing,missing,missing,missing,missing,missing,missing,missing,diagnostic_only,missing,missing,missing,missing
builtin_functions,X64HASTOPLEVELGLOBALDECL,missing,missing,missing,missing,missing,missing,missing,missing,diagnostic_only,missing,missing,missing,missing
builtin_functions,X64INFERELEMBYTESFORNAME,missing,missing,missing,missing,missing,missing,missing,missing,missing,missing,missing,missing,missing
builtin_functions,X64INFERFLOATKINDOFEXPR,missing,missing,missing,missing,missing,missing,missing,missing,diagnostic_only,missing,missing,missing,missing
builtin_functions,X64INFERROUTINERECEIVERCLASS,missing,missing,missing,missing,missing,missing,missing,missing,diagnostic_only,missing,missing,missing,missing
builtin_functions,X64ISDLLCALLNODE,missing,missing,missing,missing,missing,missing,missing,missing,diagnostic_only,missing,missing,missing,missing
builtin_functions,X64ISEXTFPKIND,missing,missing,missing,missing,missing,missing,missing,missing,diagnostic_only,missing,missing,missing,missing
builtin_functions,X64ISFLOATKIND,missing,missing,missing,missing,missing,missing,missing,missing,diagnostic_only,missing,missing,missing,missing
builtin_functions,X64ISSTMTKIND,missing,missing,missing,missing,missing,missing,missing,missing,diagnostic_only,missing,missing,missing,missing
builtin_functions,X64ISSTMTLIKENODE,missing,missing,missing,missing,missing,missing,missing,missing,diagnostic_only,missing,missing,missing,missing
builtin_functions,X64MAKESCOPEDKEY,missing,missing,missing,missing,missing,missing,missing,missing,missing,missing,missing,missing,missing
builtin_functions,X64MODECODEFROMTEXT,missing,missing,missing,missing,missing,missing,missing,missing,missing,missing,missing,missing,missing
builtin_functions,X64NEXTLABEL,missing,missing,missing,missing,missing,missing,missing,missing,diagnostic_only,missing,missing,missing,missing
builtin_functions,X64NODEHASRETURNTYPE,missing,missing,missing,missing,missing,missing,missing,missing,diagnostic_only,missing,missing,missing,missing
builtin_functions,X64NORMALIZEDATALINE,missing,missing,missing,missing,missing,missing,missing,missing,diagnostic_only,missing,missing,missing,missing
builtin_functions,X64NORMALIZETEXTLINE,missing,missing,missing,missing,missing,missing,missing,missing,diagnostic_only,missing,missing,missing,missing
builtin_functions,X64OPERATORTOKENTOROUTINESUFFIX,missing,missing,missing,missing,missing,missing,missing,missing,diagnostic_only,missing,missing,missing,missing
builtin_functions,X64REGISTERCLASSVTABLE,missing,missing,missing,missing,missing,missing,missing,missing,diagnostic_only,missing,missing,missing,missing
builtin_functions,X64RESOLVECLASSROUTINENAME,missing,missing,missing,missing,missing,missing,missing,missing,diagnostic_only,missing,missing,missing,missing
builtin_functions,X64RESOLVECURRENTRECEIVERCLASS,missing,missing,missing,missing,missing,missing,missing,missing,diagnostic_only,missing,missing,missing,missing
builtin_functions,X64RESOLVEFIELDINFO,missing,missing,missing,missing,missing,missing,missing,missing,diagnostic_only,missing,missing,missing,missing
builtin_functions,X64RESOLVEMETHODOWNERTYPE,missing,missing,missing,missing,missing,missing,missing,missing,diagnostic_only,missing,missing,missing,missing
builtin_functions,X64RESOLVEOPERATOROWNERTYPE,missing,missing,missing,missing,missing,missing,missing,missing,diagnostic_only,missing,missing,missing,missing
builtin_functions,X64RESOLVEPROPERTYACCESSORROUTINE,missing,missing,missing,missing,missing,missing,missing,missing,missing,missing,missing,missing,missing
builtin_functions,X64SANITIZESYMBOL,missing,missing,missing,missing,missing,missing,missing,missing,diagnostic_only,missing,missing,missing,missing
builtin_functions,X64SCOPEDLABELSYMBOL,missing,missing,missing,missing,missing,missing,missing,missing,diagnostic_only,missing,missing,missing,missing
builtin_functions,X64SLOTACTIVESYMBOLNAME,missing,missing,missing,missing,missing,missing,missing,missing,diagnostic_only,missing,missing,missing,missing
builtin_functions,X64SLOTCAPSYMBOLNAME,missing,missing,missing,missing,missing,missing,missing,missing,diagnostic_only,missing,missing,missing,missing
builtin_functions,X64SLOTCOUNTSYMBOLNAME,missing,missing,missing,missing,missing,missing,missing,missing,diagnostic_only,missing,missing,missing,missing
builtin_functions,X64SLOTLANEKINDFROMNODEKIND,missing,missing,missing,missing,missing,missing,missing,missing,diagnostic_only,missing,missing,missing,missing
builtin_functions,X64SLOTNODEKINDFROMLANEKIND,missing,missing,missing,missing,missing,missing,missing,missing,diagnostic_only,missing,missing,missing,missing
builtin_functions,X64SLOTRESOLVEDECLNODE,missing,missing,missing,missing,missing,missing,missing,missing,diagnostic_only,missing,missing,missing,missing
builtin_functions,X64SLOTROUTINELABELFORNODE,missing,missing,missing,missing,missing,missing,missing,missing,diagnostic_only,missing,missing,missing,missing
builtin_functions,X64SLOTTRYCONSTHEADERID,missing,missing,missing,missing,missing,missing,missing,missing,diagnostic_only,missing,missing,missing,missing
builtin_functions,X64SPLITMETHODCALLNAME,missing,missing,missing,missing,missing,missing,missing,missing,diagnostic_only,missing,missing,missing,missing
builtin_functions,X64TOSTR,missing,missing,missing,missing,missing,missing,missing,missing,diagnostic_only,missing,missing,missing,missing
builtin_functions,X64TRYCONSTINTEXPR,missing,missing,missing,missing,missing,missing,missing,missing,diagnostic_only,missing,missing,missing,missing
builtin_functions,X64TRYEMITPROPERTYACCESSORLOAD,missing,missing,missing,missing,missing,missing,missing,missing,missing,missing,missing,missing,missing
builtin_functions,X64TRYEMITPROPERTYACCESSORSTOREFROMVALUE,missing,missing,missing,missing,missing,missing,missing,missing,missing,missing,missing,missing,missing
builtin_functions,X64TRYEXTRACTINDEXEDTARGET,missing,missing,missing,missing,missing,missing,missing,missing,diagnostic_only,missing,missing,missing,missing
builtin_functions,X64TRYFINDGLOBALINFO,missing,missing,missing,missing,missing,missing,missing,missing,diagnostic_only,missing,missing,missing,missing
builtin_functions,X64TRYFINDLOCALINFO,missing,missing,missing,missing,missing,missing,missing,missing,diagnostic_only,missing,missing,missing,missing
builtin_functions,X64TRYFINDLOCALOFFSET,missing,missing,missing,missing,missing,missing,missing,missing,diagnostic_only,missing,missing,missing,missing
builtin_functions,X64TRYFINDSYMBOLLABEL,missing,missing,missing,missing,missing,missing,missing,missing,diagnostic_only,missing,missing,missing,missing
builtin_functions,X64TRYFINDTOPLEVELCONSTDECL,missing,missing,missing,missing,missing,missing,missing,missing,missing,missing,missing,missing,missing
builtin_functions,X64TRYGETGLOBALELEMBYTES,missing,missing,missing,missing,missing,missing,missing,missing,diagnostic_only,missing,missing,missing,missing
builtin_functions,X64TRYGETLOCALELEMBYTES,missing,missing,missing,missing,missing,missing,missing,missing,diagnostic_only,missing,missing,missing,missing
builtin_functions,X64TRYGETNUMBERLITERAL,missing,missing,missing,missing,missing,missing,missing,missing,diagnostic_only,missing,missing,missing,missing
builtin_functions,X64TRYGETROUTINERETURNTYPE,missing,missing,missing,missing,missing,missing,missing,missing,diagnostic_only,missing,missing,missing,missing
builtin_functions,X64TRYGETROUTINESIGNATURE,missing,missing,missing,missing,missing,missing,missing,missing,diagnostic_only,missing,missing,missing,missing
builtin_functions,X64TRYGETVARTYPE,missing,missing,missing,missing,missing,missing,missing,missing,diagnostic_only,missing,missing,missing,missing
builtin_functions,X64TRYPARSEINTEGER,missing,missing,missing,missing,missing,missing,missing,missing,missing,missing,missing,missing,missing
builtin_functions,X64TRYRESOLVECALLRETURNTYPE,missing,missing,missing,missing,missing,missing,missing,missing,diagnostic_only,missing,missing,missing,missing
builtin_functions,X64TRYRESOLVECONSTINT,missing,missing,missing,missing,missing,missing,missing,missing,diagnostic_only,missing,missing,missing,missing
builtin_functions,X64TRYRESOLVECONSTINTEXPR,missing,missing,missing,missing,missing,missing,missing,missing,missing,missing,missing,missing,missing
builtin_functions,X64TYPETOFLOATKIND,missing,missing,missing,missing,missing,missing,missing,missing,diagnostic_only,missing,missing,missing,missing
builtin_functions,X64UPPER,missing,missing,missing,missing,missing,missing,missing,missing,diagnostic_only,missing,missing,missing,missing
builtin_functions,X64VARTYPEKEY,missing,missing,missing,missing,missing,missing,missing,missing,diagnostic_only,missing,missing,missing,missing
builtin_functions,X86,missing,missing,missing,missing,missing,missing,missing,missing,missing,missing,partial,implemented,missing
builtin_functions,X86ISIDENTASCII,missing,missing,missing,missing,missing,missing,missing,missing,missing,missing,missing,missing,missing
builtin_functions,X86REPLACEALL,missing,missing,missing,missing,missing,missing,missing,missing,missing,missing,missing,missing,missing
builtin_functions,X86REPLACETOKEN,missing,missing,missing,missing,missing,missing,missing,missing,missing,missing,missing,missing,missing
builtin_functions,X86REWRITEFROMX64,missing,missing,missing,missing,missing,missing,missing,missing,missing,missing,missing,missing,missing
builtin_functions,XOR,partial,implemented,missing,implemented,missing,partial,diagnostic_only,diagnostic_only,diagnostic_only,diagnostic_only,diagnostic_only,implemented,diagnostic_only
builtin_functions,YEAR,missing,partial,missing,diagnostic_only,missing,missing,missing,diagnostic_only,missing,missing,implemented,missing,missing
console_io,CLS,partial,implemented,missing,partial,missing,diagnostic_only,missing,missing,missing,diagnostic_only,partial,implemented,diagnostic_only
console_io,COLOR,partial,implemented,missing,partial,missing,diagnostic_only,missing,missing,missing,diagnostic_only,implemented,implemented,diagnostic_only
console_io,INPUT,implemented,implemented,missing,implemented,missing,diagnostic_only,missing,diagnostic_only,diagnostic_only,diagnostic_only,implemented,implemented,diagnostic_only
console_io,LOCATE,partial,implemented,missing,partial,missing,diagnostic_only,missing,missing,missing,diagnostic_only,implemented,implemented,diagnostic_only
console_io,PRINT,partial,implemented,implemented,implemented,partial,diagnostic_only,missing,missing,diagnostic_only,diagnostic_only,implemented,implemented,partial
data_structures,ARRAY,partial,implemented,missing,implemented,partial,partial,diagnostic_only,diagnostic_only,missing,diagnostic_only,implemented,implemented,diagnostic_only
data_structures,CLASS,partial,implemented,missing,implemented,partial,diagnostic_only,diagnostic_only,diagnostic_only,diagnostic_only,missing,diagnostic_only,implemented,diagnostic_only
data_structures,DICT,partial,implemented,missing,implemented,partial,missing,diagnostic_only,missing,missing,missing,implemented,implemented,missing
data_structures,INTERFACE,partial,implemented,missing,implemented,partial,missing,missing,missing,missing,missing,missing,implemented,missing
data_structures,LIST,partial,implemented,partial,implemented,partial,missing,diagnostic_only,missing,missing,missing,implemented,implemented,partial
data_structures,SET,partial,implemented,partial,implemented,partial,diagnostic_only,diagnostic_only,missing,diagnostic_only,diagnostic_only,implemented,implemented,missing
data_structures,TYPE,implemented,implemented,implemented,implemented,partial,partial,diagnostic_only,diagnostic_only,diagnostic_only,missing,implemented,implemented,diagnostic_only
error_flow,CATCH,partial,implemented,missing,partial,missing,missing,missing,missing,missing,diagnostic_only,missing,implemented,missing
error_flow,DIAGNOSTIC,missing,missing,missing,missing,missing,missing,missing,missing,missing,diagnostic_only,missing,diagnostic_only,diagnostic_only
error_flow,ON ERROR,missing,missing,missing,partial,missing,missing,missing,missing,missing,missing,implemented,missing,missing
error_flow,THROW,partial,implemented,missing,implemented,missing,diagnostic_only,missing,missing,missing,diagnostic_only,partial,implemented,missing
error_flow,TRY,partial,implemented,missing,partial,missing,missing,missing,missing,missing,diagnostic_only,implemented,implemented,diagnostic_only
event_thread_pipe_slot,EVENT,partial,implemented,missing,implemented,missing,missing,missing,diagnostic_only,missing,diagnostic_only,implemented,implemented,partial
event_thread_pipe_slot,MUTEX,missing,missing,missing,missing,missing,missing,missing,missing,missing,missing,missing,missing,missing
event_thread_pipe_slot,PIPE,partial,implemented,missing,implemented,missing,diagnostic_only,diagnostic_only,diagnostic_only,diagnostic_only,diagnostic_only,partial,implemented,missing
event_thread_pipe_slot,SLOT,partial,implemented,missing,implemented,missing,diagnostic_only,missing,diagnostic_only,diagnostic_only,diagnostic_only,implemented,implemented,partial
event_thread_pipe_slot,THREAD,partial,implemented,missing,implemented,missing,missing,missing,diagnostic_only,missing,diagnostic_only,partial,implemented,diagnostic_only
ffi_forms,CALL API,missing,missing,missing,missing,missing,missing,missing,missing,missing,diagnostic_only,missing,implemented,missing
ffi_forms,CALL DLL,missing,missing,missing,diagnostic_only,missing,missing,missing,diagnostic_only,missing,diagnostic_only,missing,partial,missing
ffi_forms,CDECL,partial,implemented,missing,partial,missing,partial,missing,diagnostic_only,missing,missing,implemented,implemented,missing
ffi_forms,DECLARE,implemented,implemented,missing,implemented,missing,partial,diagnostic_only,diagnostic_only,diagnostic_only,missing,implemented,implemented,missing
ffi_forms,IMPORT,partial,implemented,missing,partial,missing,missing,missing,missing,missing,diagnostic_only,partial,implemented,diagnostic_only
ffi_forms,STDCALL,partial,implemented,missing,partial,missing,partial,missing,diagnostic_only,missing,missing,partial,implemented,missing
file_io,CLOSE,implemented,implemented,implemented,implemented,partial,diagnostic_only,missing,missing,missing,diagnostic_only,implemented,implemented,missing
file_io,EOF,implemented,implemented,missing,missing,missing,missing,diagnostic_only,missing,diagnostic_only,missing,implemented,implemented,missing
file_io,GET,partial,implemented,missing,implemented,missing,diagnostic_only,diagnostic_only,missing,diagnostic_only,missing,implemented,implemented,missing
file_io,INPUT #,partial,partial,missing,missing,missing,missing,missing,missing,missing,missing,implemented,implemented,missing
file_io,LOF,partial,implemented,missing,missing,missing,missing,diagnostic_only,missing,diagnostic_only,missing,diagnostic_only,partial,missing
file_io,OPEN,implemented,implemented,implemented,implemented,partial,diagnostic_only,missing,missing,missing,diagnostic_only,implemented,implemented,diagnostic_only
file_io,PRINT #,missing,implemented,implemented,implemented,partial,missing,missing,missing,missing,diagnostic_only,implemented,partial,missing
file_io,PUT,partial,implemented,missing,partial,missing,diagnostic_only,missing,missing,missing,missing,implemented,implemented,missing
high_precision_types,BALL,partial,implemented,missing,implemented,missing,missing,missing,missing,missing,missing,implemented,implemented,implemented
high_precision_types,BIGD,partial,implemented,missing,implemented,missing,missing,missing,missing,missing,missing,implemented,implemented,implemented
high_precision_types,BIGF,partial,implemented,missing,implemented,missing,missing,missing,missing,missing,missing,implemented,implemented,implemented
high_precision_types,F128,partial,implemented,missing,implemented,missing,missing,missing,missing,diagnostic_only,missing,diagnostic_only,implemented,implemented
high_precision_types,F80,partial,implemented,missing,partial,missing,diagnostic_only,diagnostic_only,missing,diagnostic_only,missing,implemented,implemented,implemented
inline_forms,ASM,missing,partial,missing,missing,missing,missing,missing,missing,missing,missing,missing,implemented,missing
inline_forms,END ASM,missing,missing,missing,missing,missing,missing,missing,missing,missing,missing,missing,implemented,missing
inline_forms,INLINE,partial,implemented,missing,missing,missing,missing,missing,missing,missing,diagnostic_only,missing,implemented,partial
memory_operations,ALLOC,missing,missing,missing,missing,missing,missing,missing,missing,missing,diagnostic_only,missing,partial,missing
memory_operations,FREE,missing,missing,missing,missing,missing,missing,missing,missing,diagnostic_only,diagnostic_only,missing,implemented,missing
memory_operations,MEMCPY,missing,missing,missing,missing,missing,missing,missing,missing,missing,missing,missing,missing,missing
memory_operations,PEEK,missing,missing,missing,missing,missing,missing,missing,missing,missing,missing,missing,missing,missing
memory_operations,POKE,partial,implemented,missing,partial,missing,missing,missing,missing,missing,missing,missing,missing,missing
memory_operations,VARPTR,partial,implemented,missing,partial,missing,missing,diagnostic_only,missing,diagnostic_only,missing,diagnostic_only,implemented,missing
oop_features,ABSTRACT,partial,implemented,missing,partial,missing,missing,missing,missing,missing,missing,diagnostic_only,implemented,missing
oop_features,DELETE,partial,implemented,missing,partial,missing,missing,missing,missing,diagnostic_only,diagnostic_only,diagnostic_only,implemented,missing
oop_features,FINAL,partial,implemented,missing,partial,missing,missing,missing,missing,missing,missing,partial,implemented,missing
oop_features,MIXIN,partial,partial,missing,partial,missing,missing,missing,missing,missing,missing,diagnostic_only,implemented,missing
oop_features,NEW,partial,implemented,missing,implemented,missing,partial,diagnostic_only,diagnostic_only,missing,diagnostic_only,diagnostic_only,implemented,diagnostic_only
oop_features,OPERATOR,partial,implemented,partial,partial,missing,missing,missing,missing,diagnostic_only,missing,partial,implemented,missing
oop_features,PROPERTY,partial,partial,missing,partial,missing,missing,diagnostic_only,missing,missing,missing,diagnostic_only,implemented,missing
oop_features,SUPER,missing,missing,missing,missing,missing,missing,missing,missing,diagnostic_only,missing,diagnostic_only,implemented,missing
oop_features,THIS,missing,partial,partial,implemented,missing,partial,diagnostic_only,missing,diagnostic_only,missing,partial,implemented,diagnostic_only
operators,*,implemented,implemented,implemented,implemented,missing,diagnostic_only,diagnostic_only,missing,diagnostic_only,diagnostic_only,implemented,implemented,partial
operators,+,implemented,implemented,implemented,implemented,partial,diagnostic_only,diagnostic_only,diagnostic_only,diagnostic_only,diagnostic_only,implemented,implemented,partial
operators,-,implemented,implemented,implemented,implemented,partial,partial,diagnostic_only,diagnostic_only,diagnostic_only,diagnostic_only,implemented,implemented,implemented
operators,/,implemented,implemented,implemented,implemented,partial,partial,diagnostic_only,diagnostic_only,diagnostic_only,diagnostic_only,implemented,implemented,implemented
operators,<,implemented,implemented,implemented,implemented,partial,diagnostic_only,diagnostic_only,diagnostic_only,diagnostic_only,diagnostic_only,implemented,implemented,missing
operators,<=,implemented,implemented,partial,implemented,missing,diagnostic_only,diagnostic_only,diagnostic_only,diagnostic_only,missing,implemented,implemented,missing
operators,<>,implemented,implemented,implemented,implemented,partial,diagnostic_only,diagnostic_only,diagnostic_only,diagnostic_only,diagnostic_only,implemented,implemented,missing
operators,=,implemented,implemented,implemented,implemented,partial,partial,diagnostic_only,diagnostic_only,diagnostic_only,diagnostic_only,implemented,implemented,implemented
operators,>,implemented,implemented,implemented,implemented,partial,partial,diagnostic_only,diagnostic_only,diagnostic_only,diagnostic_only,implemented,implemented,implemented
operators,>=,implemented,implemented,implemented,implemented,partial,diagnostic_only,diagnostic_only,diagnostic_only,diagnostic_only,diagnostic_only,implemented,implemented,missing
operators,AND,implemented,implemented,implemented,implemented,partial,partial,diagnostic_only,diagnostic_only,diagnostic_only,diagnostic_only,implemented,implemented,diagnostic_only
operators,MOD,partial,implemented,missing,implemented,missing,partial,diagnostic_only,missing,diagnostic_only,diagnostic_only,partial,implemented,diagnostic_only
operators,NOT,implemented,implemented,partial,implemented,missing,partial,diagnostic_only,diagnostic_only,diagnostic_only,diagnostic_only,implemented,implemented,diagnostic_only
operators,OR,implemented,implemented,implemented,implemented,partial,partial,diagnostic_only,diagnostic_only,diagnostic_only,diagnostic_only,implemented,implemented,diagnostic_only
operators,SHL,partial,implemented,partial,implemented,missing,partial,diagnostic_only,diagnostic_only,diagnostic_only,diagnostic_only,implemented,implemented,diagnostic_only
operators,SHR,partial,implemented,missing,implemented,missing,partial,diagnostic_only,missing,diagnostic_only,diagnostic_only,partial,partial,diagnostic_only
operators,XOR,partial,implemented,missing,implemented,missing,partial,diagnostic_only,diagnostic_only,diagnostic_only,diagnostic_only,diagnostic_only,implemented,diagnostic_only
primitive_types,BOOLEAN,partial,implemented,partial,implemented,missing,missing,missing,diagnostic_only,diagnostic_only,missing,missing,implemented,missing
primitive_types,F32,partial,implemented,missing,implemented,missing,diagnostic_only,diagnostic_only,missing,diagnostic_only,missing,diagnostic_only,implemented,partial
primitive_types,F64,partial,implemented,missing,implemented,missing,diagnostic_only,diagnostic_only,diagnostic_only,diagnostic_only,missing,partial,implemented,partial
primitive_types,I16,partial,implemented,missing,implemented,missing,missing,diagnostic_only,missing,diagnostic_only,missing,diagnostic_only,implemented,missing
primitive_types,I32,partial,implemented,missing,implemented,missing,diagnostic_only,missing,diagnostic_only,diagnostic_only,missing,partial,implemented,missing
primitive_types,I64,partial,implemented,missing,implemented,missing,missing,missing,missing,diagnostic_only,missing,diagnostic_only,implemented,missing
primitive_types,I8,partial,implemented,missing,implemented,missing,missing,diagnostic_only,missing,diagnostic_only,missing,diagnostic_only,implemented,missing
primitive_types,STRING,implemented,implemented,implemented,implemented,partial,partial,diagnostic_only,diagnostic_only,diagnostic_only,diagnostic_only,implemented,implemented,missing
primitive_types,U16,partial,implemented,missing,implemented,missing,missing,diagnostic_only,missing,diagnostic_only,missing,diagnostic_only,missing,missing
primitive_types,U32,partial,implemented,missing,implemented,missing,missing,missing,missing,diagnostic_only,missing,diagnostic_only,partial,missing
primitive_types,U64,partial,implemented,missing,implemented,missing,missing,missing,diagnostic_only,diagnostic_only,missing,partial,implemented,missing
primitive_types,U8,partial,implemented,missing,implemented,missing,missing,diagnostic_only,missing,diagnostic_only,missing,diagnostic_only,implemented,missing
statements,ABS,partial,implemented,missing,partial,missing,missing,diagnostic_only,missing,diagnostic_only,diagnostic_only,diagnostic_only,implemented,diagnostic_only
statements,ABSTRACT,partial,implemented,missing,partial,missing,missing,missing,missing,missing,missing,diagnostic_only,implemented,missing
statements,ALIAS,partial,implemented,missing,partial,missing,partial,diagnostic_only,missing,missing,missing,implemented,implemented,missing
statements,AND,implemented,implemented,implemented,implemented,partial,partial,diagnostic_only,diagnostic_only,diagnostic_only,diagnostic_only,implemented,implemented,diagnostic_only
statements,ARRAY,partial,implemented,missing,implemented,partial,partial,diagnostic_only,diagnostic_only,missing,diagnostic_only,implemented,implemented,diagnostic_only
statements,AS,implemented,implemented,implemented,implemented,partial,partial,diagnostic_only,diagnostic_only,diagnostic_only,diagnostic_only,implemented,implemented,partial
statements,ASC,implemented,implemented,implemented,implemented,missing,missing,diagnostic_only,diagnostic_only,diagnostic_only,diagnostic_only,implemented,implemented,diagnostic_only
statements,ASSERT,partial,implemented,missing,implemented,missing,diagnostic_only,missing,missing,missing,diagnostic_only,partial,implemented,missing
statements,ATN,partial,implemented,missing,partial,missing,diagnostic_only,diagnostic_only,missing,diagnostic_only,missing,diagnostic_only,implemented,missing
statements,BALL,partial,implemented,missing,implemented,missing,missing,missing,missing,missing,missing,implemented,implemented,implemented
statements,BIGD,partial,implemented,missing,implemented,missing,missing,missing,missing,missing,missing,implemented,implemented,implemented
statements,BIGF,partial,implemented,missing,implemented,missing,missing,missing,missing,missing,missing,implemented,implemented,implemented
statements,BOOLEAN,partial,implemented,partial,implemented,missing,missing,missing,diagnostic_only,diagnostic_only,missing,missing,implemented,missing
statements,BYREF,implemented,implemented,implemented,implemented,partial,partial,diagnostic_only,diagnostic_only,diagnostic_only,diagnostic_only,implemented,implemented,missing
statements,BYTE,partial,implemented,missing,partial,missing,missing,diagnostic_only,diagnostic_only,diagnostic_only,missing,implemented,implemented,partial
statements,BYVAL,implemented,implemented,implemented,implemented,partial,partial,diagnostic_only,diagnostic_only,diagnostic_only,missing,implemented,implemented,missing
statements,CALL,partial,implemented,missing,implemented,missing,partial,diagnostic_only,diagnostic_only,diagnostic_only,diagnostic_only,partial,implemented,diagnostic_only
statements,CASE,implemented,implemented,implemented,implemented,partial,diagnostic_only,diagnostic_only,diagnostic_only,diagnostic_only,diagnostic_only,implemented,implemented,missing
statements,CATCH,partial,implemented,missing,partial,missing,missing,missing,missing,missing,diagnostic_only,missing,implemented,missing
statements,CDBL,partial,implemented,missing,implemented,missing,diagnostic_only,diagnostic_only,diagnostic_only,diagnostic_only,missing,implemented,partial,missing
statements,CDECL,partial,implemented,missing,partial,missing,partial,missing,diagnostic_only,missing,missing,implemented,implemented,missing
statements,CHR,implemented,implemented,implemented,implemented,partial,diagnostic_only,diagnostic_only,missing,diagnostic_only,diagnostic_only,implemented,implemented,missing
statements,CINT,partial,implemented,missing,implemented,missing,missing,diagnostic_only,diagnostic_only,missing,diagnostic_only,implemented,implemented,diagnostic_only
statements,CLASS,partial,implemented,missing,implemented,partial,diagnostic_only,diagnostic_only,diagnostic_only,diagnostic_only,missing,diagnostic_only,implemented,diagnostic_only
statements,CLNG,partial,implemented,missing,implemented,missing,missing,diagnostic_only,diagnostic_only,missing,diagnostic_only,partial,diagnostic_only,diagnostic_only
statements,CLOSE,implemented,implemented,implemented,implemented,partial,diagnostic_only,missing,missing,missing,diagnostic_only,implemented,implemented,missing
statements,CLS,partial,implemented,missing,partial,missing,diagnostic_only,missing,missing,missing,diagnostic_only,partial,implemented,diagnostic_only
statements,CODEPTR,partial,implemented,missing,missing,missing,missing,diagnostic_only,missing,missing,missing,diagnostic_only,implemented,missing
statements,COLOR,partial,implemented,missing,partial,missing,diagnostic_only,missing,missing,missing,diagnostic_only,implemented,implemented,diagnostic_only
statements,CONST,partial,implemented,implemented,implemented,partial,partial,diagnostic_only,diagnostic_only,diagnostic_only,diagnostic_only,partial,implemented,diagnostic_only
statements,CONSTRUCTOR,partial,implemented,partial,diagnostic_only,missing,missing,missing,diagnostic_only,missing,missing,diagnostic_only,implemented,partial
statements,COS,partial,implemented,missing,partial,missing,diagnostic_only,diagnostic_only,missing,diagnostic_only,missing,diagnostic_only,implemented,missing
statements,CSNG,partial,implemented,missing,partial,missing,diagnostic_only,diagnostic_only,missing,diagnostic_only,missing,diagnostic_only,partial,missing
statements,DEC,partial,implemented,missing,missing,missing,missing,diagnostic_only,missing,diagnostic_only,missing,diagnostic_only,implemented,missing
statements,DECLARE,implemented,implemented,missing,implemented,missing,partial,diagnostic_only,diagnostic_only,diagnostic_only,missing,implemented,implemented,missing
statements,DECORATOR,partial,partial,missing,partial,missing,missing,missing,missing,missing,missing,diagnostic_only,implemented,missing
statements,DEFBYT,partial,implemented,missing,diagnostic_only,missing,missing,diagnostic_only,missing,missing,missing,diagnostic_only,missing,missing
statements,DEFDBL,partial,implemented,missing,diagnostic_only,missing,missing,diagnostic_only,missing,missing,missing,diagnostic_only,missing,missing
statements,DEFEXT,partial,implemented,missing,diagnostic_only,missing,missing,diagnostic_only,missing,missing,missing,diagnostic_only,missing,missing
statements,DEFINT,partial,implemented,missing,diagnostic_only,missing,missing,diagnostic_only,missing,missing,missing,diagnostic_only,implemented,missing
statements,DEFLNG,partial,implemented,missing,diagnostic_only,missing,missing,diagnostic_only,missing,missing,missing,diagnostic_only,missing,missing
statements,DEFSNG,partial,implemented,missing,diagnostic_only,missing,missing,diagnostic_only,missing,missing,missing,diagnostic_only,missing,missing
statements,DEFSTR,partial,implemented,missing,diagnostic_only,missing,missing,diagnostic_only,missing,missing,missing,diagnostic_only,missing,missing
statements,DELETE,partial,implemented,missing,partial,missing,missing,missing,missing,diagnostic_only,diagnostic_only,diagnostic_only,implemented,missing
statements,DESTRUCTOR,partial,implemented,partial,missing,missing,missing,diagnostic_only,missing,diagnostic_only,missing,diagnostic_only,implemented,missing
statements,DICT,partial,implemented,missing,implemented,partial,missing,diagnostic_only,missing,missing,missing,implemented,implemented,missing
statements,DIM,implemented,implemented,implemented,implemented,partial,partial,diagnostic_only,diagnostic_only,diagnostic_only,diagnostic_only,implemented,implemented,partial
statements,DO,implemented,implemented,implemented,implemented,partial,diagnostic_only,diagnostic_only,diagnostic_only,diagnostic_only,diagnostic_only,partial,implemented,missing
statements,EACH,partial,implemented,missing,partial,missing,missing,diagnostic_only,missing,diagnostic_only,missing,partial,implemented,missing
statements,ELSE,implemented,implemented,implemented,implemented,partial,diagnostic_only,diagnostic_only,diagnostic_only,diagnostic_only,diagnostic_only,implemented,implemented,missing
statements,ELSEIF,implemented,implemented,partial,implemented,missing,diagnostic_only,diagnostic_only,diagnostic_only,diagnostic_only,missing,implemented,implemented,missing
statements,END,implemented,implemented,implemented,implemented,partial,partial,diagnostic_only,diagnostic_only,diagnostic_only,diagnostic_only,implemented,implemented,partial
statements,EOF,implemented,implemented,missing,missing,missing,missing,diagnostic_only,missing,diagnostic_only,missing,implemented,implemented,missing
statements,EVENT,partial,implemented,missing,implemented,missing,missing,missing,diagnostic_only,missing,diagnostic_only,implemented,implemented,partial
statements,EXIT,implemented,implemented,implemented,implemented,partial,partial,diagnostic_only,missing,diagnostic_only,missing,implemented,implemented,missing
statements,EXP,partial,implemented,missing,partial,missing,diagnostic_only,diagnostic_only,missing,diagnostic_only,missing,diagnostic_only,implemented,missing
statements,F128,partial,implemented,missing,implemented,missing,missing,missing,missing,diagnostic_only,missing,diagnostic_only,implemented,implemented
statements,F32,partial,implemented,missing,implemented,missing,diagnostic_only,diagnostic_only,missing,diagnostic_only,missing,diagnostic_only,implemented,partial
statements,F64,partial,implemented,missing,implemented,missing,diagnostic_only,diagnostic_only,diagnostic_only,diagnostic_only,missing,partial,implemented,partial
statements,F80,partial,implemented,missing,partial,missing,diagnostic_only,diagnostic_only,missing,diagnostic_only,missing,implemented,implemented,implemented
statements,FINAL,partial,implemented,missing,partial,missing,missing,missing,missing,missing,missing,partial,implemented,missing
statements,FINALLY,partial,implemented,missing,partial,missing,missing,missing,missing,missing,diagnostic_only,missing,implemented,missing
statements,FIX,partial,implemented,missing,partial,missing,missing,diagnostic_only,missing,diagnostic_only,diagnostic_only,diagnostic_only,partial,diagnostic_only
statements,FOR,implemented,implemented,implemented,implemented,partial,partial,diagnostic_only,diagnostic_only,diagnostic_only,diagnostic_only,implemented,implemented,diagnostic_only
statements,FRIEND,partial,implemented,missing,missing,missing,missing,missing,missing,missing,missing,missing,implemented,missing
statements,FUNCTION,implemented,implemented,implemented,implemented,partial,partial,diagnostic_only,diagnostic_only,diagnostic_only,diagnostic_only,implemented,implemented,diagnostic_only
statements,GET,partial,implemented,missing,implemented,missing,diagnostic_only,diagnostic_only,missing,diagnostic_only,missing,implemented,implemented,missing
statements,GETKEY,partial,implemented,missing,partial,missing,missing,diagnostic_only,missing,diagnostic_only,diagnostic_only,diagnostic_only,diagnostic_only,diagnostic_only
statements,GOSUB,partial,implemented,missing,missing,missing,missing,diagnostic_only,missing,diagnostic_only,missing,diagnostic_only,implemented,missing
statements,GOTO,partial,implemented,missing,implemented,missing,missing,diagnostic_only,missing,diagnostic_only,missing,implemented,implemented,missing
statements,I16,partial,implemented,missing,implemented,missing,missing,diagnostic_only,missing,diagnostic_only,missing,diagnostic_only,implemented,missing
statements,I32,partial,implemented,missing,implemented,missing,diagnostic_only,missing,diagnostic_only,diagnostic_only,missing,partial,implemented,missing
statements,I64,partial,implemented,missing,implemented,missing,missing,missing,missing,diagnostic_only,missing,diagnostic_only,implemented,missing
statements,I8,partial,implemented,missing,implemented,missing,missing,diagnostic_only,missing,diagnostic_only,missing,diagnostic_only,implemented,missing
statements,IF,implemented,implemented,implemented,implemented,partial,partial,diagnostic_only,diagnostic_only,diagnostic_only,diagnostic_only,implemented,implemented,diagnostic_only
statements,IMMUTABLE,partial,partial,missing,diagnostic_only,missing,diagnostic_only,diagnostic_only,missing,missing,missing,diagnostic_only,implemented,missing
statements,IMPLEMENTS,partial,partial,missing,partial,missing,missing,missing,missing,missing,missing,missing,implemented,missing
statements,IMPORT,partial,implemented,missing,partial,missing,missing,missing,missing,missing,diagnostic_only,partial,implemented,diagnostic_only
statements,IN,partial,implemented,partial,implemented,missing,partial,diagnostic_only,missing,diagnostic_only,diagnostic_only,implemented,implemented,diagnostic_only
statements,INC,partial,implemented,missing,missing,missing,missing,diagnostic_only,missing,diagnostic_only,missing,diagnostic_only,implemented,missing
statements,INCLUDE,implemented,implemented,partial,implemented,missing,diagnostic_only,diagnostic_only,diagnostic_only,diagnostic_only,missing,partial,implemented,missing
statements,INKEY,partial,implemented,missing,partial,missing,missing,diagnostic_only,missing,diagnostic_only,diagnostic_only,diagnostic_only,diagnostic_only,diagnostic_only
statements,INLINE,partial,implemented,missing,missing,missing,missing,missing,missing,missing,diagnostic_only,missing,implemented,partial
statements,INPUT,implemented,implemented,missing,implemented,missing,diagnostic_only,missing,diagnostic_only,diagnostic_only,diagnostic_only,implemented,implemented,diagnostic_only
statements,INT,partial,implemented,missing,partial,missing,diagnostic_only,diagnostic_only,missing,diagnostic_only,diagnostic_only,partial,implemented,diagnostic_only
statements,INTERFACE,partial,implemented,missing,implemented,partial,missing,missing,missing,missing,missing,missing,implemented,missing
statements,IS,partial,implemented,missing,implemented,missing,partial,diagnostic_only,diagnostic_only,diagnostic_only,diagnostic_only,partial,implemented,diagnostic_only
statements,KEYWORD,implemented,implemented,missing,missing,missing,missing,missing,missing,missing,diagnostic_only,partial,implemented,implemented
statements,LCASE,partial,implemented,missing,partial,missing,missing,missing,missing,diagnostic_only,missing,implemented,implemented,missing
statements,LEN,implemented,implemented,implemented,implemented,partial,diagnostic_only,diagnostic_only,diagnostic_only,diagnostic_only,diagnostic_only,implemented,implemented,diagnostic_only
statements,LIST,partial,implemented,partial,implemented,partial,missing,diagnostic_only,missing,missing,missing,implemented,implemented,partial
statements,LOCATE,partial,implemented,missing,partial,missing,diagnostic_only,missing,missing,missing,diagnostic_only,implemented,implemented,diagnostic_only
statements,LOF,partial,implemented,missing,missing,missing,missing,diagnostic_only,missing,diagnostic_only,missing,diagnostic_only,partial,missing
statements,LOG,partial,implemented,missing,partial,missing,diagnostic_only,diagnostic_only,missing,diagnostic_only,missing,partial,implemented,diagnostic_only
statements,LOOP,implemented,implemented,implemented,implemented,partial,diagnostic_only,diagnostic_only,diagnostic_only,diagnostic_only,missing,partial,implemented,missing
statements,LPTR,partial,implemented,missing,missing,missing,missing,diagnostic_only,missing,missing,missing,diagnostic_only,implemented,missing
statements,LTRIM,implemented,implemented,implemented,implemented,missing,diagnostic_only,diagnostic_only,diagnostic_only,diagnostic_only,missing,implemented,implemented,missing
statements,MAGIC,partial,partial,missing,partial,missing,missing,missing,missing,missing,missing,missing,partial,missing
statements,MAIN,partial,implemented,missing,diagnostic_only,missing,diagnostic_only,missing,missing,diagnostic_only,diagnostic_only,partial,implemented,missing
statements,MEMCOPYB,partial,implemented,missing,partial,missing,missing,missing,missing,diagnostic_only,missing,diagnostic_only,implemented,missing
statements,MEMCOPYD,partial,implemented,missing,partial,missing,missing,missing,missing,diagnostic_only,missing,diagnostic_only,implemented,missing
statements,MEMCOPYW,partial,implemented,missing,partial,missing,missing,missing,missing,diagnostic_only,missing,diagnostic_only,implemented,missing
statements,MEMFILLB,partial,implemented,missing,partial,missing,missing,missing,missing,diagnostic_only,missing,diagnostic_only,implemented,missing
statements,MEMFILLD,partial,implemented,missing,partial,missing,missing,missing,missing,diagnostic_only,missing,diagnostic_only,implemented,missing
statements,MEMFILLW,partial,implemented,missing,partial,missing,missing,missing,missing,diagnostic_only,missing,diagnostic_only,implemented,missing
statements,METHOD,partial,implemented,missing,partial,missing,diagnostic_only,diagnostic_only,missing,diagnostic_only,missing,diagnostic_only,implemented,missing
statements,MID,implemented,implemented,implemented,implemented,partial,diagnostic_only,diagnostic_only,diagnostic_only,diagnostic_only,missing,implemented,implemented,missing
statements,MIXIN,partial,partial,missing,partial,missing,missing,missing,missing,missing,missing,diagnostic_only,implemented,missing
statements,MOD,partial,implemented,missing,implemented,missing,partial,diagnostic_only,missing,diagnostic_only,diagnostic_only,partial,implemented,diagnostic_only
statements,MODULE,partial,implemented,missing,implemented,missing,partial,missing,diagnostic_only,missing,diagnostic_only,missing,implemented,partial
statements,MUTABLE,partial,implemented,missing,missing,missing,missing,missing,missing,missing,missing,missing,implemented,missing
statements,NAMESPACE,partial,implemented,missing,missing,missing,missing,missing,missing,missing,missing,missing,implemented,missing
statements,NEW,partial,implemented,missing,implemented,missing,partial,diagnostic_only,diagnostic_only,missing,diagnostic_only,diagnostic_only,implemented,diagnostic_only
statements,NEXT,implemented,implemented,implemented,implemented,partial,diagnostic_only,diagnostic_only,diagnostic_only,diagnostic_only,diagnostic_only,implemented,implemented,missing
statements,NOT,implemented,implemented,partial,implemented,missing,partial,diagnostic_only,diagnostic_only,diagnostic_only,diagnostic_only,implemented,implemented,diagnostic_only
statements,OBJECT,partial,implemented,missing,partial,missing,missing,diagnostic_only,missing,diagnostic_only,missing,partial,implemented,partial
statements,OFF,implemented,implemented,missing,implemented,missing,missing,missing,missing,diagnostic_only,diagnostic_only,implemented,implemented,missing
statements,OFFSETOF,partial,implemented,missing,implemented,missing,diagnostic_only,diagnostic_only,missing,diagnostic_only,missing,diagnostic_only,implemented,missing
statements,ON,implemented,implemented,partial,implemented,missing,diagnostic_only,diagnostic_only,missing,diagnostic_only,missing,implemented,implemented,diagnostic_only
statements,OP,implemented,implemented,implemented,implemented,partial,partial,diagnostic_only,diagnostic_only,diagnostic_only,diagnostic_only,implemented,implemented,partial
statements,OPEN,implemented,implemented,implemented,implemented,partial,diagnostic_only,missing,missing,missing,diagnostic_only,implemented,implemented,diagnostic_only
statements,OPERATOR,partial,implemented,partial,partial,missing,missing,missing,missing,diagnostic_only,missing,partial,implemented,missing
statements,OR,implemented,implemented,implemented,implemented,partial,partial,diagnostic_only,diagnostic_only,diagnostic_only,diagnostic_only,implemented,implemented,diagnostic_only
statements,OVERRIDE,partial,partial,missing,partial,missing,missing,missing,missing,missing,missing,diagnostic_only,implemented,missing
statements,PARALEL,partial,implemented,missing,implemented,missing,missing,missing,diagnostic_only,missing,missing,partial,implemented,missing
statements,PARALLEL,partial,partial,missing,missing,missing,missing,missing,missing,missing,missing,missing,diagnostic_only,missing
statements,PEEKB,partial,implemented,missing,implemented,missing,missing,diagnostic_only,missing,diagnostic_only,missing,diagnostic_only,implemented,missing
statements,PEEKD,partial,implemented,missing,implemented,missing,missing,diagnostic_only,missing,diagnostic_only,missing,diagnostic_only,implemented,missing
statements,PEEKW,partial,implemented,missing,implemented,missing,missing,diagnostic_only,missing,diagnostic_only,missing,diagnostic_only,implemented,missing
statements,PIPE,partial,implemented,missing,implemented,missing,diagnostic_only,diagnostic_only,diagnostic_only,diagnostic_only,diagnostic_only,partial,implemented,missing
statements,POKE,partial,implemented,missing,partial,missing,missing,missing,missing,missing,missing,missing,missing,missing
statements,POKEB,partial,implemented,missing,implemented,missing,missing,missing,missing,diagnostic_only,missing,diagnostic_only,implemented,missing
statements,POKED,partial,implemented,missing,implemented,missing,missing,missing,missing,diagnostic_only,missing,diagnostic_only,implemented,missing
statements,POKES,partial,implemented,missing,partial,missing,diagnostic_only,missing,missing,missing,missing,diagnostic_only,implemented,missing
statements,POKEW,partial,implemented,missing,implemented,missing,missing,missing,missing,diagnostic_only,missing,diagnostic_only,implemented,missing
statements,PRINT,partial,implemented,implemented,implemented,partial,diagnostic_only,missing,missing,diagnostic_only,diagnostic_only,implemented,implemented,partial
statements,PRIVATE,implemented,implemented,implemented,implemented,partial,diagnostic_only,diagnostic_only,diagnostic_only,diagnostic_only,diagnostic_only,implemented,implemented,missing
statements,PROPERTY,partial,partial,missing,partial,missing,missing,diagnostic_only,missing,missing,missing,diagnostic_only,implemented,missing
statements,PROTECTED,partial,implemented,missing,missing,missing,missing,missing,missing,missing,missing,diagnostic_only,partial,missing
statements,PTR,partial,implemented,partial,implemented,missing,partial,diagnostic_only,diagnostic_only,diagnostic_only,missing,implemented,implemented,missing
statements,PUBLIC,partial,implemented,missing,missing,missing,missing,missing,missing,missing,missing,diagnostic_only,implemented,missing
statements,PUT,partial,implemented,missing,partial,missing,diagnostic_only,missing,missing,missing,missing,implemented,implemented,missing
statements,RANDOMIZE,partial,implemented,missing,partial,missing,diagnostic_only,missing,missing,missing,diagnostic_only,diagnostic_only,implemented,diagnostic_only
statements,READONLY,partial,partial,missing,diagnostic_only,missing,diagnostic_only,diagnostic_only,missing,missing,missing,diagnostic_only,implemented,missing
statements,REDIM,implemented,implemented,implemented,implemented,partial,partial,diagnostic_only,diagnostic_only,diagnostic_only,diagnostic_only,implemented,implemented,diagnostic_only
statements,RESTRICTED,partial,implemented,missing,missing,missing,missing,missing,missing,missing,missing,diagnostic_only,implemented,missing
statements,RETURN,implemented,implemented,implemented,implemented,partial,partial,diagnostic_only,diagnostic_only,diagnostic_only,diagnostic_only,implemented,implemented,partial
statements,RND,partial,implemented,missing,partial,missing,diagnostic_only,diagnostic_only,missing,diagnostic_only,diagnostic_only,diagnostic_only,implemented,diagnostic_only
statements,ROL,partial,implemented,missing,implemented,missing,partial,diagnostic_only,missing,diagnostic_only,diagnostic_only,diagnostic_only,implemented,partial
statements,ROR,partial,implemented,missing,implemented,missing,partial,diagnostic_only,missing,diagnostic_only,diagnostic_only,diagnostic_only,partial,diagnostic_only
statements,RTRIM,partial,implemented,missing,partial,missing,missing,missing,missing,diagnostic_only,missing,partial,partial,missing
statements,SADD,partial,implemented,missing,missing,missing,missing,diagnostic_only,missing,missing,missing,diagnostic_only,implemented,missing
statements,SEALED,partial,implemented,missing,partial,missing,missing,missing,missing,missing,missing,missing,implemented,missing
statements,SEEK,partial,implemented,missing,partial,missing,diagnostic_only,missing,missing,missing,missing,implemented,implemented,missing
statements,SELECT,implemented,implemented,implemented,implemented,partial,diagnostic_only,diagnostic_only,diagnostic_only,diagnostic_only,diagnostic_only,implemented,implemented,missing
statements,SET,partial,implemented,partial,implemented,partial,diagnostic_only,diagnostic_only,missing,diagnostic_only,diagnostic_only,implemented,implemented,missing
statements,SETNEWOFFSET,partial,implemented,missing,partial,missing,diagnostic_only,missing,missing,missing,missing,diagnostic_only,implemented,missing
statements,SETSTRINGSIZE,partial,implemented,missing,implemented,missing,partial,diagnostic_only,missing,missing,diagnostic_only,diagnostic_only,implemented,diagnostic_only
statements,SGN,partial,implemented,missing,partial,missing,missing,diagnostic_only,missing,diagnostic_only,diagnostic_only,diagnostic_only,implemented,diagnostic_only
statements,SHL,partial,implemented,partial,implemented,missing,partial,diagnostic_only,diagnostic_only,diagnostic_only,diagnostic_only,implemented,implemented,diagnostic_only
statements,SHR,partial,implemented,missing,implemented,missing,partial,diagnostic_only,missing,diagnostic_only,diagnostic_only,partial,partial,diagnostic_only
statements,SIHIRLIMETOT,partial,partial,missing,partial,missing,missing,missing,missing,missing,missing,missing,partial,missing
statements,SIN,partial,implemented,missing,partial,missing,diagnostic_only,diagnostic_only,missing,diagnostic_only,missing,diagnostic_only,implemented,missing
statements,SIZEOF,partial,implemented,missing,partial,missing,missing,diagnostic_only,diagnostic_only,missing,missing,implemented,implemented,missing
statements,SLOT,partial,implemented,missing,implemented,missing,diagnostic_only,missing,diagnostic_only,diagnostic_only,diagnostic_only,implemented,implemented,partial
statements,SPACE,partial,implemented,missing,partial,missing,missing,missing,missing,diagnostic_only,missing,partial,implemented,missing
statements,SQR,partial,implemented,missing,partial,missing,diagnostic_only,diagnostic_only,missing,diagnostic_only,missing,diagnostic_only,implemented,missing
statements,SQRT,partial,implemented,missing,missing,missing,missing,missing,missing,missing,missing,missing,partial,missing
statements,STATIC,partial,partial,missing,diagnostic_only,missing,diagnostic_only,diagnostic_only,missing,missing,missing,diagnostic_only,implemented,diagnostic_only
statements,STDCALL,partial,implemented,missing,partial,missing,partial,missing,diagnostic_only,missing,missing,partial,implemented,missing
statements,STEP,implemented,implemented,implemented,implemented,partial,diagnostic_only,diagnostic_only,missing,diagnostic_only,missing,implemented,implemented,missing
statements,STR,implemented,implemented,implemented,implemented,missing,diagnostic_only,diagnostic_only,diagnostic_only,diagnostic_only,missing,implemented,implemented,missing
statements,STRING,implemented,implemented,implemented,implemented,partial,partial,diagnostic_only,diagnostic_only,diagnostic_only,diagnostic_only,implemented,implemented,missing
statements,STRPTR,partial,implemented,missing,diagnostic_only,missing,missing,diagnostic_only,diagnostic_only,missing,missing,partial,implemented,missing
statements,SUB,implemented,implemented,implemented,implemented,partial,partial,diagnostic_only,diagnostic_only,diagnostic_only,diagnostic_only,implemented,implemented,diagnostic_only
statements,TAN,partial,implemented,missing,partial,missing,diagnostic_only,diagnostic_only,missing,diagnostic_only,missing,diagnostic_only,implemented,missing
statements,THEN,implemented,implemented,implemented,implemented,partial,diagnostic_only,diagnostic_only,diagnostic_only,diagnostic_only,diagnostic_only,implemented,implemented,diagnostic_only
statements,THREAD,partial,implemented,missing,implemented,missing,missing,missing,diagnostic_only,missing,diagnostic_only,partial,implemented,diagnostic_only
statements,THREAT,partial,partial,missing,missing,missing,missing,missing,missing,missing,missing,missing,missing,missing
statements,THROW,partial,implemented,missing,implemented,missing,diagnostic_only,missing,missing,missing,diagnostic_only,partial,implemented,missing
statements,TIMER,partial,implemented,missing,partial,missing,diagnostic_only,diagnostic_only,missing,diagnostic_only,diagnostic_only,implemented,implemented,diagnostic_only
statements,TO,implemented,implemented,implemented,implemented,partial,partial,diagnostic_only,diagnostic_only,diagnostic_only,diagnostic_only,implemented,implemented,diagnostic_only
statements,TRIGGER,partial,implemented,missing,partial,missing,missing,missing,missing,diagnostic_only,diagnostic_only,missing,implemented,missing
statements,TRY,partial,implemented,missing,partial,missing,missing,missing,missing,missing,diagnostic_only,implemented,implemented,diagnostic_only
statements,TYPE,implemented,implemented,implemented,implemented,partial,partial,diagnostic_only,diagnostic_only,diagnostic_only,missing,implemented,implemented,diagnostic_only
statements,U16,partial,implemented,missing,implemented,missing,missing,diagnostic_only,missing,diagnostic_only,missing,diagnostic_only,missing,missing
statements,U32,partial,implemented,missing,implemented,missing,missing,missing,missing,diagnostic_only,missing,diagnostic_only,partial,missing
statements,U64,partial,implemented,missing,implemented,missing,missing,missing,diagnostic_only,diagnostic_only,missing,partial,implemented,missing
statements,U8,partial,implemented,missing,implemented,missing,missing,diagnostic_only,missing,diagnostic_only,missing,diagnostic_only,implemented,missing
statements,UCASE,implemented,implemented,implemented,implemented,partial,diagnostic_only,diagnostic_only,diagnostic_only,diagnostic_only,diagnostic_only,implemented,implemented,missing
statements,UNTIL,partial,implemented,missing,missing,missing,missing,missing,missing,missing,missing,partial,partial,missing
statements,USING,partial,implemented,missing,missing,missing,missing,missing,missing,missing,missing,missing,implemented,missing
statements,VAL,partial,implemented,missing,implemented,missing,diagnostic_only,diagnostic_only,diagnostic_only,diagnostic_only,diagnostic_only,implemented,implemented,diagnostic_only
statements,VARPTR,partial,implemented,missing,partial,missing,missing,diagnostic_only,missing,diagnostic_only,missing,diagnostic_only,implemented,missing
statements,VIRTUAL,partial,partial,missing,partial,missing,missing,missing,missing,missing,missing,partial,implemented,missing
statements,WHILE,implemented,implemented,implemented,implemented,partial,diagnostic_only,diagnostic_only,diagnostic_only,diagnostic_only,missing,partial,implemented,missing
statements,XOR,partial,implemented,missing,implemented,missing,partial,diagnostic_only,diagnostic_only,diagnostic_only,diagnostic_only,diagnostic_only,implemented,diagnostic_only
