surface_id,surface_name,surface_kind,lifecycle_route,implementation_owner,compile_time_route,runtime_route,backend_route_x64,backend_route_x86,backend_route_js,backend_route_wat,backend_route_wasm,test_positive,test_negative
UXB-SURFACE-001,ABS,builtin_function,lexer:IMPLEMENTED | parser:IMPLEMENTED | ast_contract:IMPLEMENTED | semantic:IMPLEMENTED | type_binding:MISSING | layout:MISSING | hir:IMPLEMENTED | mir:IMPLEMENTED | mir_verify:IMPLEMENTED -> ast_interpreter:IMPLEMENTED | mir_interpreter:IMPLEMENTED | browser_runtime:IMPLEMENTED -> x64:IMPLEMENTED -> x86:IMPLEMENTED -> js:IMPLEMENTED -> wat:WASM_UNSUPPORTED -> wasm:WASM_UNSUPPORTED,codex-step1,lexer:IMPLEMENTED | parser:IMPLEMENTED | ast_contract:IMPLEMENTED | semantic:IMPLEMENTED | type_binding:MISSING | layout:MISSING | hir:IMPLEMENTED | mir:IMPLEMENTED | mir_verify:IMPLEMENTED,ast_interpreter:IMPLEMENTED | mir_interpreter:IMPLEMENTED | browser_runtime:IMPLEMENTED,IMPLEMENTED,IMPLEMENTED,IMPLEMENTED,WASM_UNSUPPORTED,WASM_UNSUPPORTED,src/parser/parser/parser_shared.fbs,KEEP_GATE_COVERAGE
UXB-SURFACE-002,ASC,builtin_function,lexer:IMPLEMENTED | parser:IMPLEMENTED | ast_contract:IMPLEMENTED | semantic:IMPLEMENTED | type_binding:MISSING | layout:IMPLEMENTED | hir:IMPLEMENTED | mir:IMPLEMENTED | mir_verify:IMPLEMENTED -> ast_interpreter:IMPLEMENTED | mir_interpreter:IMPLEMENTED | browser_runtime:IMPLEMENTED | library_binding:IMPLEMENTED -> x64:IMPLEMENTED -> x86:IMPLEMENTED -> js:IMPLEMENTED -> wat:WASM_UNSUPPORTED -> wasm:WASM_UNSUPPORTED,codex-step1,lexer:IMPLEMENTED | parser:IMPLEMENTED | ast_contract:IMPLEMENTED | semantic:IMPLEMENTED | type_binding:MISSING | layout:IMPLEMENTED | hir:IMPLEMENTED | mir:IMPLEMENTED | mir_verify:IMPLEMENTED,ast_interpreter:IMPLEMENTED | mir_interpreter:IMPLEMENTED | browser_runtime:IMPLEMENTED | library_binding:IMPLEMENTED,IMPLEMENTED,IMPLEMENTED,IMPLEMENTED,WASM_UNSUPPORTED,WASM_UNSUPPORTED,src/parser/parser/parser_path_validation_helpers.fbs,KEEP_GATE_COVERAGE
UXB-SURFACE-003,ATN,builtin_function,lexer:IMPLEMENTED | parser:IMPLEMENTED | ast_contract:IMPLEMENTED | semantic:IMPLEMENTED | type_binding:MISSING | layout:MISSING | hir:IMPLEMENTED | mir:IMPLEMENTED | mir_verify:IMPLEMENTED -> ast_interpreter:IMPLEMENTED | mir_interpreter:IMPLEMENTED | browser_runtime:IMPLEMENTED -> x64:IMPLEMENTED -> x86:IMPLEMENTED -> js:IMPLEMENTED -> wat:WASM_UNSUPPORTED -> wasm:WASM_UNSUPPORTED,codex-step1,lexer:IMPLEMENTED | parser:IMPLEMENTED | ast_contract:IMPLEMENTED | semantic:IMPLEMENTED | type_binding:MISSING | layout:MISSING | hir:IMPLEMENTED | mir:IMPLEMENTED | mir_verify:IMPLEMENTED,ast_interpreter:IMPLEMENTED | mir_interpreter:IMPLEMENTED | browser_runtime:IMPLEMENTED,IMPLEMENTED,IMPLEMENTED,IMPLEMENTED,WASM_UNSUPPORTED,WASM_UNSUPPORTED,src/parser/parser/parser_shared.fbs,KEEP_GATE_COVERAGE
UXB-SURFACE-004,CDBL,builtin_function,lexer:IMPLEMENTED | parser:IMPLEMENTED | ast_contract:IMPLEMENTED | semantic:IMPLEMENTED | type_binding:MISSING | layout:MISSING | hir:IMPLEMENTED | mir:IMPLEMENTED | mir_verify:IMPLEMENTED -> ast_interpreter:IMPLEMENTED | mir_interpreter:IMPLEMENTED | browser_runtime:IMPLEMENTED -> x64:IMPLEMENTED -> x86:IMPLEMENTED -> js:IMPLEMENTED -> wat:WASM_UNSUPPORTED -> wasm:WASM_UNSUPPORTED,codex-step1,lexer:IMPLEMENTED | parser:IMPLEMENTED | ast_contract:IMPLEMENTED | semantic:IMPLEMENTED | type_binding:MISSING | layout:MISSING | hir:IMPLEMENTED | mir:IMPLEMENTED | mir_verify:IMPLEMENTED,ast_interpreter:IMPLEMENTED | mir_interpreter:IMPLEMENTED | browser_runtime:IMPLEMENTED,IMPLEMENTED,IMPLEMENTED,IMPLEMENTED,WASM_UNSUPPORTED,WASM_UNSUPPORTED,src/parser/parser/parser_shared.fbs,KEEP_GATE_COVERAGE
UXB-SURFACE-005,CHR,builtin_function,lexer:IMPLEMENTED | parser:IMPLEMENTED | ast_contract:IMPLEMENTED | semantic:IMPLEMENTED | type_binding:MISSING | layout:IMPLEMENTED | hir:IMPLEMENTED | mir:IMPLEMENTED | mir_verify:IMPLEMENTED -> ast_interpreter:IMPLEMENTED | mir_interpreter:IMPLEMENTED | browser_runtime:IMPLEMENTED -> x64:IMPLEMENTED -> x86:IMPLEMENTED -> js:IMPLEMENTED -> wat:WASM_UNSUPPORTED -> wasm:WASM_UNSUPPORTED,codex-step1,lexer:IMPLEMENTED | parser:IMPLEMENTED | ast_contract:IMPLEMENTED | semantic:IMPLEMENTED | type_binding:MISSING | layout:IMPLEMENTED | hir:IMPLEMENTED | mir:IMPLEMENTED | mir_verify:IMPLEMENTED,ast_interpreter:IMPLEMENTED | mir_interpreter:IMPLEMENTED | browser_runtime:IMPLEMENTED,IMPLEMENTED,IMPLEMENTED,IMPLEMENTED,WASM_UNSUPPORTED,WASM_UNSUPPORTED,src/parser/parser/parser_shared.fbs,KEEP_GATE_COVERAGE
UXB-SURFACE-006,CINT,builtin_function,lexer:IMPLEMENTED | parser:IMPLEMENTED | ast_contract:IMPLEMENTED | semantic:IMPLEMENTED | type_binding:MISSING | layout:MISSING | hir:IMPLEMENTED | mir:IMPLEMENTED | mir_verify:IMPLEMENTED -> ast_interpreter:IMPLEMENTED | mir_interpreter:IMPLEMENTED | browser_runtime:IMPLEMENTED -> x64:IMPLEMENTED -> x86:IMPLEMENTED -> js:IMPLEMENTED -> wat:WASM_UNSUPPORTED -> wasm:WASM_UNSUPPORTED,codex-step1,lexer:IMPLEMENTED | parser:IMPLEMENTED | ast_contract:IMPLEMENTED | semantic:IMPLEMENTED | type_binding:MISSING | layout:MISSING | hir:IMPLEMENTED | mir:IMPLEMENTED | mir_verify:IMPLEMENTED,ast_interpreter:IMPLEMENTED | mir_interpreter:IMPLEMENTED | browser_runtime:IMPLEMENTED,IMPLEMENTED,IMPLEMENTED,IMPLEMENTED,WASM_UNSUPPORTED,WASM_UNSUPPORTED,src/parser/parser/parser_shared.fbs,KEEP_GATE_COVERAGE
UXB-SURFACE-007,CLNG,builtin_function,lexer:IMPLEMENTED | parser:IMPLEMENTED | ast_contract:IMPLEMENTED | semantic:IMPLEMENTED | type_binding:MISSING | layout:MISSING | hir:IMPLEMENTED | mir:IMPLEMENTED | mir_verify:IMPLEMENTED -> ast_interpreter:IMPLEMENTED | mir_interpreter:IMPLEMENTED | browser_runtime:IMPLEMENTED -> x64:IMPLEMENTED -> x86:IMPLEMENTED -> js:IMPLEMENTED -> wat:WASM_UNSUPPORTED -> wasm:WASM_UNSUPPORTED,codex-step1,lexer:IMPLEMENTED | parser:IMPLEMENTED | ast_contract:IMPLEMENTED | semantic:IMPLEMENTED | type_binding:MISSING | layout:MISSING | hir:IMPLEMENTED | mir:IMPLEMENTED | mir_verify:IMPLEMENTED,ast_interpreter:IMPLEMENTED | mir_interpreter:IMPLEMENTED | browser_runtime:IMPLEMENTED,IMPLEMENTED,IMPLEMENTED,IMPLEMENTED,WASM_UNSUPPORTED,WASM_UNSUPPORTED,src/parser/parser/parser_shared.fbs,KEEP_GATE_COVERAGE
UXB-SURFACE-008,COS,builtin_function,lexer:IMPLEMENTED | parser:IMPLEMENTED | ast_contract:IMPLEMENTED | semantic:IMPLEMENTED | type_binding:MISSING | layout:MISSING | hir:IMPLEMENTED | mir:IMPLEMENTED | mir_verify:IMPLEMENTED -> ast_interpreter:IMPLEMENTED | mir_interpreter:IMPLEMENTED | browser_runtime:IMPLEMENTED -> x64:IMPLEMENTED -> x86:IMPLEMENTED -> js:IMPLEMENTED -> wat:WASM_UNSUPPORTED -> wasm:WASM_UNSUPPORTED,codex-step1,lexer:IMPLEMENTED | parser:IMPLEMENTED | ast_contract:IMPLEMENTED | semantic:IMPLEMENTED | type_binding:MISSING | layout:MISSING | hir:IMPLEMENTED | mir:IMPLEMENTED | mir_verify:IMPLEMENTED,ast_interpreter:IMPLEMENTED | mir_interpreter:IMPLEMENTED | browser_runtime:IMPLEMENTED,IMPLEMENTED,IMPLEMENTED,IMPLEMENTED,WASM_UNSUPPORTED,WASM_UNSUPPORTED,src/parser/parser/parser_shared.fbs,KEEP_GATE_COVERAGE
UXB-SURFACE-009,CSNG,builtin_function,lexer:IMPLEMENTED | parser:IMPLEMENTED | ast_contract:IMPLEMENTED | semantic:IMPLEMENTED | type_binding:MISSING | layout:MISSING | hir:IMPLEMENTED | mir:IMPLEMENTED | mir_verify:IMPLEMENTED -> ast_interpreter:IMPLEMENTED | mir_interpreter:IMPLEMENTED | browser_runtime:IMPLEMENTED -> x64:IMPLEMENTED -> x86:IMPLEMENTED -> js:IMPLEMENTED -> wat:WASM_UNSUPPORTED -> wasm:WASM_UNSUPPORTED,codex-step1,lexer:IMPLEMENTED | parser:IMPLEMENTED | ast_contract:IMPLEMENTED | semantic:IMPLEMENTED | type_binding:MISSING | layout:MISSING | hir:IMPLEMENTED | mir:IMPLEMENTED | mir_verify:IMPLEMENTED,ast_interpreter:IMPLEMENTED | mir_interpreter:IMPLEMENTED | browser_runtime:IMPLEMENTED,IMPLEMENTED,IMPLEMENTED,IMPLEMENTED,WASM_UNSUPPORTED,WASM_UNSUPPORTED,src/parser/parser/parser_shared.fbs,KEEP_GATE_COVERAGE
UXB-SURFACE-010,DECORATOR,builtin_function,lexer:IMPLEMENTED | parser:IMPLEMENTED | ast_contract:IMPLEMENTED | semantic:IMPLEMENTED | type_binding:MISSING | layout:MISSING | hir:IMPLEMENTED | mir:IMPLEMENTED | mir_verify:IMPLEMENTED -> ast_interpreter:IMPLEMENTED | browser_runtime:IMPLEMENTED -> x64:IMPLEMENTED -> x86:IMPLEMENTED -> js:IMPLEMENTED -> wat:WASM_UNSUPPORTED -> wasm:WASM_UNSUPPORTED,codex-step1,lexer:IMPLEMENTED | parser:IMPLEMENTED | ast_contract:IMPLEMENTED | semantic:IMPLEMENTED | type_binding:MISSING | layout:MISSING | hir:IMPLEMENTED | mir:IMPLEMENTED | mir_verify:IMPLEMENTED,ast_interpreter:IMPLEMENTED | browser_runtime:IMPLEMENTED,IMPLEMENTED,IMPLEMENTED,IMPLEMENTED,WASM_UNSUPPORTED,WASM_UNSUPPORTED,src/parser/parser/parser_stmt_decl_class_method.fbs,KEEP_GATE_COVERAGE
UXB-SURFACE-011,EOF,builtin_function,lexer:IMPLEMENTED | parser:IMPLEMENTED | ast_contract:IMPLEMENTED | semantic:IMPLEMENTED | type_binding:MISSING | layout:IMPLEMENTED | hir:IMPLEMENTED | mir:IMPLEMENTED | mir_verify:IMPLEMENTED -> ast_interpreter:IMPLEMENTED | mir_interpreter:IMPLEMENTED | browser_runtime:IMPLEMENTED | library_binding:IMPLEMENTED -> x64:IMPLEMENTED -> x86:IMPLEMENTED -> js:IMPLEMENTED -> wat:RUNTIME_CALL -> wasm:RUNTIME_CALL,codex-step1,lexer:IMPLEMENTED | parser:IMPLEMENTED | ast_contract:IMPLEMENTED | semantic:IMPLEMENTED | type_binding:MISSING | layout:IMPLEMENTED | hir:IMPLEMENTED | mir:IMPLEMENTED | mir_verify:IMPLEMENTED,ast_interpreter:IMPLEMENTED | mir_interpreter:IMPLEMENTED | browser_runtime:IMPLEMENTED | library_binding:IMPLEMENTED,IMPLEMENTED,IMPLEMENTED,IMPLEMENTED,RUNTIME_CALL,RUNTIME_CALL,src/parser/parser/parser_expr.fbs,KEEP_GATE_COVERAGE
UXB-SURFACE-012,EVENT,builtin_function,lexer:IMPLEMENTED | parser:IMPLEMENTED | ast_contract:IMPLEMENTED | semantic:IMPLEMENTED | type_binding:MISSING | layout:MISSING | hir:IMPLEMENTED | mir:IMPLEMENTED | mir_verify:IMPLEMENTED -> ast_interpreter:IMPLEMENTED | mir_interpreter:IMPLEMENTED | browser_runtime:IMPLEMENTED -> x64:IMPLEMENTED -> x86:IMPLEMENTED -> js:IMPLEMENTED -> wat:WASM_UNSUPPORTED -> wasm:WASM_UNSUPPORTED,codex-step1,lexer:IMPLEMENTED | parser:IMPLEMENTED | ast_contract:IMPLEMENTED | semantic:IMPLEMENTED | type_binding:MISSING | layout:MISSING | hir:IMPLEMENTED | mir:IMPLEMENTED | mir_verify:IMPLEMENTED,ast_interpreter:IMPLEMENTED | mir_interpreter:IMPLEMENTED | browser_runtime:IMPLEMENTED,IMPLEMENTED,IMPLEMENTED,IMPLEMENTED,WASM_UNSUPPORTED,WASM_UNSUPPORTED,src/parser/parser/parser_stmt_event_pipe.fbs,KEEP_GATE_COVERAGE
UXB-SURFACE-013,EXP,builtin_function,lexer:IMPLEMENTED | parser:IMPLEMENTED | ast_contract:IMPLEMENTED | semantic:IMPLEMENTED | type_binding:MISSING | layout:IMPLEMENTED | hir:IMPLEMENTED | mir:IMPLEMENTED | mir_verify:IMPLEMENTED -> ast_interpreter:IMPLEMENTED | mir_interpreter:IMPLEMENTED | browser_runtime:IMPLEMENTED | library_binding:IMPLEMENTED -> x64:IMPLEMENTED -> x86:IMPLEMENTED -> js:IMPLEMENTED -> wat:WASM_UNSUPPORTED -> wasm:WASM_UNSUPPORTED,codex-step1,lexer:IMPLEMENTED | parser:IMPLEMENTED | ast_contract:IMPLEMENTED | semantic:IMPLEMENTED | type_binding:MISSING | layout:IMPLEMENTED | hir:IMPLEMENTED | mir:IMPLEMENTED | mir_verify:IMPLEMENTED,ast_interpreter:IMPLEMENTED | mir_interpreter:IMPLEMENTED | browser_runtime:IMPLEMENTED | library_binding:IMPLEMENTED,IMPLEMENTED,IMPLEMENTED,IMPLEMENTED,WASM_UNSUPPORTED,WASM_UNSUPPORTED,src/parser/parser/parser_expr.fbs,KEEP_GATE_COVERAGE
UXB-SURFACE-014,FIX,builtin_function,lexer:IMPLEMENTED | parser:IMPLEMENTED | ast_contract:IMPLEMENTED | semantic:IMPLEMENTED | type_binding:MISSING | layout:MISSING | hir:IMPLEMENTED | mir:IMPLEMENTED | mir_verify:IMPLEMENTED -> ast_interpreter:IMPLEMENTED | mir_interpreter:IMPLEMENTED | browser_runtime:IMPLEMENTED | library_binding:IMPLEMENTED -> x64:IMPLEMENTED -> x86:IMPLEMENTED -> js:IMPLEMENTED -> wat:WASM_UNSUPPORTED -> wasm:WASM_UNSUPPORTED,codex-step1,lexer:IMPLEMENTED | parser:IMPLEMENTED | ast_contract:IMPLEMENTED | semantic:IMPLEMENTED | type_binding:MISSING | layout:MISSING | hir:IMPLEMENTED | mir:IMPLEMENTED | mir_verify:IMPLEMENTED,ast_interpreter:IMPLEMENTED | mir_interpreter:IMPLEMENTED | browser_runtime:IMPLEMENTED | library_binding:IMPLEMENTED,IMPLEMENTED,IMPLEMENTED,IMPLEMENTED,WASM_UNSUPPORTED,WASM_UNSUPPORTED,src/parser/parser/parser_expr.fbs,KEEP_GATE_COVERAGE
UXB-SURFACE-015,GETKEY,builtin_function,lexer:IMPLEMENTED | parser:IMPLEMENTED | ast_contract:IMPLEMENTED | semantic:IMPLEMENTED | type_binding:MISSING | layout:MISSING | hir:IMPLEMENTED | mir:IMPLEMENTED | mir_verify:IMPLEMENTED -> ast_interpreter:IMPLEMENTED | mir_interpreter:IMPLEMENTED | browser_runtime:IMPLEMENTED -> x64:IMPLEMENTED -> x86:IMPLEMENTED -> js:IMPLEMENTED -> wat:RUNTIME_CALL -> wasm:RUNTIME_CALL,codex-step1,lexer:IMPLEMENTED | parser:IMPLEMENTED | ast_contract:IMPLEMENTED | semantic:IMPLEMENTED | type_binding:MISSING | layout:MISSING | hir:IMPLEMENTED | mir:IMPLEMENTED | mir_verify:IMPLEMENTED,ast_interpreter:IMPLEMENTED | mir_interpreter:IMPLEMENTED | browser_runtime:IMPLEMENTED,IMPLEMENTED,IMPLEMENTED,IMPLEMENTED,RUNTIME_CALL,RUNTIME_CALL,src/parser/parser/parser_shared.fbs,KEEP_GATE_COVERAGE
UXB-SURFACE-016,INKEY,builtin_function,lexer:IMPLEMENTED | parser:IMPLEMENTED | ast_contract:IMPLEMENTED | semantic:IMPLEMENTED | type_binding:MISSING | layout:MISSING | hir:IMPLEMENTED | mir:IMPLEMENTED | mir_verify:IMPLEMENTED -> ast_interpreter:IMPLEMENTED | mir_interpreter:IMPLEMENTED | browser_runtime:IMPLEMENTED -> x64:IMPLEMENTED -> x86:IMPLEMENTED -> js:IMPLEMENTED -> wat:RUNTIME_CALL -> wasm:RUNTIME_CALL,codex-step1,lexer:IMPLEMENTED | parser:IMPLEMENTED | ast_contract:IMPLEMENTED | semantic:IMPLEMENTED | type_binding:MISSING | layout:MISSING | hir:IMPLEMENTED | mir:IMPLEMENTED | mir_verify:IMPLEMENTED,ast_interpreter:IMPLEMENTED | mir_interpreter:IMPLEMENTED | browser_runtime:IMPLEMENTED,IMPLEMENTED,IMPLEMENTED,IMPLEMENTED,RUNTIME_CALL,RUNTIME_CALL,src/parser/parser/parser_shared.fbs,KEEP_GATE_COVERAGE
UXB-SURFACE-017,INLINE,builtin_function,lexer:IMPLEMENTED | parser:IMPLEMENTED | ast_contract:IMPLEMENTED | semantic:IMPLEMENTED | type_binding:MISSING | layout:MISSING | hir:IMPLEMENTED | mir:IMPLEMENTED | mir_verify:IMPLEMENTED -> ast_interpreter:IMPLEMENTED | browser_runtime:IMPLEMENTED -> x64:IMPLEMENTED -> x86:IMPLEMENTED -> js:NATIVE_ONLY -> wat:WASM_UNSUPPORTED -> wasm:WASM_UNSUPPORTED,codex-step1,lexer:IMPLEMENTED | parser:IMPLEMENTED | ast_contract:IMPLEMENTED | semantic:IMPLEMENTED | type_binding:MISSING | layout:MISSING | hir:IMPLEMENTED | mir:IMPLEMENTED | mir_verify:IMPLEMENTED,ast_interpreter:IMPLEMENTED | browser_runtime:IMPLEMENTED,IMPLEMENTED,IMPLEMENTED,NATIVE_ONLY,WASM_UNSUPPORTED,WASM_UNSUPPORTED,src/parser/parser/parser_expr.fbs,KEEP_GATE_COVERAGE
UXB-SURFACE-018,INT,builtin_function,lexer:IMPLEMENTED | parser:IMPLEMENTED | ast_contract:IMPLEMENTED | semantic:IMPLEMENTED | type_binding:IMPLEMENTED | layout:IMPLEMENTED | hir:IMPLEMENTED | mir:IMPLEMENTED | mir_verify:IMPLEMENTED -> ast_interpreter:IMPLEMENTED | mir_interpreter:IMPLEMENTED | browser_runtime:IMPLEMENTED | library_binding:IMPLEMENTED -> x64:IMPLEMENTED -> x86:IMPLEMENTED -> js:IMPLEMENTED -> wat:WASM_UNSUPPORTED -> wasm:WASM_UNSUPPORTED,codex-step1,lexer:IMPLEMENTED | parser:IMPLEMENTED | ast_contract:IMPLEMENTED | semantic:IMPLEMENTED | type_binding:IMPLEMENTED | layout:IMPLEMENTED | hir:IMPLEMENTED | mir:IMPLEMENTED | mir_verify:IMPLEMENTED,ast_interpreter:IMPLEMENTED | mir_interpreter:IMPLEMENTED | browser_runtime:IMPLEMENTED | library_binding:IMPLEMENTED,IMPLEMENTED,IMPLEMENTED,IMPLEMENTED,WASM_UNSUPPORTED,WASM_UNSUPPORTED,src/parser/parser/parser_expr.fbs,KEEP_GATE_COVERAGE
UXB-SURFACE-019,LCASE,builtin_function,lexer:IMPLEMENTED | parser:IMPLEMENTED | ast_contract:IMPLEMENTED | semantic:IMPLEMENTED | type_binding:MISSING | layout:MISSING | hir:IMPLEMENTED | mir:IMPLEMENTED | mir_verify:IMPLEMENTED -> ast_interpreter:IMPLEMENTED | mir_interpreter:IMPLEMENTED | browser_runtime:IMPLEMENTED -> x64:IMPLEMENTED -> x86:IMPLEMENTED -> js:IMPLEMENTED -> wat:WASM_UNSUPPORTED -> wasm:WASM_UNSUPPORTED,codex-step1,lexer:IMPLEMENTED | parser:IMPLEMENTED | ast_contract:IMPLEMENTED | semantic:IMPLEMENTED | type_binding:MISSING | layout:MISSING | hir:IMPLEMENTED | mir:IMPLEMENTED | mir_verify:IMPLEMENTED,ast_interpreter:IMPLEMENTED | mir_interpreter:IMPLEMENTED | browser_runtime:IMPLEMENTED,IMPLEMENTED,IMPLEMENTED,IMPLEMENTED,WASM_UNSUPPORTED,WASM_UNSUPPORTED,src/parser/parser/parser_path_validation_helpers.fbs,KEEP_GATE_COVERAGE
UXB-SURFACE-020,LEN,builtin_function,lexer:IMPLEMENTED | parser:IMPLEMENTED | ast_contract:IMPLEMENTED | semantic:IMPLEMENTED | type_binding:MISSING | layout:IMPLEMENTED | hir:IMPLEMENTED | mir:IMPLEMENTED | mir_verify:IMPLEMENTED -> ast_interpreter:IMPLEMENTED | mir_interpreter:IMPLEMENTED | browser_runtime:IMPLEMENTED | library_binding:IMPLEMENTED -> x64:IMPLEMENTED -> x86:IMPLEMENTED -> js:IMPLEMENTED -> wat:WASM_UNSUPPORTED -> wasm:WASM_UNSUPPORTED,codex-step1,lexer:IMPLEMENTED | parser:IMPLEMENTED | ast_contract:IMPLEMENTED | semantic:IMPLEMENTED | type_binding:MISSING | layout:IMPLEMENTED | hir:IMPLEMENTED | mir:IMPLEMENTED | mir_verify:IMPLEMENTED,ast_interpreter:IMPLEMENTED | mir_interpreter:IMPLEMENTED | browser_runtime:IMPLEMENTED | library_binding:IMPLEMENTED,IMPLEMENTED,IMPLEMENTED,IMPLEMENTED,WASM_UNSUPPORTED,WASM_UNSUPPORTED,src/parser/parser/parser_path_validation_helpers.fbs,KEEP_GATE_COVERAGE
UXB-SURFACE-021,LOF,builtin_function,lexer:IMPLEMENTED | parser:IMPLEMENTED | ast_contract:IMPLEMENTED | semantic:IMPLEMENTED | type_binding:MISSING | layout:MISSING | hir:IMPLEMENTED | mir:IMPLEMENTED | mir_verify:IMPLEMENTED -> ast_interpreter:IMPLEMENTED | browser_runtime:IMPLEMENTED -> x64:IMPLEMENTED -> x86:IMPLEMENTED -> js:IMPLEMENTED -> wat:RUNTIME_CALL -> wasm:RUNTIME_CALL,codex-step1,lexer:IMPLEMENTED | parser:IMPLEMENTED | ast_contract:IMPLEMENTED | semantic:IMPLEMENTED | type_binding:MISSING | layout:MISSING | hir:IMPLEMENTED | mir:IMPLEMENTED | mir_verify:IMPLEMENTED,ast_interpreter:IMPLEMENTED | browser_runtime:IMPLEMENTED,IMPLEMENTED,IMPLEMENTED,IMPLEMENTED,RUNTIME_CALL,RUNTIME_CALL,src/parser/parser/parser_expr.fbs,KEEP_GATE_COVERAGE
UXB-SURFACE-022,LOG,builtin_function,lexer:IMPLEMENTED | parser:IMPLEMENTED | ast_contract:IMPLEMENTED | semantic:IMPLEMENTED | type_binding:MISSING | layout:MISSING | hir:IMPLEMENTED | mir:IMPLEMENTED | mir_verify:IMPLEMENTED -> ast_interpreter:IMPLEMENTED | mir_interpreter:IMPLEMENTED | browser_runtime:IMPLEMENTED -> x64:IMPLEMENTED -> x86:IMPLEMENTED -> js:IMPLEMENTED -> wat:WASM_UNSUPPORTED -> wasm:WASM_UNSUPPORTED,codex-step1,lexer:IMPLEMENTED | parser:IMPLEMENTED | ast_contract:IMPLEMENTED | semantic:IMPLEMENTED | type_binding:MISSING | layout:MISSING | hir:IMPLEMENTED | mir:IMPLEMENTED | mir_verify:IMPLEMENTED,ast_interpreter:IMPLEMENTED | mir_interpreter:IMPLEMENTED | browser_runtime:IMPLEMENTED,IMPLEMENTED,IMPLEMENTED,IMPLEMENTED,WASM_UNSUPPORTED,WASM_UNSUPPORTED,src/parser/parser/parser_expr.fbs,KEEP_GATE_COVERAGE
UXB-SURFACE-023,LTRIM,builtin_function,lexer:IMPLEMENTED | parser:IMPLEMENTED | ast_contract:IMPLEMENTED | semantic:IMPLEMENTED | type_binding:MISSING | layout:IMPLEMENTED | hir:IMPLEMENTED | mir:IMPLEMENTED | mir_verify:IMPLEMENTED -> ast_interpreter:IMPLEMENTED | mir_interpreter:IMPLEMENTED | browser_runtime:IMPLEMENTED -> x64:IMPLEMENTED -> x86:IMPLEMENTED -> js:IMPLEMENTED -> wat:WASM_UNSUPPORTED -> wasm:WASM_UNSUPPORTED,codex-step1,lexer:IMPLEMENTED | parser:IMPLEMENTED | ast_contract:IMPLEMENTED | semantic:IMPLEMENTED | type_binding:MISSING | layout:IMPLEMENTED | hir:IMPLEMENTED | mir:IMPLEMENTED | mir_verify:IMPLEMENTED,ast_interpreter:IMPLEMENTED | mir_interpreter:IMPLEMENTED | browser_runtime:IMPLEMENTED,IMPLEMENTED,IMPLEMENTED,IMPLEMENTED,WASM_UNSUPPORTED,WASM_UNSUPPORTED,src/parser/parser/parser_shared.fbs,KEEP_GATE_COVERAGE
UXB-SURFACE-024,MAGIC,builtin_function,lexer:IMPLEMENTED | parser:IMPLEMENTED | ast_contract:IMPLEMENTED | semantic:IMPLEMENTED | type_binding:MISSING | layout:MISSING | hir:IMPLEMENTED | mir:IMPLEMENTED | mir_verify:IMPLEMENTED -> ast_interpreter:IMPLEMENTED | browser_runtime:IMPLEMENTED -> x64:IMPLEMENTED -> x86:IMPLEMENTED -> js:IMPLEMENTED -> wat:WASM_UNSUPPORTED -> wasm:WASM_UNSUPPORTED,codex-step1,lexer:IMPLEMENTED | parser:IMPLEMENTED | ast_contract:IMPLEMENTED | semantic:IMPLEMENTED | type_binding:MISSING | layout:MISSING | hir:IMPLEMENTED | mir:IMPLEMENTED | mir_verify:IMPLEMENTED,ast_interpreter:IMPLEMENTED | browser_runtime:IMPLEMENTED,IMPLEMENTED,IMPLEMENTED,IMPLEMENTED,WASM_UNSUPPORTED,WASM_UNSUPPORTED,src/parser/parser/parser_stmt_decl_class_method.fbs,KEEP_GATE_COVERAGE
UXB-SURFACE-025,MID,builtin_function,lexer:IMPLEMENTED | parser:IMPLEMENTED | ast_contract:IMPLEMENTED | semantic:IMPLEMENTED | type_binding:MISSING | layout:IMPLEMENTED | hir:IMPLEMENTED | mir:IMPLEMENTED | mir_verify:IMPLEMENTED -> ast_interpreter:IMPLEMENTED | mir_interpreter:IMPLEMENTED | browser_runtime:IMPLEMENTED | library_binding:IMPLEMENTED -> x64:IMPLEMENTED -> x86:IMPLEMENTED -> js:IMPLEMENTED -> wat:WASM_UNSUPPORTED -> wasm:WASM_UNSUPPORTED,codex-step1,lexer:IMPLEMENTED | parser:IMPLEMENTED | ast_contract:IMPLEMENTED | semantic:IMPLEMENTED | type_binding:MISSING | layout:IMPLEMENTED | hir:IMPLEMENTED | mir:IMPLEMENTED | mir_verify:IMPLEMENTED,ast_interpreter:IMPLEMENTED | mir_interpreter:IMPLEMENTED | browser_runtime:IMPLEMENTED | library_binding:IMPLEMENTED,IMPLEMENTED,IMPLEMENTED,IMPLEMENTED,WASM_UNSUPPORTED,WASM_UNSUPPORTED,src/parser/parser/parser_path_validation_helpers.fbs,KEEP_GATE_COVERAGE
UXB-SURFACE-026,MIXIN,builtin_function,lexer:IMPLEMENTED | parser:IMPLEMENTED | ast_contract:IMPLEMENTED | semantic:IMPLEMENTED | type_binding:MISSING | layout:MISSING | hir:IMPLEMENTED | mir:IMPLEMENTED | mir_verify:IMPLEMENTED -> ast_interpreter:IMPLEMENTED | browser_runtime:IMPLEMENTED -> x64:IMPLEMENTED -> x86:IMPLEMENTED -> js:IMPLEMENTED -> wat:WASM_UNSUPPORTED -> wasm:WASM_UNSUPPORTED,codex-step1,lexer:IMPLEMENTED | parser:IMPLEMENTED | ast_contract:IMPLEMENTED | semantic:IMPLEMENTED | type_binding:MISSING | layout:MISSING | hir:IMPLEMENTED | mir:IMPLEMENTED | mir_verify:IMPLEMENTED,ast_interpreter:IMPLEMENTED | browser_runtime:IMPLEMENTED,IMPLEMENTED,IMPLEMENTED,IMPLEMENTED,WASM_UNSUPPORTED,WASM_UNSUPPORTED,src/parser/parser/parser_stmt_decl_class_method.fbs,KEEP_GATE_COVERAGE
UXB-SURFACE-027,OFF,builtin_function,lexer:IMPLEMENTED | parser:IMPLEMENTED | ast_contract:IMPLEMENTED | semantic:IMPLEMENTED | type_binding:IMPLEMENTED | layout:IMPLEMENTED | hir:IMPLEMENTED | mir:IMPLEMENTED | mir_verify:IMPLEMENTED -> ast_interpreter:IMPLEMENTED | mir_interpreter:IMPLEMENTED | browser_runtime:IMPLEMENTED | library_binding:IMPLEMENTED -> x64:IMPLEMENTED -> x86:IMPLEMENTED -> js:IMPLEMENTED -> wat:WASM_UNSUPPORTED -> wasm:WASM_UNSUPPORTED,codex-step1,lexer:IMPLEMENTED | parser:IMPLEMENTED | ast_contract:IMPLEMENTED | semantic:IMPLEMENTED | type_binding:IMPLEMENTED | layout:IMPLEMENTED | hir:IMPLEMENTED | mir:IMPLEMENTED | mir_verify:IMPLEMENTED,ast_interpreter:IMPLEMENTED | mir_interpreter:IMPLEMENTED | browser_runtime:IMPLEMENTED | library_binding:IMPLEMENTED,IMPLEMENTED,IMPLEMENTED,IMPLEMENTED,WASM_UNSUPPORTED,WASM_UNSUPPORTED,src/parser/parser/parser_shared.fbs,KEEP_GATE_COVERAGE
UXB-SURFACE-028,ON,builtin_function,lexer:IMPLEMENTED | parser:IMPLEMENTED | ast_contract:IMPLEMENTED | semantic:IMPLEMENTED | type_binding:IMPLEMENTED | layout:IMPLEMENTED | hir:IMPLEMENTED | mir:IMPLEMENTED | mir_verify:IMPLEMENTED -> ast_interpreter:IMPLEMENTED | mir_interpreter:IMPLEMENTED | browser_runtime:IMPLEMENTED | library_binding:IMPLEMENTED -> x64:IMPLEMENTED -> x86:IMPLEMENTED -> js:IMPLEMENTED -> wat:WASM_UNSUPPORTED -> wasm:WASM_UNSUPPORTED,codex-step1,lexer:IMPLEMENTED | parser:IMPLEMENTED | ast_contract:IMPLEMENTED | semantic:IMPLEMENTED | type_binding:IMPLEMENTED | layout:IMPLEMENTED | hir:IMPLEMENTED | mir:IMPLEMENTED | mir_verify:IMPLEMENTED,ast_interpreter:IMPLEMENTED | mir_interpreter:IMPLEMENTED | browser_runtime:IMPLEMENTED | library_binding:IMPLEMENTED,IMPLEMENTED,IMPLEMENTED,IMPLEMENTED,WASM_UNSUPPORTED,WASM_UNSUPPORTED,src/parser/parser/parser_expr.fbs,KEEP_GATE_COVERAGE
UXB-SURFACE-029,OVERRIDE,builtin_function,lexer:IMPLEMENTED | parser:IMPLEMENTED | ast_contract:IMPLEMENTED | semantic:IMPLEMENTED | type_binding:MISSING | layout:MISSING | hir:IMPLEMENTED | mir:IMPLEMENTED | mir_verify:IMPLEMENTED -> ast_interpreter:IMPLEMENTED | browser_runtime:IMPLEMENTED -> x64:IMPLEMENTED -> x86:IMPLEMENTED -> js:IMPLEMENTED -> wat:WASM_UNSUPPORTED -> wasm:WASM_UNSUPPORTED,codex-step1,lexer:IMPLEMENTED | parser:IMPLEMENTED | ast_contract:IMPLEMENTED | semantic:IMPLEMENTED | type_binding:MISSING | layout:MISSING | hir:IMPLEMENTED | mir:IMPLEMENTED | mir_verify:IMPLEMENTED,ast_interpreter:IMPLEMENTED | browser_runtime:IMPLEMENTED,IMPLEMENTED,IMPLEMENTED,IMPLEMENTED,WASM_UNSUPPORTED,WASM_UNSUPPORTED,src/parser/parser/parser_stmt_decl_class_method.fbs,KEEP_GATE_COVERAGE
UXB-SURFACE-030,PARALEL,builtin_function,lexer:IMPLEMENTED | parser:IMPLEMENTED | ast_contract:IMPLEMENTED | semantic:IMPLEMENTED | type_binding:MISSING | layout:MISSING | hir:IMPLEMENTED | mir:IMPLEMENTED | mir_verify:IMPLEMENTED -> ast_interpreter:IMPLEMENTED | mir_interpreter:IMPLEMENTED | browser_runtime:IMPLEMENTED -> x64:IMPLEMENTED -> x86:IMPLEMENTED -> js:IMPLEMENTED -> wat:WASM_UNSUPPORTED -> wasm:WASM_UNSUPPORTED,codex-step1,lexer:IMPLEMENTED | parser:IMPLEMENTED | ast_contract:IMPLEMENTED | semantic:IMPLEMENTED | type_binding:MISSING | layout:MISSING | hir:IMPLEMENTED | mir:IMPLEMENTED | mir_verify:IMPLEMENTED,ast_interpreter:IMPLEMENTED | mir_interpreter:IMPLEMENTED | browser_runtime:IMPLEMENTED,IMPLEMENTED,IMPLEMENTED,IMPLEMENTED,WASM_UNSUPPORTED,WASM_UNSUPPORTED,src/parser/parser/parser_stmt_event_pipe.fbs,KEEP_GATE_COVERAGE
UXB-SURFACE-031,PARALLEL,builtin_function,lexer:IMPLEMENTED | parser:IMPLEMENTED | ast_contract:IMPLEMENTED | semantic:IMPLEMENTED | type_binding:MISSING | layout:MISSING | hir:IMPLEMENTED | mir:IMPLEMENTED | mir_verify:IMPLEMENTED -> browser_runtime:IMPLEMENTED -> x64:IMPLEMENTED -> x86:IMPLEMENTED -> js:IMPLEMENTED -> wat:WASM_UNSUPPORTED -> wasm:WASM_UNSUPPORTED,codex-step1,lexer:IMPLEMENTED | parser:IMPLEMENTED | ast_contract:IMPLEMENTED | semantic:IMPLEMENTED | type_binding:MISSING | layout:MISSING | hir:IMPLEMENTED | mir:IMPLEMENTED | mir_verify:IMPLEMENTED,browser_runtime:IMPLEMENTED,IMPLEMENTED,IMPLEMENTED,IMPLEMENTED,WASM_UNSUPPORTED,WASM_UNSUPPORTED,src/parser/parser/parser_stmt_event_pipe.fbs,KEEP_GATE_COVERAGE
UXB-SURFACE-032,PIPE,builtin_function,lexer:IMPLEMENTED | parser:IMPLEMENTED | ast_contract:IMPLEMENTED | semantic:IMPLEMENTED | type_binding:MISSING | layout:MISSING | hir:IMPLEMENTED | mir:IMPLEMENTED | mir_verify:IMPLEMENTED -> ast_interpreter:IMPLEMENTED | mir_interpreter:IMPLEMENTED | browser_runtime:IMPLEMENTED -> x64:IMPLEMENTED -> x86:IMPLEMENTED -> js:IMPLEMENTED -> wat:WASM_UNSUPPORTED -> wasm:WASM_UNSUPPORTED,codex-step1,lexer:IMPLEMENTED | parser:IMPLEMENTED | ast_contract:IMPLEMENTED | semantic:IMPLEMENTED | type_binding:MISSING | layout:MISSING | hir:IMPLEMENTED | mir:IMPLEMENTED | mir_verify:IMPLEMENTED,ast_interpreter:IMPLEMENTED | mir_interpreter:IMPLEMENTED | browser_runtime:IMPLEMENTED,IMPLEMENTED,IMPLEMENTED,IMPLEMENTED,WASM_UNSUPPORTED,WASM_UNSUPPORTED,src/parser/parser/parser_expr.fbs,KEEP_GATE_COVERAGE
UXB-SURFACE-033,RANDOMIZE,builtin_function,lexer:IMPLEMENTED | parser:IMPLEMENTED | ast_contract:IMPLEMENTED | semantic:IMPLEMENTED | type_binding:MISSING | layout:MISSING | hir:IMPLEMENTED | mir:IMPLEMENTED | mir_verify:IMPLEMENTED -> ast_interpreter:IMPLEMENTED | mir_interpreter:IMPLEMENTED | browser_runtime:IMPLEMENTED -> x64:IMPLEMENTED -> x86:IMPLEMENTED -> js:IMPLEMENTED -> wat:WASM_UNSUPPORTED -> wasm:WASM_UNSUPPORTED,codex-step1,lexer:IMPLEMENTED | parser:IMPLEMENTED | ast_contract:IMPLEMENTED | semantic:IMPLEMENTED | type_binding:MISSING | layout:MISSING | hir:IMPLEMENTED | mir:IMPLEMENTED | mir_verify:IMPLEMENTED,ast_interpreter:IMPLEMENTED | mir_interpreter:IMPLEMENTED | browser_runtime:IMPLEMENTED,IMPLEMENTED,IMPLEMENTED,IMPLEMENTED,WASM_UNSUPPORTED,WASM_UNSUPPORTED,src/parser/parser/parser_stmt_basic.fbs,KEEP_GATE_COVERAGE
UXB-SURFACE-034,RND,builtin_function,lexer:IMPLEMENTED | parser:IMPLEMENTED | ast_contract:IMPLEMENTED | semantic:IMPLEMENTED | type_binding:MISSING | layout:MISSING | hir:IMPLEMENTED | mir:IMPLEMENTED | mir_verify:IMPLEMENTED -> ast_interpreter:IMPLEMENTED | mir_interpreter:IMPLEMENTED | browser_runtime:IMPLEMENTED -> x64:IMPLEMENTED -> x86:IMPLEMENTED -> js:IMPLEMENTED -> wat:WASM_UNSUPPORTED -> wasm:WASM_UNSUPPORTED,codex-step1,lexer:IMPLEMENTED | parser:IMPLEMENTED | ast_contract:IMPLEMENTED | semantic:IMPLEMENTED | type_binding:MISSING | layout:MISSING | hir:IMPLEMENTED | mir:IMPLEMENTED | mir_verify:IMPLEMENTED,ast_interpreter:IMPLEMENTED | mir_interpreter:IMPLEMENTED | browser_runtime:IMPLEMENTED,IMPLEMENTED,IMPLEMENTED,IMPLEMENTED,WASM_UNSUPPORTED,WASM_UNSUPPORTED,src/parser/parser/parser_shared.fbs,KEEP_GATE_COVERAGE
UXB-SURFACE-035,RTRIM,builtin_function,lexer:IMPLEMENTED | parser:IMPLEMENTED | ast_contract:IMPLEMENTED | semantic:IMPLEMENTED | type_binding:MISSING | layout:MISSING | hir:IMPLEMENTED | mir:IMPLEMENTED | mir_verify:IMPLEMENTED -> ast_interpreter:IMPLEMENTED | mir_interpreter:IMPLEMENTED | browser_runtime:IMPLEMENTED -> x64:IMPLEMENTED -> x86:IMPLEMENTED -> js:IMPLEMENTED -> wat:WASM_UNSUPPORTED -> wasm:WASM_UNSUPPORTED,codex-step1,lexer:IMPLEMENTED | parser:IMPLEMENTED | ast_contract:IMPLEMENTED | semantic:IMPLEMENTED | type_binding:MISSING | layout:MISSING | hir:IMPLEMENTED | mir:IMPLEMENTED | mir_verify:IMPLEMENTED,ast_interpreter:IMPLEMENTED | mir_interpreter:IMPLEMENTED | browser_runtime:IMPLEMENTED,IMPLEMENTED,IMPLEMENTED,IMPLEMENTED,WASM_UNSUPPORTED,WASM_UNSUPPORTED,src/parser/parser/parser_shared.fbs,KEEP_GATE_COVERAGE
UXB-SURFACE-036,SETSTRINGSIZE,builtin_function,lexer:IMPLEMENTED | parser:IMPLEMENTED | ast_contract:IMPLEMENTED | semantic:IMPLEMENTED | type_binding:MISSING | layout:MISSING | hir:IMPLEMENTED | mir:IMPLEMENTED | mir_verify:IMPLEMENTED -> ast_interpreter:IMPLEMENTED | mir_interpreter:IMPLEMENTED | browser_runtime:IMPLEMENTED -> x64:IMPLEMENTED -> x86:IMPLEMENTED -> js:IMPLEMENTED -> wat:WASM_UNSUPPORTED -> wasm:WASM_UNSUPPORTED,codex-step1,lexer:IMPLEMENTED | parser:IMPLEMENTED | ast_contract:IMPLEMENTED | semantic:IMPLEMENTED | type_binding:MISSING | layout:MISSING | hir:IMPLEMENTED | mir:IMPLEMENTED | mir_verify:IMPLEMENTED,ast_interpreter:IMPLEMENTED | mir_interpreter:IMPLEMENTED | browser_runtime:IMPLEMENTED,IMPLEMENTED,IMPLEMENTED,IMPLEMENTED,WASM_UNSUPPORTED,WASM_UNSUPPORTED,src/parser/parser/parser_stmt_decl_core.fbs,KEEP_GATE_COVERAGE
UXB-SURFACE-037,SGN,builtin_function,lexer:IMPLEMENTED | parser:IMPLEMENTED | ast_contract:IMPLEMENTED | semantic:IMPLEMENTED | type_binding:MISSING | layout:MISSING | hir:IMPLEMENTED | mir:IMPLEMENTED | mir_verify:IMPLEMENTED -> ast_interpreter:IMPLEMENTED | mir_interpreter:IMPLEMENTED | browser_runtime:IMPLEMENTED -> x64:IMPLEMENTED -> x86:IMPLEMENTED -> js:IMPLEMENTED -> wat:WASM_UNSUPPORTED -> wasm:WASM_UNSUPPORTED,codex-step1,lexer:IMPLEMENTED | parser:IMPLEMENTED | ast_contract:IMPLEMENTED | semantic:IMPLEMENTED | type_binding:MISSING | layout:MISSING | hir:IMPLEMENTED | mir:IMPLEMENTED | mir_verify:IMPLEMENTED,ast_interpreter:IMPLEMENTED | mir_interpreter:IMPLEMENTED | browser_runtime:IMPLEMENTED,IMPLEMENTED,IMPLEMENTED,IMPLEMENTED,WASM_UNSUPPORTED,WASM_UNSUPPORTED,src/parser/parser/parser_shared.fbs,KEEP_GATE_COVERAGE
UXB-SURFACE-038,SIHIRLIMETOT,builtin_function,lexer:IMPLEMENTED | parser:IMPLEMENTED | ast_contract:IMPLEMENTED | semantic:IMPLEMENTED | type_binding:MISSING | layout:MISSING | hir:IMPLEMENTED | mir:IMPLEMENTED | mir_verify:IMPLEMENTED -> browser_runtime:IMPLEMENTED -> x64:IMPLEMENTED -> x86:IMPLEMENTED -> js:IMPLEMENTED -> wat:WASM_UNSUPPORTED -> wasm:WASM_UNSUPPORTED,codex-step1,lexer:IMPLEMENTED | parser:IMPLEMENTED | ast_contract:IMPLEMENTED | semantic:IMPLEMENTED | type_binding:MISSING | layout:MISSING | hir:IMPLEMENTED | mir:IMPLEMENTED | mir_verify:IMPLEMENTED,browser_runtime:IMPLEMENTED,IMPLEMENTED,IMPLEMENTED,IMPLEMENTED,WASM_UNSUPPORTED,WASM_UNSUPPORTED,src/parser/parser/parser_stmt_decl_class_method.fbs,KEEP_GATE_COVERAGE
UXB-SURFACE-039,SIN,builtin_function,lexer:IMPLEMENTED | parser:IMPLEMENTED | ast_contract:IMPLEMENTED | semantic:IMPLEMENTED | type_binding:IMPLEMENTED | layout:IMPLEMENTED | hir:IMPLEMENTED | mir:IMPLEMENTED | mir_verify:IMPLEMENTED -> ast_interpreter:IMPLEMENTED | mir_interpreter:IMPLEMENTED | browser_runtime:IMPLEMENTED | library_binding:IMPLEMENTED -> x64:IMPLEMENTED -> x86:IMPLEMENTED -> js:IMPLEMENTED -> wat:WASM_UNSUPPORTED -> wasm:WASM_UNSUPPORTED,codex-step1,lexer:IMPLEMENTED | parser:IMPLEMENTED | ast_contract:IMPLEMENTED | semantic:IMPLEMENTED | type_binding:IMPLEMENTED | layout:IMPLEMENTED | hir:IMPLEMENTED | mir:IMPLEMENTED | mir_verify:IMPLEMENTED,ast_interpreter:IMPLEMENTED | mir_interpreter:IMPLEMENTED | browser_runtime:IMPLEMENTED | library_binding:IMPLEMENTED,IMPLEMENTED,IMPLEMENTED,IMPLEMENTED,WASM_UNSUPPORTED,WASM_UNSUPPORTED,src/parser/parser/parser_expr.fbs,KEEP_GATE_COVERAGE
UXB-SURFACE-040,SLOT,builtin_function,lexer:IMPLEMENTED | parser:IMPLEMENTED | ast_contract:IMPLEMENTED | semantic:IMPLEMENTED | type_binding:MISSING | layout:MISSING | hir:IMPLEMENTED | mir:IMPLEMENTED | mir_verify:IMPLEMENTED -> ast_interpreter:IMPLEMENTED | mir_interpreter:IMPLEMENTED | browser_runtime:IMPLEMENTED | library_binding:IMPLEMENTED -> x64:IMPLEMENTED -> x86:IMPLEMENTED -> js:IMPLEMENTED -> wat:WASM_UNSUPPORTED -> wasm:WASM_UNSUPPORTED,codex-step1,lexer:IMPLEMENTED | parser:IMPLEMENTED | ast_contract:IMPLEMENTED | semantic:IMPLEMENTED | type_binding:MISSING | layout:MISSING | hir:IMPLEMENTED | mir:IMPLEMENTED | mir_verify:IMPLEMENTED,ast_interpreter:IMPLEMENTED | mir_interpreter:IMPLEMENTED | browser_runtime:IMPLEMENTED | library_binding:IMPLEMENTED,IMPLEMENTED,IMPLEMENTED,IMPLEMENTED,WASM_UNSUPPORTED,WASM_UNSUPPORTED,src/parser/parser/parser_stmt_event_pipe.fbs,KEEP_GATE_COVERAGE
UXB-SURFACE-041,SPACE,builtin_function,lexer:IMPLEMENTED | parser:IMPLEMENTED | ast_contract:IMPLEMENTED | semantic:IMPLEMENTED | type_binding:MISSING | layout:IMPLEMENTED | hir:IMPLEMENTED | mir:IMPLEMENTED | mir_verify:IMPLEMENTED -> ast_interpreter:IMPLEMENTED | mir_interpreter:IMPLEMENTED | browser_runtime:IMPLEMENTED -> x64:IMPLEMENTED -> x86:IMPLEMENTED -> js:IMPLEMENTED -> wat:WASM_UNSUPPORTED -> wasm:WASM_UNSUPPORTED,codex-step1,lexer:IMPLEMENTED | parser:IMPLEMENTED | ast_contract:IMPLEMENTED | semantic:IMPLEMENTED | type_binding:MISSING | layout:IMPLEMENTED | hir:IMPLEMENTED | mir:IMPLEMENTED | mir_verify:IMPLEMENTED,ast_interpreter:IMPLEMENTED | mir_interpreter:IMPLEMENTED | browser_runtime:IMPLEMENTED,IMPLEMENTED,IMPLEMENTED,IMPLEMENTED,WASM_UNSUPPORTED,WASM_UNSUPPORTED,src/parser/parser/parser_shared.fbs,KEEP_GATE_COVERAGE
UXB-SURFACE-042,SQR,builtin_function,lexer:IMPLEMENTED | parser:IMPLEMENTED | ast_contract:IMPLEMENTED | semantic:IMPLEMENTED | type_binding:MISSING | layout:MISSING | hir:IMPLEMENTED | mir:IMPLEMENTED | mir_verify:IMPLEMENTED -> ast_interpreter:IMPLEMENTED | mir_interpreter:IMPLEMENTED | browser_runtime:IMPLEMENTED -> x64:IMPLEMENTED -> x86:IMPLEMENTED -> js:IMPLEMENTED -> wat:WASM_UNSUPPORTED -> wasm:WASM_UNSUPPORTED,codex-step1,lexer:IMPLEMENTED | parser:IMPLEMENTED | ast_contract:IMPLEMENTED | semantic:IMPLEMENTED | type_binding:MISSING | layout:MISSING | hir:IMPLEMENTED | mir:IMPLEMENTED | mir_verify:IMPLEMENTED,ast_interpreter:IMPLEMENTED | mir_interpreter:IMPLEMENTED | browser_runtime:IMPLEMENTED,IMPLEMENTED,IMPLEMENTED,IMPLEMENTED,WASM_UNSUPPORTED,WASM_UNSUPPORTED,src/parser/parser/parser_shared.fbs,KEEP_GATE_COVERAGE
UXB-SURFACE-043,SQRT,builtin_function,lexer:IMPLEMENTED | parser:IMPLEMENTED | ast_contract:IMPLEMENTED | semantic:IMPLEMENTED | type_binding:MISSING | layout:MISSING | hir:IMPLEMENTED | mir:IMPLEMENTED | mir_verify:IMPLEMENTED -> ast_interpreter:IMPLEMENTED | browser_runtime:IMPLEMENTED -> x64:IMPLEMENTED -> x86:IMPLEMENTED -> js:IMPLEMENTED -> wat:WASM_UNSUPPORTED -> wasm:WASM_UNSUPPORTED,codex-step1,lexer:IMPLEMENTED | parser:IMPLEMENTED | ast_contract:IMPLEMENTED | semantic:IMPLEMENTED | type_binding:MISSING | layout:MISSING | hir:IMPLEMENTED | mir:IMPLEMENTED | mir_verify:IMPLEMENTED,ast_interpreter:IMPLEMENTED | browser_runtime:IMPLEMENTED,IMPLEMENTED,IMPLEMENTED,IMPLEMENTED,WASM_UNSUPPORTED,WASM_UNSUPPORTED,src/parser/parser/parser_shared.fbs,KEEP_GATE_COVERAGE
UXB-SURFACE-044,STR,builtin_function,lexer:IMPLEMENTED | parser:IMPLEMENTED | ast_contract:IMPLEMENTED | semantic:IMPLEMENTED | type_binding:IMPLEMENTED | layout:IMPLEMENTED | hir:IMPLEMENTED | mir:IMPLEMENTED | mir_verify:IMPLEMENTED -> ast_interpreter:IMPLEMENTED | mir_interpreter:IMPLEMENTED | browser_runtime:IMPLEMENTED | library_binding:IMPLEMENTED -> x64:IMPLEMENTED -> x86:IMPLEMENTED -> js:IMPLEMENTED -> wat:WASM_UNSUPPORTED -> wasm:WASM_UNSUPPORTED,codex-step1,lexer:IMPLEMENTED | parser:IMPLEMENTED | ast_contract:IMPLEMENTED | semantic:IMPLEMENTED | type_binding:IMPLEMENTED | layout:IMPLEMENTED | hir:IMPLEMENTED | mir:IMPLEMENTED | mir_verify:IMPLEMENTED,ast_interpreter:IMPLEMENTED | mir_interpreter:IMPLEMENTED | browser_runtime:IMPLEMENTED | library_binding:IMPLEMENTED,IMPLEMENTED,IMPLEMENTED,IMPLEMENTED,WASM_UNSUPPORTED,WASM_UNSUPPORTED,src/parser/parser/parser_expr.fbs,KEEP_GATE_COVERAGE
UXB-SURFACE-045,STRPTR,builtin_function,lexer:IMPLEMENTED | parser:IMPLEMENTED | ast_contract:IMPLEMENTED | semantic:IMPLEMENTED | type_binding:MISSING | layout:MISSING | hir:IMPLEMENTED | mir:IMPLEMENTED | mir_verify:IMPLEMENTED -> ast_interpreter:IMPLEMENTED | mir_interpreter:IMPLEMENTED | browser_runtime:IMPLEMENTED -> x64:IMPLEMENTED -> x86:IMPLEMENTED -> js:IMPLEMENTED -> wat:WASM_UNSUPPORTED -> wasm:WASM_UNSUPPORTED,codex-step1,lexer:IMPLEMENTED | parser:IMPLEMENTED | ast_contract:IMPLEMENTED | semantic:IMPLEMENTED | type_binding:MISSING | layout:MISSING | hir:IMPLEMENTED | mir:IMPLEMENTED | mir_verify:IMPLEMENTED,ast_interpreter:IMPLEMENTED | mir_interpreter:IMPLEMENTED | browser_runtime:IMPLEMENTED,IMPLEMENTED,IMPLEMENTED,IMPLEMENTED,WASM_UNSUPPORTED,WASM_UNSUPPORTED,src/parser/parser/parser_stmt_dispatch.fbs,KEEP_GATE_COVERAGE
UXB-SURFACE-046,TAN,builtin_function,lexer:IMPLEMENTED | parser:IMPLEMENTED | ast_contract:IMPLEMENTED | semantic:IMPLEMENTED | type_binding:MISSING | layout:IMPLEMENTED | hir:IMPLEMENTED | mir:IMPLEMENTED | mir_verify:IMPLEMENTED -> ast_interpreter:IMPLEMENTED | mir_interpreter:IMPLEMENTED | browser_runtime:IMPLEMENTED | library_binding:IMPLEMENTED -> x64:IMPLEMENTED -> x86:IMPLEMENTED -> js:IMPLEMENTED -> wat:WASM_UNSUPPORTED -> wasm:WASM_UNSUPPORTED,codex-step1,lexer:IMPLEMENTED | parser:IMPLEMENTED | ast_contract:IMPLEMENTED | semantic:IMPLEMENTED | type_binding:MISSING | layout:IMPLEMENTED | hir:IMPLEMENTED | mir:IMPLEMENTED | mir_verify:IMPLEMENTED,ast_interpreter:IMPLEMENTED | mir_interpreter:IMPLEMENTED | browser_runtime:IMPLEMENTED | library_binding:IMPLEMENTED,IMPLEMENTED,IMPLEMENTED,IMPLEMENTED,WASM_UNSUPPORTED,WASM_UNSUPPORTED,src/parser/parser/parser_shared.fbs,KEEP_GATE_COVERAGE
UXB-SURFACE-047,THREAD,builtin_function,lexer:IMPLEMENTED | parser:IMPLEMENTED | ast_contract:IMPLEMENTED | semantic:IMPLEMENTED | type_binding:MISSING | layout:MISSING | hir:IMPLEMENTED | mir:IMPLEMENTED | mir_verify:IMPLEMENTED -> ast_interpreter:IMPLEMENTED | mir_interpreter:IMPLEMENTED | browser_runtime:IMPLEMENTED | library_binding:IMPLEMENTED -> x64:IMPLEMENTED -> x86:IMPLEMENTED -> js:IMPLEMENTED -> wat:WASM_UNSUPPORTED -> wasm:WASM_UNSUPPORTED,codex-step1,lexer:IMPLEMENTED | parser:IMPLEMENTED | ast_contract:IMPLEMENTED | semantic:IMPLEMENTED | type_binding:MISSING | layout:MISSING | hir:IMPLEMENTED | mir:IMPLEMENTED | mir_verify:IMPLEMENTED,ast_interpreter:IMPLEMENTED | mir_interpreter:IMPLEMENTED | browser_runtime:IMPLEMENTED | library_binding:IMPLEMENTED,IMPLEMENTED,IMPLEMENTED,IMPLEMENTED,WASM_UNSUPPORTED,WASM_UNSUPPORTED,src/parser/parser/parser_stmt_event_pipe.fbs,KEEP_GATE_COVERAGE
UXB-SURFACE-048,THREAT,builtin_function,lexer:IMPLEMENTED | parser:IMPLEMENTED | ast_contract:IMPLEMENTED | semantic:IMPLEMENTED | type_binding:MISSING | layout:MISSING | hir:IMPLEMENTED | mir:IMPLEMENTED | mir_verify:IMPLEMENTED -> browser_runtime:IMPLEMENTED -> x64:IMPLEMENTED -> x86:IMPLEMENTED -> js:IMPLEMENTED -> wat:WASM_UNSUPPORTED -> wasm:WASM_UNSUPPORTED,codex-step1,lexer:IMPLEMENTED | parser:IMPLEMENTED | ast_contract:IMPLEMENTED | semantic:IMPLEMENTED | type_binding:MISSING | layout:MISSING | hir:IMPLEMENTED | mir:IMPLEMENTED | mir_verify:IMPLEMENTED,browser_runtime:IMPLEMENTED,IMPLEMENTED,IMPLEMENTED,IMPLEMENTED,WASM_UNSUPPORTED,WASM_UNSUPPORTED,src/parser/parser/uxb_parser_surface_contract.fbs,KEEP_GATE_COVERAGE
UXB-SURFACE-049,TIMER,builtin_function,lexer:IMPLEMENTED | parser:IMPLEMENTED | ast_contract:IMPLEMENTED | semantic:IMPLEMENTED | type_binding:MISSING | layout:MISSING | hir:IMPLEMENTED | mir:IMPLEMENTED | mir_verify:IMPLEMENTED -> ast_interpreter:IMPLEMENTED | mir_interpreter:IMPLEMENTED | browser_runtime:IMPLEMENTED -> x64:IMPLEMENTED -> x86:IMPLEMENTED -> js:IMPLEMENTED -> wat:RUNTIME_CALL -> wasm:RUNTIME_CALL,codex-step1,lexer:IMPLEMENTED | parser:IMPLEMENTED | ast_contract:IMPLEMENTED | semantic:IMPLEMENTED | type_binding:MISSING | layout:MISSING | hir:IMPLEMENTED | mir:IMPLEMENTED | mir_verify:IMPLEMENTED,ast_interpreter:IMPLEMENTED | mir_interpreter:IMPLEMENTED | browser_runtime:IMPLEMENTED,IMPLEMENTED,IMPLEMENTED,IMPLEMENTED,RUNTIME_CALL,RUNTIME_CALL,src/parser/parser/parser_expr.fbs,KEEP_GATE_COVERAGE
UXB-SURFACE-050,TRIGGER,builtin_function,lexer:IMPLEMENTED | parser:IMPLEMENTED | ast_contract:IMPLEMENTED | semantic:IMPLEMENTED | type_binding:MISSING | layout:MISSING | hir:IMPLEMENTED | mir:IMPLEMENTED | mir_verify:IMPLEMENTED -> ast_interpreter:IMPLEMENTED | mir_interpreter:IMPLEMENTED | browser_runtime:IMPLEMENTED -> x64:IMPLEMENTED -> x86:IMPLEMENTED -> js:IMPLEMENTED -> wat:WASM_UNSUPPORTED -> wasm:WASM_UNSUPPORTED,codex-step1,lexer:IMPLEMENTED | parser:IMPLEMENTED | ast_contract:IMPLEMENTED | semantic:IMPLEMENTED | type_binding:MISSING | layout:MISSING | hir:IMPLEMENTED | mir:IMPLEMENTED | mir_verify:IMPLEMENTED,ast_interpreter:IMPLEMENTED | mir_interpreter:IMPLEMENTED | browser_runtime:IMPLEMENTED,IMPLEMENTED,IMPLEMENTED,IMPLEMENTED,WASM_UNSUPPORTED,WASM_UNSUPPORTED,src/parser/parser/parser_stmt_event_pipe.fbs,KEEP_GATE_COVERAGE
UXB-SURFACE-051,UCASE,builtin_function,lexer:IMPLEMENTED | parser:IMPLEMENTED | ast_contract:IMPLEMENTED | semantic:IMPLEMENTED | type_binding:IMPLEMENTED | layout:IMPLEMENTED | hir:IMPLEMENTED | mir:IMPLEMENTED | mir_verify:IMPLEMENTED -> ast_interpreter:IMPLEMENTED | mir_interpreter:IMPLEMENTED | browser_runtime:IMPLEMENTED -> x64:IMPLEMENTED -> x86:IMPLEMENTED -> js:IMPLEMENTED -> wat:WASM_UNSUPPORTED -> wasm:WASM_UNSUPPORTED,codex-step1,lexer:IMPLEMENTED | parser:IMPLEMENTED | ast_contract:IMPLEMENTED | semantic:IMPLEMENTED | type_binding:IMPLEMENTED | layout:IMPLEMENTED | hir:IMPLEMENTED | mir:IMPLEMENTED | mir_verify:IMPLEMENTED,ast_interpreter:IMPLEMENTED | mir_interpreter:IMPLEMENTED | browser_runtime:IMPLEMENTED,IMPLEMENTED,IMPLEMENTED,IMPLEMENTED,WASM_UNSUPPORTED,WASM_UNSUPPORTED,src/parser/parser/parser_expr.fbs,KEEP_GATE_COVERAGE
UXB-SURFACE-052,VAL,builtin_function,lexer:IMPLEMENTED | parser:IMPLEMENTED | ast_contract:IMPLEMENTED | semantic:IMPLEMENTED | type_binding:IMPLEMENTED | layout:IMPLEMENTED | hir:IMPLEMENTED | mir:IMPLEMENTED | mir_verify:IMPLEMENTED -> ast_interpreter:IMPLEMENTED | mir_interpreter:IMPLEMENTED | browser_runtime:IMPLEMENTED | library_binding:IMPLEMENTED -> x64:IMPLEMENTED -> x86:IMPLEMENTED -> js:IMPLEMENTED -> wat:WASM_UNSUPPORTED -> wasm:WASM_UNSUPPORTED,codex-step1,lexer:IMPLEMENTED | parser:IMPLEMENTED | ast_contract:IMPLEMENTED | semantic:IMPLEMENTED | type_binding:IMPLEMENTED | layout:IMPLEMENTED | hir:IMPLEMENTED | mir:IMPLEMENTED | mir_verify:IMPLEMENTED,ast_interpreter:IMPLEMENTED | mir_interpreter:IMPLEMENTED | browser_runtime:IMPLEMENTED | library_binding:IMPLEMENTED,IMPLEMENTED,IMPLEMENTED,IMPLEMENTED,WASM_UNSUPPORTED,WASM_UNSUPPORTED,src/parser/parser/parser_expr.fbs,KEEP_GATE_COVERAGE
UXB-SURFACE-053,VIRTUAL,builtin_function,lexer:IMPLEMENTED | parser:IMPLEMENTED | ast_contract:IMPLEMENTED | semantic:IMPLEMENTED | type_binding:MISSING | layout:MISSING | hir:IMPLEMENTED | mir:IMPLEMENTED | mir_verify:IMPLEMENTED -> ast_interpreter:IMPLEMENTED | browser_runtime:IMPLEMENTED -> x64:IMPLEMENTED -> x86:IMPLEMENTED -> js:IMPLEMENTED -> wat:WASM_UNSUPPORTED -> wasm:WASM_UNSUPPORTED,codex-step1,lexer:IMPLEMENTED | parser:IMPLEMENTED | ast_contract:IMPLEMENTED | semantic:IMPLEMENTED | type_binding:MISSING | layout:MISSING | hir:IMPLEMENTED | mir:IMPLEMENTED | mir_verify:IMPLEMENTED,ast_interpreter:IMPLEMENTED | browser_runtime:IMPLEMENTED,IMPLEMENTED,IMPLEMENTED,IMPLEMENTED,WASM_UNSUPPORTED,WASM_UNSUPPORTED,src/parser/parser/parser_stmt_decl_class_method.fbs,KEEP_GATE_COVERAGE
UXB-SURFACE-054,ARRAY,basic_statement,lexer:IMPLEMENTED | parser:IMPLEMENTED | ast_contract:IMPLEMENTED | semantic:IMPLEMENTED | type_binding:IMPLEMENTED | layout:IMPLEMENTED | hir:IMPLEMENTED | mir:IMPLEMENTED | mir_verify:IMPLEMENTED -> ast_interpreter:IMPLEMENTED | mir_interpreter:IMPLEMENTED | browser_runtime:IMPLEMENTED -> x64:IMPLEMENTED -> x86:IMPLEMENTED -> js:IMPLEMENTED -> wat:IMPLEMENTED -> wasm:IMPLEMENTED,codex-step1,lexer:IMPLEMENTED | parser:IMPLEMENTED | ast_contract:IMPLEMENTED | semantic:IMPLEMENTED | type_binding:IMPLEMENTED | layout:IMPLEMENTED | hir:IMPLEMENTED | mir:IMPLEMENTED | mir_verify:IMPLEMENTED,ast_interpreter:IMPLEMENTED | mir_interpreter:IMPLEMENTED | browser_runtime:IMPLEMENTED,IMPLEMENTED,IMPLEMENTED,IMPLEMENTED,IMPLEMENTED,IMPLEMENTED,src/parser/parser/parser_shared.fbs,KEEP_GATE_COVERAGE
UXB-SURFACE-055,DICT,basic_statement,lexer:IMPLEMENTED | parser:IMPLEMENTED | ast_contract:IMPLEMENTED | semantic:IMPLEMENTED | type_binding:IMPLEMENTED | layout:IMPLEMENTED | hir:IMPLEMENTED | mir:IMPLEMENTED | mir_verify:IMPLEMENTED -> ast_interpreter:IMPLEMENTED | mir_interpreter:IMPLEMENTED | browser_runtime:IMPLEMENTED | library_binding:IMPLEMENTED -> x64:IMPLEMENTED -> x86:IMPLEMENTED -> js:IMPLEMENTED -> wat:WASM_UNSUPPORTED -> wasm:WASM_UNSUPPORTED,codex-step1,lexer:IMPLEMENTED | parser:IMPLEMENTED | ast_contract:IMPLEMENTED | semantic:IMPLEMENTED | type_binding:IMPLEMENTED | layout:IMPLEMENTED | hir:IMPLEMENTED | mir:IMPLEMENTED | mir_verify:IMPLEMENTED,ast_interpreter:IMPLEMENTED | mir_interpreter:IMPLEMENTED | browser_runtime:IMPLEMENTED | library_binding:IMPLEMENTED,IMPLEMENTED,IMPLEMENTED,IMPLEMENTED,WASM_UNSUPPORTED,WASM_UNSUPPORTED,src/parser/parser/parser_shared.fbs,KEEP_GATE_COVERAGE
UXB-SURFACE-056,LIST,basic_statement,lexer:IMPLEMENTED | parser:IMPLEMENTED | ast_contract:IMPLEMENTED | semantic:IMPLEMENTED | type_binding:IMPLEMENTED | layout:IMPLEMENTED | hir:IMPLEMENTED | mir:IMPLEMENTED | mir_verify:IMPLEMENTED -> ast_interpreter:IMPLEMENTED | mir_interpreter:IMPLEMENTED | browser_runtime:IMPLEMENTED -> x64:IMPLEMENTED -> x86:IMPLEMENTED -> js:IMPLEMENTED -> wat:WASM_UNSUPPORTED -> wasm:WASM_UNSUPPORTED,codex-step1,lexer:IMPLEMENTED | parser:IMPLEMENTED | ast_contract:IMPLEMENTED | semantic:IMPLEMENTED | type_binding:IMPLEMENTED | layout:IMPLEMENTED | hir:IMPLEMENTED | mir:IMPLEMENTED | mir_verify:IMPLEMENTED,ast_interpreter:IMPLEMENTED | mir_interpreter:IMPLEMENTED | browser_runtime:IMPLEMENTED,IMPLEMENTED,IMPLEMENTED,IMPLEMENTED,WASM_UNSUPPORTED,WASM_UNSUPPORTED,src/parser/parser/parser_shared.fbs,KEEP_GATE_COVERAGE
UXB-SURFACE-057,SET,basic_statement,lexer:IMPLEMENTED | parser:IMPLEMENTED | ast_contract:IMPLEMENTED | semantic:IMPLEMENTED | type_binding:IMPLEMENTED | layout:IMPLEMENTED | hir:IMPLEMENTED | mir:IMPLEMENTED | mir_verify:IMPLEMENTED -> ast_interpreter:IMPLEMENTED | mir_interpreter:IMPLEMENTED | browser_runtime:IMPLEMENTED | library_binding:IMPLEMENTED -> x64:IMPLEMENTED -> x86:IMPLEMENTED -> js:IMPLEMENTED -> wat:WASM_UNSUPPORTED -> wasm:WASM_UNSUPPORTED,codex-step1,lexer:IMPLEMENTED | parser:IMPLEMENTED | ast_contract:IMPLEMENTED | semantic:IMPLEMENTED | type_binding:IMPLEMENTED | layout:IMPLEMENTED | hir:IMPLEMENTED | mir:IMPLEMENTED | mir_verify:IMPLEMENTED,ast_interpreter:IMPLEMENTED | mir_interpreter:IMPLEMENTED | browser_runtime:IMPLEMENTED | library_binding:IMPLEMENTED,IMPLEMENTED,IMPLEMENTED,IMPLEMENTED,WASM_UNSUPPORTED,WASM_UNSUPPORTED,src/parser/parser/parser_expr.fbs,KEEP_GATE_COVERAGE
UXB-SURFACE-058,ABSTRACT,directive,lexer:IMPLEMENTED | parser:IMPLEMENTED | ast_contract:IMPLEMENTED | semantic:IMPLEMENTED | type_binding:MISSING | layout:MISSING | hir:IMPLEMENTED | mir:IMPLEMENTED | mir_verify:IMPLEMENTED -> ast_interpreter:IMPLEMENTED | mir_interpreter:COMPILE_TIME_ONLY | browser_runtime:IMPLEMENTED | library_binding:COMPILE_TIME_ONLY -> x64:IMPLEMENTED -> x86:IMPLEMENTED -> js:IMPLEMENTED -> wat:IMPLEMENTED -> wasm:IMPLEMENTED,codex-step1,lexer:IMPLEMENTED | parser:IMPLEMENTED | ast_contract:IMPLEMENTED | semantic:IMPLEMENTED | type_binding:MISSING | layout:MISSING | hir:IMPLEMENTED | mir:IMPLEMENTED | mir_verify:IMPLEMENTED,ast_interpreter:IMPLEMENTED | mir_interpreter:COMPILE_TIME_ONLY | browser_runtime:IMPLEMENTED | library_binding:COMPILE_TIME_ONLY,IMPLEMENTED,IMPLEMENTED,IMPLEMENTED,IMPLEMENTED,IMPLEMENTED,src/parser/parser/parser_stmt_decl_core.fbs,KEEP_COMPILE_TIME_CONTRACT
UXB-SURFACE-059,ALIAS,directive,lexer:IMPLEMENTED | parser:IMPLEMENTED | ast_contract:IMPLEMENTED | semantic:IMPLEMENTED | type_binding:MISSING | layout:MISSING | hir:IMPLEMENTED | mir:IMPLEMENTED | mir_verify:IMPLEMENTED -> ast_interpreter:IMPLEMENTED | mir_interpreter:IMPLEMENTED | browser_runtime:IMPLEMENTED | library_binding:IMPLEMENTED -> x64:IMPLEMENTED -> x86:IMPLEMENTED -> js:IMPLEMENTED -> wat:IMPLEMENTED -> wasm:IMPLEMENTED,codex-step1,lexer:IMPLEMENTED | parser:IMPLEMENTED | ast_contract:IMPLEMENTED | semantic:IMPLEMENTED | type_binding:MISSING | layout:MISSING | hir:IMPLEMENTED | mir:IMPLEMENTED | mir_verify:IMPLEMENTED,ast_interpreter:IMPLEMENTED | mir_interpreter:IMPLEMENTED | browser_runtime:IMPLEMENTED | library_binding:IMPLEMENTED,IMPLEMENTED,IMPLEMENTED,IMPLEMENTED,IMPLEMENTED,IMPLEMENTED,src/parser/parser/parser_shared.fbs,KEEP_COMPILE_TIME_CONTRACT
UXB-SURFACE-060,BYREF,directive,lexer:IMPLEMENTED | parser:IMPLEMENTED | ast_contract:IMPLEMENTED | semantic:IMPLEMENTED | type_binding:IMPLEMENTED | layout:IMPLEMENTED | hir:IMPLEMENTED | mir:IMPLEMENTED | mir_verify:IMPLEMENTED -> ast_interpreter:IMPLEMENTED | mir_interpreter:IMPLEMENTED | browser_runtime:IMPLEMENTED | library_binding:COMPILE_TIME_ONLY -> x64:IMPLEMENTED -> x86:IMPLEMENTED -> js:IMPLEMENTED -> wat:IMPLEMENTED -> wasm:IMPLEMENTED,codex-step1,lexer:IMPLEMENTED | parser:IMPLEMENTED | ast_contract:IMPLEMENTED | semantic:IMPLEMENTED | type_binding:IMPLEMENTED | layout:IMPLEMENTED | hir:IMPLEMENTED | mir:IMPLEMENTED | mir_verify:IMPLEMENTED,ast_interpreter:IMPLEMENTED | mir_interpreter:IMPLEMENTED | browser_runtime:IMPLEMENTED | library_binding:COMPILE_TIME_ONLY,IMPLEMENTED,IMPLEMENTED,IMPLEMENTED,IMPLEMENTED,IMPLEMENTED,src/parser/parser/parser_expr.fbs,KEEP_COMPILE_TIME_CONTRACT
UXB-SURFACE-061,BYVAL,directive,lexer:IMPLEMENTED | parser:IMPLEMENTED | ast_contract:IMPLEMENTED | semantic:IMPLEMENTED | type_binding:IMPLEMENTED | layout:IMPLEMENTED | hir:IMPLEMENTED | mir:IMPLEMENTED | mir_verify:IMPLEMENTED -> ast_interpreter:IMPLEMENTED | mir_interpreter:IMPLEMENTED | browser_runtime:IMPLEMENTED | library_binding:IMPLEMENTED -> x64:IMPLEMENTED -> x86:IMPLEMENTED -> js:IMPLEMENTED -> wat:IMPLEMENTED -> wasm:IMPLEMENTED,codex-step1,lexer:IMPLEMENTED | parser:IMPLEMENTED | ast_contract:IMPLEMENTED | semantic:IMPLEMENTED | type_binding:IMPLEMENTED | layout:IMPLEMENTED | hir:IMPLEMENTED | mir:IMPLEMENTED | mir_verify:IMPLEMENTED,ast_interpreter:IMPLEMENTED | mir_interpreter:IMPLEMENTED | browser_runtime:IMPLEMENTED | library_binding:IMPLEMENTED,IMPLEMENTED,IMPLEMENTED,IMPLEMENTED,IMPLEMENTED,IMPLEMENTED,src/parser/parser/parser_shared.fbs,KEEP_COMPILE_TIME_CONTRACT
UXB-SURFACE-062,CDECL,directive,lexer:IMPLEMENTED | parser:IMPLEMENTED | ast_contract:IMPLEMENTED | semantic:IMPLEMENTED | type_binding:MISSING | layout:MISSING | hir:IMPLEMENTED | mir:IMPLEMENTED | mir_verify:IMPLEMENTED -> ast_interpreter:IMPLEMENTED | mir_interpreter:IMPLEMENTED | browser_runtime:IMPLEMENTED | library_binding:IMPLEMENTED -> x64:IMPLEMENTED -> x86:IMPLEMENTED -> js:IMPLEMENTED -> wat:IMPLEMENTED -> wasm:IMPLEMENTED,codex-step1,lexer:IMPLEMENTED | parser:IMPLEMENTED | ast_contract:IMPLEMENTED | semantic:IMPLEMENTED | type_binding:MISSING | layout:MISSING | hir:IMPLEMENTED | mir:IMPLEMENTED | mir_verify:IMPLEMENTED,ast_interpreter:IMPLEMENTED | mir_interpreter:IMPLEMENTED | browser_runtime:IMPLEMENTED | library_binding:IMPLEMENTED,IMPLEMENTED,IMPLEMENTED,IMPLEMENTED,IMPLEMENTED,IMPLEMENTED,src/parser/parser/parser_stmt_decl_class_method.fbs,KEEP_COMPILE_TIME_CONTRACT
UXB-SURFACE-063,FINAL,directive,lexer:IMPLEMENTED | parser:IMPLEMENTED | ast_contract:IMPLEMENTED | semantic:IMPLEMENTED | type_binding:MISSING | layout:MISSING | hir:IMPLEMENTED | mir:IMPLEMENTED | mir_verify:IMPLEMENTED -> ast_interpreter:IMPLEMENTED | mir_interpreter:COMPILE_TIME_ONLY | browser_runtime:IMPLEMENTED | library_binding:COMPILE_TIME_ONLY -> x64:IMPLEMENTED -> x86:IMPLEMENTED -> js:IMPLEMENTED -> wat:IMPLEMENTED -> wasm:IMPLEMENTED,codex-step1,lexer:IMPLEMENTED | parser:IMPLEMENTED | ast_contract:IMPLEMENTED | semantic:IMPLEMENTED | type_binding:MISSING | layout:MISSING | hir:IMPLEMENTED | mir:IMPLEMENTED | mir_verify:IMPLEMENTED,ast_interpreter:IMPLEMENTED | mir_interpreter:COMPILE_TIME_ONLY | browser_runtime:IMPLEMENTED | library_binding:COMPILE_TIME_ONLY,IMPLEMENTED,IMPLEMENTED,IMPLEMENTED,IMPLEMENTED,IMPLEMENTED,src/parser/parser/parser_stmt_decl_core.fbs,KEEP_COMPILE_TIME_CONTRACT
UXB-SURFACE-064,FRIEND,directive,lexer:IMPLEMENTED | parser:IMPLEMENTED | ast_contract:IMPLEMENTED | semantic:IMPLEMENTED | type_binding:MISSING | layout:MISSING | hir:IMPLEMENTED | mir:IMPLEMENTED | mir_verify:IMPLEMENTED -> ast_interpreter:IMPLEMENTED | mir_interpreter:COMPILE_TIME_ONLY | browser_runtime:IMPLEMENTED | library_binding:COMPILE_TIME_ONLY -> x64:IMPLEMENTED -> x86:IMPLEMENTED -> js:IMPLEMENTED -> wat:IMPLEMENTED -> wasm:IMPLEMENTED,codex-step1,lexer:IMPLEMENTED | parser:IMPLEMENTED | ast_contract:IMPLEMENTED | semantic:IMPLEMENTED | type_binding:MISSING | layout:MISSING | hir:IMPLEMENTED | mir:IMPLEMENTED | mir_verify:IMPLEMENTED,ast_interpreter:IMPLEMENTED | mir_interpreter:COMPILE_TIME_ONLY | browser_runtime:IMPLEMENTED | library_binding:COMPILE_TIME_ONLY,IMPLEMENTED,IMPLEMENTED,IMPLEMENTED,IMPLEMENTED,IMPLEMENTED,src/parser/parser/parser_stmt_decl_class_method.fbs,KEEP_COMPILE_TIME_CONTRACT
UXB-SURFACE-065,IMMUTABLE,directive,lexer:IMPLEMENTED | parser:IMPLEMENTED | ast_contract:IMPLEMENTED | semantic:IMPLEMENTED | type_binding:MISSING | layout:MISSING | hir:IMPLEMENTED | mir:IMPLEMENTED | mir_verify:IMPLEMENTED -> ast_interpreter:IMPLEMENTED | mir_interpreter:COMPILE_TIME_ONLY | browser_runtime:IMPLEMENTED | library_binding:COMPILE_TIME_ONLY -> x64:IMPLEMENTED -> x86:IMPLEMENTED -> js:IMPLEMENTED -> wat:IMPLEMENTED -> wasm:IMPLEMENTED,codex-step1,lexer:IMPLEMENTED | parser:IMPLEMENTED | ast_contract:IMPLEMENTED | semantic:IMPLEMENTED | type_binding:MISSING | layout:MISSING | hir:IMPLEMENTED | mir:IMPLEMENTED | mir_verify:IMPLEMENTED,ast_interpreter:IMPLEMENTED | mir_interpreter:COMPILE_TIME_ONLY | browser_runtime:IMPLEMENTED | library_binding:COMPILE_TIME_ONLY,IMPLEMENTED,IMPLEMENTED,IMPLEMENTED,IMPLEMENTED,IMPLEMENTED,src/parser/parser/parser_stmt_decl_class_method.fbs,KEEP_COMPILE_TIME_CONTRACT
UXB-SURFACE-066,IMPORT,directive,lexer:IMPLEMENTED | parser:IMPLEMENTED | ast_contract:IMPLEMENTED | semantic:IMPLEMENTED | type_binding:MISSING | layout:MISSING | hir:IMPLEMENTED | mir:IMPLEMENTED | mir_verify:IMPLEMENTED -> ast_interpreter:IMPLEMENTED | mir_interpreter:COMPILE_TIME_ONLY | browser_runtime:IMPLEMENTED | library_binding:IMPLEMENTED -> x64:IMPLEMENTED -> x86:IMPLEMENTED -> js:IMPLEMENTED -> wat:IMPLEMENTED -> wasm:IMPLEMENTED,codex-step1,lexer:IMPLEMENTED | parser:IMPLEMENTED | ast_contract:IMPLEMENTED | semantic:IMPLEMENTED | type_binding:MISSING | layout:MISSING | hir:IMPLEMENTED | mir:IMPLEMENTED | mir_verify:IMPLEMENTED,ast_interpreter:IMPLEMENTED | mir_interpreter:COMPILE_TIME_ONLY | browser_runtime:IMPLEMENTED | library_binding:IMPLEMENTED,IMPLEMENTED,IMPLEMENTED,IMPLEMENTED,IMPLEMENTED,IMPLEMENTED,src/parser/parser/parser_path_validation_helpers.fbs,KEEP_COMPILE_TIME_CONTRACT
UXB-SURFACE-067,INCLUDE,directive,lexer:IMPLEMENTED | parser:IMPLEMENTED | ast_contract:IMPLEMENTED | semantic:IMPLEMENTED | type_binding:MISSING | layout:IMPLEMENTED | hir:IMPLEMENTED | mir:IMPLEMENTED | mir_verify:IMPLEMENTED -> ast_interpreter:IMPLEMENTED | mir_interpreter:IMPLEMENTED | browser_runtime:IMPLEMENTED | library_binding:IMPLEMENTED -> x64:IMPLEMENTED -> x86:IMPLEMENTED -> js:IMPLEMENTED -> wat:IMPLEMENTED -> wasm:IMPLEMENTED,codex-step1,lexer:IMPLEMENTED | parser:IMPLEMENTED | ast_contract:IMPLEMENTED | semantic:IMPLEMENTED | type_binding:MISSING | layout:IMPLEMENTED | hir:IMPLEMENTED | mir:IMPLEMENTED | mir_verify:IMPLEMENTED,ast_interpreter:IMPLEMENTED | mir_interpreter:IMPLEMENTED | browser_runtime:IMPLEMENTED | library_binding:IMPLEMENTED,IMPLEMENTED,IMPLEMENTED,IMPLEMENTED,IMPLEMENTED,IMPLEMENTED,src/parser/parser/parser_path_validation_helpers.fbs,KEEP_COMPILE_TIME_CONTRACT
UXB-SURFACE-068,MODULE,directive,lexer:IMPLEMENTED | parser:IMPLEMENTED | ast_contract:IMPLEMENTED | semantic:IMPLEMENTED | type_binding:MISSING | layout:MISSING | hir:IMPLEMENTED | mir:IMPLEMENTED | mir_verify:IMPLEMENTED -> ast_interpreter:IMPLEMENTED | mir_interpreter:IMPLEMENTED | browser_runtime:IMPLEMENTED | library_binding:IMPLEMENTED -> x64:IMPLEMENTED -> x86:IMPLEMENTED -> js:IMPLEMENTED -> wat:IMPLEMENTED -> wasm:IMPLEMENTED,codex-step1,lexer:IMPLEMENTED | parser:IMPLEMENTED | ast_contract:IMPLEMENTED | semantic:IMPLEMENTED | type_binding:MISSING | layout:MISSING | hir:IMPLEMENTED | mir:IMPLEMENTED | mir_verify:IMPLEMENTED,ast_interpreter:IMPLEMENTED | mir_interpreter:IMPLEMENTED | browser_runtime:IMPLEMENTED | library_binding:IMPLEMENTED,IMPLEMENTED,IMPLEMENTED,IMPLEMENTED,IMPLEMENTED,IMPLEMENTED,src/parser/parser/parser_shared.fbs,KEEP_COMPILE_TIME_CONTRACT
UXB-SURFACE-069,MUTABLE,directive,lexer:IMPLEMENTED | parser:IMPLEMENTED | ast_contract:IMPLEMENTED | semantic:IMPLEMENTED | type_binding:MISSING | layout:MISSING | hir:IMPLEMENTED | mir:IMPLEMENTED | mir_verify:IMPLEMENTED -> ast_interpreter:IMPLEMENTED | mir_interpreter:COMPILE_TIME_ONLY | browser_runtime:IMPLEMENTED | library_binding:COMPILE_TIME_ONLY -> x64:IMPLEMENTED -> x86:IMPLEMENTED -> js:IMPLEMENTED -> wat:IMPLEMENTED -> wasm:IMPLEMENTED,codex-step1,lexer:IMPLEMENTED | parser:IMPLEMENTED | ast_contract:IMPLEMENTED | semantic:IMPLEMENTED | type_binding:MISSING | layout:MISSING | hir:IMPLEMENTED | mir:IMPLEMENTED | mir_verify:IMPLEMENTED,ast_interpreter:IMPLEMENTED | mir_interpreter:COMPILE_TIME_ONLY | browser_runtime:IMPLEMENTED | library_binding:COMPILE_TIME_ONLY,IMPLEMENTED,IMPLEMENTED,IMPLEMENTED,IMPLEMENTED,IMPLEMENTED,src/parser/parser/parser_stmt_decl_class_method.fbs,KEEP_COMPILE_TIME_CONTRACT
UXB-SURFACE-070,NAMESPACE,directive,lexer:IMPLEMENTED | parser:IMPLEMENTED | ast_contract:IMPLEMENTED | semantic:IMPLEMENTED | type_binding:MISSING | layout:MISSING | hir:IMPLEMENTED | mir:IMPLEMENTED | mir_verify:IMPLEMENTED -> ast_interpreter:IMPLEMENTED | mir_interpreter:COMPILE_TIME_ONLY | browser_runtime:IMPLEMENTED | library_binding:COMPILE_TIME_ONLY -> x64:IMPLEMENTED -> x86:IMPLEMENTED -> js:IMPLEMENTED -> wat:IMPLEMENTED -> wasm:IMPLEMENTED,codex-step1,lexer:IMPLEMENTED | parser:IMPLEMENTED | ast_contract:IMPLEMENTED | semantic:IMPLEMENTED | type_binding:MISSING | layout:MISSING | hir:IMPLEMENTED | mir:IMPLEMENTED | mir_verify:IMPLEMENTED,ast_interpreter:IMPLEMENTED | mir_interpreter:COMPILE_TIME_ONLY | browser_runtime:IMPLEMENTED | library_binding:COMPILE_TIME_ONLY,IMPLEMENTED,IMPLEMENTED,IMPLEMENTED,IMPLEMENTED,IMPLEMENTED,src/parser/parser/parser_stmt_decl_dispatch.fbs,KEEP_COMPILE_TIME_CONTRACT
UXB-SURFACE-071,PRIVATE,directive,lexer:IMPLEMENTED | parser:IMPLEMENTED | ast_contract:IMPLEMENTED | semantic:IMPLEMENTED | type_binding:IMPLEMENTED | layout:IMPLEMENTED | hir:IMPLEMENTED | mir:IMPLEMENTED | mir_verify:IMPLEMENTED -> ast_interpreter:IMPLEMENTED | mir_interpreter:IMPLEMENTED | browser_runtime:IMPLEMENTED | library_binding:COMPILE_TIME_ONLY -> x64:IMPLEMENTED -> x86:IMPLEMENTED -> js:IMPLEMENTED -> wat:IMPLEMENTED -> wasm:IMPLEMENTED,codex-step1,lexer:IMPLEMENTED | parser:IMPLEMENTED | ast_contract:IMPLEMENTED | semantic:IMPLEMENTED | type_binding:IMPLEMENTED | layout:IMPLEMENTED | hir:IMPLEMENTED | mir:IMPLEMENTED | mir_verify:IMPLEMENTED,ast_interpreter:IMPLEMENTED | mir_interpreter:IMPLEMENTED | browser_runtime:IMPLEMENTED | library_binding:COMPILE_TIME_ONLY,IMPLEMENTED,IMPLEMENTED,IMPLEMENTED,IMPLEMENTED,IMPLEMENTED,src/parser/parser/parser_expr.fbs,KEEP_COMPILE_TIME_CONTRACT
UXB-SURFACE-072,PROTECTED,directive,lexer:IMPLEMENTED | parser:IMPLEMENTED | ast_contract:IMPLEMENTED | semantic:IMPLEMENTED | type_binding:MISSING | layout:MISSING | hir:IMPLEMENTED | mir:IMPLEMENTED | mir_verify:IMPLEMENTED -> ast_interpreter:IMPLEMENTED | mir_interpreter:COMPILE_TIME_ONLY | browser_runtime:IMPLEMENTED | library_binding:COMPILE_TIME_ONLY -> x64:IMPLEMENTED -> x86:IMPLEMENTED -> js:IMPLEMENTED -> wat:IMPLEMENTED -> wasm:IMPLEMENTED,codex-step1,lexer:IMPLEMENTED | parser:IMPLEMENTED | ast_contract:IMPLEMENTED | semantic:IMPLEMENTED | type_binding:MISSING | layout:MISSING | hir:IMPLEMENTED | mir:IMPLEMENTED | mir_verify:IMPLEMENTED,ast_interpreter:IMPLEMENTED | mir_interpreter:COMPILE_TIME_ONLY | browser_runtime:IMPLEMENTED | library_binding:COMPILE_TIME_ONLY,IMPLEMENTED,IMPLEMENTED,IMPLEMENTED,IMPLEMENTED,IMPLEMENTED,src/parser/parser/parser_stmt_decl_class_method.fbs,KEEP_COMPILE_TIME_CONTRACT
UXB-SURFACE-073,PUBLIC,directive,lexer:IMPLEMENTED | parser:IMPLEMENTED | ast_contract:IMPLEMENTED | semantic:IMPLEMENTED | type_binding:MISSING | layout:MISSING | hir:IMPLEMENTED | mir:IMPLEMENTED | mir_verify:IMPLEMENTED -> ast_interpreter:IMPLEMENTED | mir_interpreter:COMPILE_TIME_ONLY | browser_runtime:IMPLEMENTED | library_binding:IMPLEMENTED -> x64:IMPLEMENTED -> x86:IMPLEMENTED -> js:IMPLEMENTED -> wat:IMPLEMENTED -> wasm:IMPLEMENTED,codex-step1,lexer:IMPLEMENTED | parser:IMPLEMENTED | ast_contract:IMPLEMENTED | semantic:IMPLEMENTED | type_binding:MISSING | layout:MISSING | hir:IMPLEMENTED | mir:IMPLEMENTED | mir_verify:IMPLEMENTED,ast_interpreter:IMPLEMENTED | mir_interpreter:COMPILE_TIME_ONLY | browser_runtime:IMPLEMENTED | library_binding:IMPLEMENTED,IMPLEMENTED,IMPLEMENTED,IMPLEMENTED,IMPLEMENTED,IMPLEMENTED,src/parser/parser/parser_stmt_decl_class_method.fbs,KEEP_COMPILE_TIME_CONTRACT
UXB-SURFACE-074,READONLY,directive,lexer:IMPLEMENTED | parser:IMPLEMENTED | ast_contract:IMPLEMENTED | semantic:IMPLEMENTED | type_binding:MISSING | layout:MISSING | hir:IMPLEMENTED | mir:IMPLEMENTED | mir_verify:IMPLEMENTED -> ast_interpreter:IMPLEMENTED | mir_interpreter:COMPILE_TIME_ONLY | browser_runtime:IMPLEMENTED | library_binding:COMPILE_TIME_ONLY -> x64:IMPLEMENTED -> x86:IMPLEMENTED -> js:IMPLEMENTED -> wat:IMPLEMENTED -> wasm:IMPLEMENTED,codex-step1,lexer:IMPLEMENTED | parser:IMPLEMENTED | ast_contract:IMPLEMENTED | semantic:IMPLEMENTED | type_binding:MISSING | layout:MISSING | hir:IMPLEMENTED | mir:IMPLEMENTED | mir_verify:IMPLEMENTED,ast_interpreter:IMPLEMENTED | mir_interpreter:COMPILE_TIME_ONLY | browser_runtime:IMPLEMENTED | library_binding:COMPILE_TIME_ONLY,IMPLEMENTED,IMPLEMENTED,IMPLEMENTED,IMPLEMENTED,IMPLEMENTED,src/parser/parser/parser_stmt_decl_class_method.fbs,KEEP_COMPILE_TIME_CONTRACT
UXB-SURFACE-075,RESTRICTED,directive,lexer:IMPLEMENTED | parser:IMPLEMENTED | ast_contract:IMPLEMENTED | semantic:IMPLEMENTED | type_binding:MISSING | layout:MISSING | hir:IMPLEMENTED | mir:IMPLEMENTED | mir_verify:IMPLEMENTED -> ast_interpreter:IMPLEMENTED | mir_interpreter:COMPILE_TIME_ONLY | browser_runtime:IMPLEMENTED | library_binding:COMPILE_TIME_ONLY -> x64:IMPLEMENTED -> x86:IMPLEMENTED -> js:IMPLEMENTED -> wat:IMPLEMENTED -> wasm:IMPLEMENTED,codex-step1,lexer:IMPLEMENTED | parser:IMPLEMENTED | ast_contract:IMPLEMENTED | semantic:IMPLEMENTED | type_binding:MISSING | layout:MISSING | hir:IMPLEMENTED | mir:IMPLEMENTED | mir_verify:IMPLEMENTED,ast_interpreter:IMPLEMENTED | mir_interpreter:COMPILE_TIME_ONLY | browser_runtime:IMPLEMENTED | library_binding:COMPILE_TIME_ONLY,IMPLEMENTED,IMPLEMENTED,IMPLEMENTED,IMPLEMENTED,IMPLEMENTED,src/parser/parser/parser_stmt_decl_class_method.fbs,KEEP_COMPILE_TIME_CONTRACT
UXB-SURFACE-076,SEALED,directive,lexer:IMPLEMENTED | parser:IMPLEMENTED | ast_contract:IMPLEMENTED | semantic:IMPLEMENTED | type_binding:MISSING | layout:MISSING | hir:IMPLEMENTED | mir:IMPLEMENTED | mir_verify:IMPLEMENTED -> ast_interpreter:COMPILE_TIME_ONLY | mir_interpreter:COMPILE_TIME_ONLY | browser_runtime:IMPLEMENTED | library_binding:COMPILE_TIME_ONLY -> x64:IMPLEMENTED -> x86:IMPLEMENTED -> js:IMPLEMENTED -> wat:IMPLEMENTED -> wasm:IMPLEMENTED,codex-step1,lexer:IMPLEMENTED | parser:IMPLEMENTED | ast_contract:IMPLEMENTED | semantic:IMPLEMENTED | type_binding:MISSING | layout:MISSING | hir:IMPLEMENTED | mir:IMPLEMENTED | mir_verify:IMPLEMENTED,ast_interpreter:COMPILE_TIME_ONLY | mir_interpreter:COMPILE_TIME_ONLY | browser_runtime:IMPLEMENTED | library_binding:COMPILE_TIME_ONLY,IMPLEMENTED,IMPLEMENTED,IMPLEMENTED,IMPLEMENTED,IMPLEMENTED,src/parser/parser/parser_stmt_decl_core.fbs,KEEP_COMPILE_TIME_CONTRACT
UXB-SURFACE-077,STATIC,directive,lexer:IMPLEMENTED | parser:IMPLEMENTED | ast_contract:IMPLEMENTED | semantic:IMPLEMENTED | type_binding:MISSING | layout:MISSING | hir:IMPLEMENTED | mir:IMPLEMENTED | mir_verify:IMPLEMENTED -> ast_interpreter:IMPLEMENTED | mir_interpreter:COMPILE_TIME_ONLY | browser_runtime:IMPLEMENTED | library_binding:IMPLEMENTED -> x64:IMPLEMENTED -> x86:IMPLEMENTED -> js:IMPLEMENTED -> wat:IMPLEMENTED -> wasm:IMPLEMENTED,codex-step1,lexer:IMPLEMENTED | parser:IMPLEMENTED | ast_contract:IMPLEMENTED | semantic:IMPLEMENTED | type_binding:MISSING | layout:MISSING | hir:IMPLEMENTED | mir:IMPLEMENTED | mir_verify:IMPLEMENTED,ast_interpreter:IMPLEMENTED | mir_interpreter:COMPILE_TIME_ONLY | browser_runtime:IMPLEMENTED | library_binding:IMPLEMENTED,IMPLEMENTED,IMPLEMENTED,IMPLEMENTED,IMPLEMENTED,IMPLEMENTED,src/parser/parser/parser_stmt_decl_class_method.fbs,KEEP_COMPILE_TIME_CONTRACT
UXB-SURFACE-078,STDCALL,directive,lexer:IMPLEMENTED | parser:IMPLEMENTED | ast_contract:IMPLEMENTED | semantic:IMPLEMENTED | type_binding:MISSING | layout:MISSING | hir:IMPLEMENTED | mir:IMPLEMENTED | mir_verify:IMPLEMENTED -> ast_interpreter:IMPLEMENTED | mir_interpreter:IMPLEMENTED | browser_runtime:IMPLEMENTED | library_binding:COMPILE_TIME_ONLY -> x64:IMPLEMENTED -> x86:IMPLEMENTED -> js:IMPLEMENTED -> wat:IMPLEMENTED -> wasm:IMPLEMENTED,codex-step1,lexer:IMPLEMENTED | parser:IMPLEMENTED | ast_contract:IMPLEMENTED | semantic:IMPLEMENTED | type_binding:MISSING | layout:MISSING | hir:IMPLEMENTED | mir:IMPLEMENTED | mir_verify:IMPLEMENTED,ast_interpreter:IMPLEMENTED | mir_interpreter:IMPLEMENTED | browser_runtime:IMPLEMENTED | library_binding:COMPILE_TIME_ONLY,IMPLEMENTED,IMPLEMENTED,IMPLEMENTED,IMPLEMENTED,IMPLEMENTED,src/parser/parser/parser_stmt_dispatch.fbs,KEEP_COMPILE_TIME_CONTRACT
UXB-SURFACE-079,USING,directive,lexer:IMPLEMENTED | parser:IMPLEMENTED | ast_contract:IMPLEMENTED | semantic:IMPLEMENTED | type_binding:MISSING | layout:MISSING | hir:IMPLEMENTED | mir:IMPLEMENTED | mir_verify:IMPLEMENTED -> ast_interpreter:IMPLEMENTED | mir_interpreter:COMPILE_TIME_ONLY | browser_runtime:IMPLEMENTED | library_binding:IMPLEMENTED -> x64:IMPLEMENTED -> x86:IMPLEMENTED -> js:IMPLEMENTED -> wat:IMPLEMENTED -> wasm:IMPLEMENTED,codex-step1,lexer:IMPLEMENTED | parser:IMPLEMENTED | ast_contract:IMPLEMENTED | semantic:IMPLEMENTED | type_binding:MISSING | layout:MISSING | hir:IMPLEMENTED | mir:IMPLEMENTED | mir_verify:IMPLEMENTED,ast_interpreter:IMPLEMENTED | mir_interpreter:COMPILE_TIME_ONLY | browser_runtime:IMPLEMENTED | library_binding:IMPLEMENTED,IMPLEMENTED,IMPLEMENTED,IMPLEMENTED,IMPLEMENTED,IMPLEMENTED,src/parser/parser/parser_stmt_decl_dispatch.fbs,KEEP_COMPILE_TIME_CONTRACT
UXB-SURFACE-080,CASE,basic_statement,lexer:IMPLEMENTED | parser:IMPLEMENTED | ast_contract:IMPLEMENTED | semantic:IMPLEMENTED | type_binding:IMPLEMENTED | layout:IMPLEMENTED | hir:IMPLEMENTED | mir:IMPLEMENTED | mir_verify:IMPLEMENTED -> ast_interpreter:IMPLEMENTED | mir_interpreter:IMPLEMENTED | browser_runtime:IMPLEMENTED -> x64:IMPLEMENTED -> x86:IMPLEMENTED -> js:IMPLEMENTED -> wat:WASM_UNSUPPORTED -> wasm:WASM_UNSUPPORTED,codex-step1,lexer:IMPLEMENTED | parser:IMPLEMENTED | ast_contract:IMPLEMENTED | semantic:IMPLEMENTED | type_binding:IMPLEMENTED | layout:IMPLEMENTED | hir:IMPLEMENTED | mir:IMPLEMENTED | mir_verify:IMPLEMENTED,ast_interpreter:IMPLEMENTED | mir_interpreter:IMPLEMENTED | browser_runtime:IMPLEMENTED,IMPLEMENTED,IMPLEMENTED,IMPLEMENTED,WASM_UNSUPPORTED,WASM_UNSUPPORTED,src/parser/parser/parser_expr.fbs,KEEP_GATE_COVERAGE
UXB-SURFACE-081,DO,basic_statement,lexer:IMPLEMENTED | parser:IMPLEMENTED | ast_contract:IMPLEMENTED | semantic:IMPLEMENTED | type_binding:IMPLEMENTED | layout:IMPLEMENTED | hir:IMPLEMENTED | mir:IMPLEMENTED | mir_verify:IMPLEMENTED -> ast_interpreter:IMPLEMENTED | mir_interpreter:IMPLEMENTED | browser_runtime:IMPLEMENTED | library_binding:IMPLEMENTED -> x64:IMPLEMENTED -> x86:IMPLEMENTED -> js:IMPLEMENTED -> wat:IMPLEMENTED -> wasm:IMPLEMENTED,codex-step1,lexer:IMPLEMENTED | parser:IMPLEMENTED | ast_contract:IMPLEMENTED | semantic:IMPLEMENTED | type_binding:IMPLEMENTED | layout:IMPLEMENTED | hir:IMPLEMENTED | mir:IMPLEMENTED | mir_verify:IMPLEMENTED,ast_interpreter:IMPLEMENTED | mir_interpreter:IMPLEMENTED | browser_runtime:IMPLEMENTED | library_binding:IMPLEMENTED,IMPLEMENTED,IMPLEMENTED,IMPLEMENTED,IMPLEMENTED,IMPLEMENTED,src/parser/parser/parser_expr.fbs,KEEP_GATE_COVERAGE
UXB-SURFACE-082,EACH,basic_statement,lexer:IMPLEMENTED | parser:IMPLEMENTED | ast_contract:IMPLEMENTED | semantic:IMPLEMENTED | type_binding:MISSING | layout:MISSING | hir:IMPLEMENTED | mir:IMPLEMENTED | mir_verify:IMPLEMENTED -> ast_interpreter:IMPLEMENTED | browser_runtime:IMPLEMENTED -> x64:IMPLEMENTED -> x86:IMPLEMENTED -> js:IMPLEMENTED -> wat:WASM_UNSUPPORTED -> wasm:WASM_UNSUPPORTED,codex-step1,lexer:IMPLEMENTED | parser:IMPLEMENTED | ast_contract:IMPLEMENTED | semantic:IMPLEMENTED | type_binding:MISSING | layout:MISSING | hir:IMPLEMENTED | mir:IMPLEMENTED | mir_verify:IMPLEMENTED,ast_interpreter:IMPLEMENTED | browser_runtime:IMPLEMENTED,IMPLEMENTED,IMPLEMENTED,IMPLEMENTED,WASM_UNSUPPORTED,WASM_UNSUPPORTED,src/parser/parser/parser_stmt_flow.fbs,KEEP_GATE_COVERAGE
UXB-SURFACE-083,ELSE,basic_statement,lexer:IMPLEMENTED | parser:IMPLEMENTED | ast_contract:IMPLEMENTED | semantic:IMPLEMENTED | type_binding:IMPLEMENTED | layout:IMPLEMENTED | hir:IMPLEMENTED | mir:IMPLEMENTED | mir_verify:IMPLEMENTED -> ast_interpreter:IMPLEMENTED | mir_interpreter:IMPLEMENTED | browser_runtime:IMPLEMENTED | library_binding:IMPLEMENTED -> x64:IMPLEMENTED -> x86:IMPLEMENTED -> js:IMPLEMENTED -> wat:IMPLEMENTED -> wasm:IMPLEMENTED,codex-step1,lexer:IMPLEMENTED | parser:IMPLEMENTED | ast_contract:IMPLEMENTED | semantic:IMPLEMENTED | type_binding:IMPLEMENTED | layout:IMPLEMENTED | hir:IMPLEMENTED | mir:IMPLEMENTED | mir_verify:IMPLEMENTED,ast_interpreter:IMPLEMENTED | mir_interpreter:IMPLEMENTED | browser_runtime:IMPLEMENTED | library_binding:IMPLEMENTED,IMPLEMENTED,IMPLEMENTED,IMPLEMENTED,IMPLEMENTED,IMPLEMENTED,src/parser/parser/parser_expr.fbs,KEEP_GATE_COVERAGE
UXB-SURFACE-084,ELSEIF,basic_statement,lexer:IMPLEMENTED | parser:IMPLEMENTED | ast_contract:IMPLEMENTED | semantic:IMPLEMENTED | type_binding:MISSING | layout:IMPLEMENTED | hir:IMPLEMENTED | mir:IMPLEMENTED | mir_verify:IMPLEMENTED -> ast_interpreter:IMPLEMENTED | mir_interpreter:IMPLEMENTED | browser_runtime:IMPLEMENTED -> x64:IMPLEMENTED -> x86:IMPLEMENTED -> js:IMPLEMENTED -> wat:IMPLEMENTED -> wasm:IMPLEMENTED,codex-step1,lexer:IMPLEMENTED | parser:IMPLEMENTED | ast_contract:IMPLEMENTED | semantic:IMPLEMENTED | type_binding:MISSING | layout:IMPLEMENTED | hir:IMPLEMENTED | mir:IMPLEMENTED | mir_verify:IMPLEMENTED,ast_interpreter:IMPLEMENTED | mir_interpreter:IMPLEMENTED | browser_runtime:IMPLEMENTED,IMPLEMENTED,IMPLEMENTED,IMPLEMENTED,IMPLEMENTED,IMPLEMENTED,src/parser/parser/parser_expr.fbs,KEEP_GATE_COVERAGE
UXB-SURFACE-085,END,basic_statement,lexer:IMPLEMENTED | parser:IMPLEMENTED | ast_contract:IMPLEMENTED | semantic:IMPLEMENTED | type_binding:IMPLEMENTED | layout:IMPLEMENTED | hir:IMPLEMENTED | mir:IMPLEMENTED | mir_verify:IMPLEMENTED -> ast_interpreter:IMPLEMENTED | mir_interpreter:IMPLEMENTED | browser_runtime:IMPLEMENTED | library_binding:IMPLEMENTED -> x64:IMPLEMENTED -> x86:IMPLEMENTED -> js:IMPLEMENTED -> wat:WASM_UNSUPPORTED -> wasm:WASM_UNSUPPORTED,codex-step1,lexer:IMPLEMENTED | parser:IMPLEMENTED | ast_contract:IMPLEMENTED | semantic:IMPLEMENTED | type_binding:IMPLEMENTED | layout:IMPLEMENTED | hir:IMPLEMENTED | mir:IMPLEMENTED | mir_verify:IMPLEMENTED,ast_interpreter:IMPLEMENTED | mir_interpreter:IMPLEMENTED | browser_runtime:IMPLEMENTED | library_binding:IMPLEMENTED,IMPLEMENTED,IMPLEMENTED,IMPLEMENTED,WASM_UNSUPPORTED,WASM_UNSUPPORTED,src/parser/parser/parser_expr.fbs,KEEP_GATE_COVERAGE
UXB-SURFACE-086,EXIT,basic_statement,lexer:IMPLEMENTED | parser:IMPLEMENTED | ast_contract:IMPLEMENTED | semantic:IMPLEMENTED | type_binding:MISSING | layout:IMPLEMENTED | hir:IMPLEMENTED | mir:IMPLEMENTED | mir_verify:IMPLEMENTED -> ast_interpreter:IMPLEMENTED | mir_interpreter:IMPLEMENTED | browser_runtime:IMPLEMENTED | library_binding:IMPLEMENTED -> x64:IMPLEMENTED -> x86:IMPLEMENTED -> js:IMPLEMENTED -> wat:WASM_UNSUPPORTED -> wasm:WASM_UNSUPPORTED,codex-step1,lexer:IMPLEMENTED | parser:IMPLEMENTED | ast_contract:IMPLEMENTED | semantic:IMPLEMENTED | type_binding:MISSING | layout:IMPLEMENTED | hir:IMPLEMENTED | mir:IMPLEMENTED | mir_verify:IMPLEMENTED,ast_interpreter:IMPLEMENTED | mir_interpreter:IMPLEMENTED | browser_runtime:IMPLEMENTED | library_binding:IMPLEMENTED,IMPLEMENTED,IMPLEMENTED,IMPLEMENTED,WASM_UNSUPPORTED,WASM_UNSUPPORTED,src/parser/parser/parser_expr.fbs,KEEP_GATE_COVERAGE
UXB-SURFACE-087,FOR,basic_statement,lexer:IMPLEMENTED | parser:IMPLEMENTED | ast_contract:IMPLEMENTED | semantic:IMPLEMENTED | type_binding:IMPLEMENTED | layout:IMPLEMENTED | hir:IMPLEMENTED | mir:IMPLEMENTED | mir_verify:IMPLEMENTED -> ast_interpreter:IMPLEMENTED | mir_interpreter:IMPLEMENTED | browser_runtime:IMPLEMENTED | library_binding:IMPLEMENTED -> x64:IMPLEMENTED -> x86:IMPLEMENTED -> js:IMPLEMENTED -> wat:IMPLEMENTED -> wasm:IMPLEMENTED,codex-step1,lexer:IMPLEMENTED | parser:IMPLEMENTED | ast_contract:IMPLEMENTED | semantic:IMPLEMENTED | type_binding:IMPLEMENTED | layout:IMPLEMENTED | hir:IMPLEMENTED | mir:IMPLEMENTED | mir_verify:IMPLEMENTED,ast_interpreter:IMPLEMENTED | mir_interpreter:IMPLEMENTED | browser_runtime:IMPLEMENTED | library_binding:IMPLEMENTED,IMPLEMENTED,IMPLEMENTED,IMPLEMENTED,IMPLEMENTED,IMPLEMENTED,src/parser/parser/parser_expr.fbs,KEEP_GATE_COVERAGE
UXB-SURFACE-088,GOSUB,basic_statement,lexer:IMPLEMENTED | parser:IMPLEMENTED | ast_contract:IMPLEMENTED | semantic:IMPLEMENTED | type_binding:MISSING | layout:MISSING | hir:IMPLEMENTED | mir:IMPLEMENTED | mir_verify:IMPLEMENTED -> ast_interpreter:IMPLEMENTED | browser_runtime:IMPLEMENTED -> x64:IMPLEMENTED -> x86:IMPLEMENTED -> js:IMPLEMENTED -> wat:WASM_UNSUPPORTED -> wasm:WASM_UNSUPPORTED,codex-step1,lexer:IMPLEMENTED | parser:IMPLEMENTED | ast_contract:IMPLEMENTED | semantic:IMPLEMENTED | type_binding:MISSING | layout:MISSING | hir:IMPLEMENTED | mir:IMPLEMENTED | mir_verify:IMPLEMENTED,ast_interpreter:IMPLEMENTED | browser_runtime:IMPLEMENTED,IMPLEMENTED,IMPLEMENTED,IMPLEMENTED,WASM_UNSUPPORTED,WASM_UNSUPPORTED,src/parser/parser/parser_stmt_flow.fbs,KEEP_GATE_COVERAGE
UXB-SURFACE-089,GOTO,basic_statement,lexer:IMPLEMENTED | parser:IMPLEMENTED | ast_contract:IMPLEMENTED | semantic:IMPLEMENTED | type_binding:MISSING | layout:MISSING | hir:IMPLEMENTED | mir:IMPLEMENTED | mir_verify:IMPLEMENTED -> ast_interpreter:IMPLEMENTED | browser_runtime:IMPLEMENTED -> x64:IMPLEMENTED -> x86:IMPLEMENTED -> js:IMPLEMENTED -> wat:WASM_UNSUPPORTED -> wasm:WASM_UNSUPPORTED,codex-step1,lexer:IMPLEMENTED | parser:IMPLEMENTED | ast_contract:IMPLEMENTED | semantic:IMPLEMENTED | type_binding:MISSING | layout:MISSING | hir:IMPLEMENTED | mir:IMPLEMENTED | mir_verify:IMPLEMENTED,ast_interpreter:IMPLEMENTED | browser_runtime:IMPLEMENTED,IMPLEMENTED,IMPLEMENTED,IMPLEMENTED,WASM_UNSUPPORTED,WASM_UNSUPPORTED,src/parser/parser/parser_stmt_flow.fbs,KEEP_GATE_COVERAGE
UXB-SURFACE-090,IF,basic_statement,lexer:IMPLEMENTED | parser:IMPLEMENTED | ast_contract:IMPLEMENTED | semantic:IMPLEMENTED | type_binding:IMPLEMENTED | layout:IMPLEMENTED | hir:IMPLEMENTED | mir:IMPLEMENTED | mir_verify:IMPLEMENTED -> ast_interpreter:IMPLEMENTED | mir_interpreter:IMPLEMENTED | browser_runtime:IMPLEMENTED | library_binding:IMPLEMENTED -> x64:IMPLEMENTED -> x86:IMPLEMENTED -> js:IMPLEMENTED -> wat:IMPLEMENTED -> wasm:IMPLEMENTED,codex-step1,lexer:IMPLEMENTED | parser:IMPLEMENTED | ast_contract:IMPLEMENTED | semantic:IMPLEMENTED | type_binding:IMPLEMENTED | layout:IMPLEMENTED | hir:IMPLEMENTED | mir:IMPLEMENTED | mir_verify:IMPLEMENTED,ast_interpreter:IMPLEMENTED | mir_interpreter:IMPLEMENTED | browser_runtime:IMPLEMENTED | library_binding:IMPLEMENTED,IMPLEMENTED,IMPLEMENTED,IMPLEMENTED,IMPLEMENTED,IMPLEMENTED,src/parser/parser/parser_expr.fbs,KEEP_GATE_COVERAGE
UXB-SURFACE-091,IN,basic_statement,lexer:IMPLEMENTED | parser:IMPLEMENTED | ast_contract:IMPLEMENTED | semantic:IMPLEMENTED | type_binding:IMPLEMENTED | layout:IMPLEMENTED | hir:IMPLEMENTED | mir:IMPLEMENTED | mir_verify:IMPLEMENTED -> ast_interpreter:IMPLEMENTED | mir_interpreter:IMPLEMENTED | browser_runtime:IMPLEMENTED | library_binding:IMPLEMENTED -> x64:IMPLEMENTED -> x86:IMPLEMENTED -> js:IMPLEMENTED -> wat:WASM_UNSUPPORTED -> wasm:WASM_UNSUPPORTED,codex-step1,lexer:IMPLEMENTED | parser:IMPLEMENTED | ast_contract:IMPLEMENTED | semantic:IMPLEMENTED | type_binding:IMPLEMENTED | layout:IMPLEMENTED | hir:IMPLEMENTED | mir:IMPLEMENTED | mir_verify:IMPLEMENTED,ast_interpreter:IMPLEMENTED | mir_interpreter:IMPLEMENTED | browser_runtime:IMPLEMENTED | library_binding:IMPLEMENTED,IMPLEMENTED,IMPLEMENTED,IMPLEMENTED,WASM_UNSUPPORTED,WASM_UNSUPPORTED,src/parser/parser/parser_expr.fbs,KEEP_GATE_COVERAGE
UXB-SURFACE-092,IS,basic_statement,lexer:IMPLEMENTED | parser:IMPLEMENTED | ast_contract:IMPLEMENTED | semantic:IMPLEMENTED | type_binding:IMPLEMENTED | layout:IMPLEMENTED | hir:IMPLEMENTED | mir:IMPLEMENTED | mir_verify:IMPLEMENTED -> ast_interpreter:IMPLEMENTED | mir_interpreter:IMPLEMENTED | browser_runtime:IMPLEMENTED | library_binding:IMPLEMENTED -> x64:IMPLEMENTED -> x86:IMPLEMENTED -> js:IMPLEMENTED -> wat:WASM_UNSUPPORTED -> wasm:WASM_UNSUPPORTED,codex-step1,lexer:IMPLEMENTED | parser:IMPLEMENTED | ast_contract:IMPLEMENTED | semantic:IMPLEMENTED | type_binding:IMPLEMENTED | layout:IMPLEMENTED | hir:IMPLEMENTED | mir:IMPLEMENTED | mir_verify:IMPLEMENTED,ast_interpreter:IMPLEMENTED | mir_interpreter:IMPLEMENTED | browser_runtime:IMPLEMENTED | library_binding:IMPLEMENTED,IMPLEMENTED,IMPLEMENTED,IMPLEMENTED,WASM_UNSUPPORTED,WASM_UNSUPPORTED,src/parser/parser/parser_expr.fbs,KEEP_GATE_COVERAGE
UXB-SURFACE-093,LOOP,basic_statement,lexer:IMPLEMENTED | parser:IMPLEMENTED | ast_contract:IMPLEMENTED | semantic:IMPLEMENTED | type_binding:MISSING | layout:IMPLEMENTED | hir:IMPLEMENTED | mir:IMPLEMENTED | mir_verify:IMPLEMENTED -> ast_interpreter:IMPLEMENTED | mir_interpreter:IMPLEMENTED | browser_runtime:IMPLEMENTED -> x64:IMPLEMENTED -> x86:IMPLEMENTED -> js:IMPLEMENTED -> wat:IMPLEMENTED -> wasm:IMPLEMENTED,codex-step1,lexer:IMPLEMENTED | parser:IMPLEMENTED | ast_contract:IMPLEMENTED | semantic:IMPLEMENTED | type_binding:MISSING | layout:IMPLEMENTED | hir:IMPLEMENTED | mir:IMPLEMENTED | mir_verify:IMPLEMENTED,ast_interpreter:IMPLEMENTED | mir_interpreter:IMPLEMENTED | browser_runtime:IMPLEMENTED,IMPLEMENTED,IMPLEMENTED,IMPLEMENTED,IMPLEMENTED,IMPLEMENTED,src/parser/parser/parser_expr.fbs,KEEP_GATE_COVERAGE
UXB-SURFACE-094,NEXT,basic_statement,lexer:IMPLEMENTED | parser:IMPLEMENTED | ast_contract:IMPLEMENTED | semantic:IMPLEMENTED | type_binding:IMPLEMENTED | layout:IMPLEMENTED | hir:IMPLEMENTED | mir:IMPLEMENTED | mir_verify:IMPLEMENTED -> ast_interpreter:IMPLEMENTED | mir_interpreter:IMPLEMENTED | browser_runtime:IMPLEMENTED -> x64:IMPLEMENTED -> x86:IMPLEMENTED -> js:IMPLEMENTED -> wat:IMPLEMENTED -> wasm:IMPLEMENTED,codex-step1,lexer:IMPLEMENTED | parser:IMPLEMENTED | ast_contract:IMPLEMENTED | semantic:IMPLEMENTED | type_binding:IMPLEMENTED | layout:IMPLEMENTED | hir:IMPLEMENTED | mir:IMPLEMENTED | mir_verify:IMPLEMENTED,ast_interpreter:IMPLEMENTED | mir_interpreter:IMPLEMENTED | browser_runtime:IMPLEMENTED,IMPLEMENTED,IMPLEMENTED,IMPLEMENTED,IMPLEMENTED,IMPLEMENTED,src/parser/parser/parser_expr.fbs,KEEP_GATE_COVERAGE
UXB-SURFACE-095,RETURN,basic_statement,lexer:IMPLEMENTED | parser:IMPLEMENTED | ast_contract:IMPLEMENTED | semantic:IMPLEMENTED | type_binding:IMPLEMENTED | layout:IMPLEMENTED | hir:IMPLEMENTED | mir:IMPLEMENTED | mir_verify:IMPLEMENTED -> ast_interpreter:IMPLEMENTED | mir_interpreter:IMPLEMENTED | browser_runtime:IMPLEMENTED | library_binding:IMPLEMENTED -> x64:IMPLEMENTED -> x86:IMPLEMENTED -> js:IMPLEMENTED -> wat:IMPLEMENTED -> wasm:IMPLEMENTED,codex-step1,lexer:IMPLEMENTED | parser:IMPLEMENTED | ast_contract:IMPLEMENTED | semantic:IMPLEMENTED | type_binding:IMPLEMENTED | layout:IMPLEMENTED | hir:IMPLEMENTED | mir:IMPLEMENTED | mir_verify:IMPLEMENTED,ast_interpreter:IMPLEMENTED | mir_interpreter:IMPLEMENTED | browser_runtime:IMPLEMENTED | library_binding:IMPLEMENTED,IMPLEMENTED,IMPLEMENTED,IMPLEMENTED,IMPLEMENTED,IMPLEMENTED,src/parser/parser/parser_expr.fbs,KEEP_GATE_COVERAGE
UXB-SURFACE-096,SELECT,basic_statement,lexer:IMPLEMENTED | parser:IMPLEMENTED | ast_contract:IMPLEMENTED | semantic:IMPLEMENTED | type_binding:IMPLEMENTED | layout:IMPLEMENTED | hir:IMPLEMENTED | mir:IMPLEMENTED | mir_verify:IMPLEMENTED -> ast_interpreter:IMPLEMENTED | mir_interpreter:IMPLEMENTED | browser_runtime:IMPLEMENTED | library_binding:IMPLEMENTED -> x64:IMPLEMENTED -> x86:IMPLEMENTED -> js:IMPLEMENTED -> wat:WASM_UNSUPPORTED -> wasm:WASM_UNSUPPORTED,codex-step1,lexer:IMPLEMENTED | parser:IMPLEMENTED | ast_contract:IMPLEMENTED | semantic:IMPLEMENTED | type_binding:IMPLEMENTED | layout:IMPLEMENTED | hir:IMPLEMENTED | mir:IMPLEMENTED | mir_verify:IMPLEMENTED,ast_interpreter:IMPLEMENTED | mir_interpreter:IMPLEMENTED | browser_runtime:IMPLEMENTED | library_binding:IMPLEMENTED,IMPLEMENTED,IMPLEMENTED,IMPLEMENTED,WASM_UNSUPPORTED,WASM_UNSUPPORTED,src/parser/parser/parser_expr.fbs,KEEP_GATE_COVERAGE
UXB-SURFACE-097,STEP,basic_statement,lexer:IMPLEMENTED | parser:IMPLEMENTED | ast_contract:IMPLEMENTED | semantic:IMPLEMENTED | type_binding:MISSING | layout:MISSING | hir:IMPLEMENTED | mir:IMPLEMENTED | mir_verify:IMPLEMENTED -> ast_interpreter:IMPLEMENTED | mir_interpreter:IMPLEMENTED | browser_runtime:IMPLEMENTED -> x64:IMPLEMENTED -> x86:IMPLEMENTED -> js:IMPLEMENTED -> wat:IMPLEMENTED -> wasm:IMPLEMENTED,codex-step1,lexer:IMPLEMENTED | parser:IMPLEMENTED | ast_contract:IMPLEMENTED | semantic:IMPLEMENTED | type_binding:MISSING | layout:MISSING | hir:IMPLEMENTED | mir:IMPLEMENTED | mir_verify:IMPLEMENTED,ast_interpreter:IMPLEMENTED | mir_interpreter:IMPLEMENTED | browser_runtime:IMPLEMENTED,IMPLEMENTED,IMPLEMENTED,IMPLEMENTED,IMPLEMENTED,IMPLEMENTED,src/parser/parser/parser_stmt_flow.fbs,KEEP_GATE_COVERAGE
UXB-SURFACE-098,THEN,basic_statement,lexer:IMPLEMENTED | parser:IMPLEMENTED | ast_contract:IMPLEMENTED | semantic:IMPLEMENTED | type_binding:IMPLEMENTED | layout:IMPLEMENTED | hir:IMPLEMENTED | mir:IMPLEMENTED | mir_verify:IMPLEMENTED -> ast_interpreter:IMPLEMENTED | mir_interpreter:IMPLEMENTED | browser_runtime:IMPLEMENTED | library_binding:IMPLEMENTED -> x64:IMPLEMENTED -> x86:IMPLEMENTED -> js:IMPLEMENTED -> wat:IMPLEMENTED -> wasm:IMPLEMENTED,codex-step1,lexer:IMPLEMENTED | parser:IMPLEMENTED | ast_contract:IMPLEMENTED | semantic:IMPLEMENTED | type_binding:IMPLEMENTED | layout:IMPLEMENTED | hir:IMPLEMENTED | mir:IMPLEMENTED | mir_verify:IMPLEMENTED,ast_interpreter:IMPLEMENTED | mir_interpreter:IMPLEMENTED | browser_runtime:IMPLEMENTED | library_binding:IMPLEMENTED,IMPLEMENTED,IMPLEMENTED,IMPLEMENTED,IMPLEMENTED,IMPLEMENTED,src/parser/parser/parser_expr.fbs,KEEP_GATE_COVERAGE
UXB-SURFACE-099,TO,basic_statement,lexer:IMPLEMENTED | parser:IMPLEMENTED | ast_contract:IMPLEMENTED | semantic:IMPLEMENTED | type_binding:IMPLEMENTED | layout:IMPLEMENTED | hir:IMPLEMENTED | mir:IMPLEMENTED | mir_verify:IMPLEMENTED -> ast_interpreter:IMPLEMENTED | mir_interpreter:IMPLEMENTED | browser_runtime:IMPLEMENTED | library_binding:IMPLEMENTED -> x64:IMPLEMENTED -> x86:IMPLEMENTED -> js:IMPLEMENTED -> wat:IMPLEMENTED -> wasm:IMPLEMENTED,codex-step1,lexer:IMPLEMENTED | parser:IMPLEMENTED | ast_contract:IMPLEMENTED | semantic:IMPLEMENTED | type_binding:IMPLEMENTED | layout:IMPLEMENTED | hir:IMPLEMENTED | mir:IMPLEMENTED | mir_verify:IMPLEMENTED,ast_interpreter:IMPLEMENTED | mir_interpreter:IMPLEMENTED | browser_runtime:IMPLEMENTED | library_binding:IMPLEMENTED,IMPLEMENTED,IMPLEMENTED,IMPLEMENTED,IMPLEMENTED,IMPLEMENTED,src/parser/parser/parser_expr.fbs,KEEP_GATE_COVERAGE
UXB-SURFACE-100,UNTIL,basic_statement,lexer:IMPLEMENTED | parser:IMPLEMENTED | ast_contract:IMPLEMENTED | semantic:IMPLEMENTED | type_binding:MISSING | layout:MISSING | hir:IMPLEMENTED | mir:IMPLEMENTED | mir_verify:IMPLEMENTED -> ast_interpreter:IMPLEMENTED | browser_runtime:IMPLEMENTED -> x64:IMPLEMENTED -> x86:IMPLEMENTED -> js:IMPLEMENTED -> wat:IMPLEMENTED -> wasm:IMPLEMENTED,codex-step1,lexer:IMPLEMENTED | parser:IMPLEMENTED | ast_contract:IMPLEMENTED | semantic:IMPLEMENTED | type_binding:MISSING | layout:MISSING | hir:IMPLEMENTED | mir:IMPLEMENTED | mir_verify:IMPLEMENTED,ast_interpreter:IMPLEMENTED | browser_runtime:IMPLEMENTED,IMPLEMENTED,IMPLEMENTED,IMPLEMENTED,IMPLEMENTED,IMPLEMENTED,src/parser/parser/parser_stmt_flow.fbs,KEEP_GATE_COVERAGE
UXB-SURFACE-101,WHILE,basic_statement,lexer:IMPLEMENTED | parser:IMPLEMENTED | ast_contract:IMPLEMENTED | semantic:IMPLEMENTED | type_binding:MISSING | layout:IMPLEMENTED | hir:IMPLEMENTED | mir:IMPLEMENTED | mir_verify:IMPLEMENTED -> ast_interpreter:IMPLEMENTED | mir_interpreter:IMPLEMENTED | browser_runtime:IMPLEMENTED -> x64:IMPLEMENTED -> x86:IMPLEMENTED -> js:IMPLEMENTED -> wat:IMPLEMENTED -> wasm:IMPLEMENTED,codex-step1,lexer:IMPLEMENTED | parser:IMPLEMENTED | ast_contract:IMPLEMENTED | semantic:IMPLEMENTED | type_binding:MISSING | layout:IMPLEMENTED | hir:IMPLEMENTED | mir:IMPLEMENTED | mir_verify:IMPLEMENTED,ast_interpreter:IMPLEMENTED | mir_interpreter:IMPLEMENTED | browser_runtime:IMPLEMENTED,IMPLEMENTED,IMPLEMENTED,IMPLEMENTED,IMPLEMENTED,IMPLEMENTED,src/parser/parser/parser_expr.fbs,KEEP_GATE_COVERAGE
UXB-SURFACE-102,AS,basic_statement,lexer:IMPLEMENTED | parser:IMPLEMENTED | ast_contract:IMPLEMENTED | semantic:IMPLEMENTED | type_binding:IMPLEMENTED | layout:IMPLEMENTED | hir:IMPLEMENTED | mir:IMPLEMENTED | mir_verify:IMPLEMENTED -> ast_interpreter:IMPLEMENTED | mir_interpreter:IMPLEMENTED | browser_runtime:IMPLEMENTED | library_binding:IMPLEMENTED -> x64:IMPLEMENTED -> x86:IMPLEMENTED -> js:IMPLEMENTED -> wat:IMPLEMENTED -> wasm:IMPLEMENTED,codex-step1,lexer:IMPLEMENTED | parser:IMPLEMENTED | ast_contract:IMPLEMENTED | semantic:IMPLEMENTED | type_binding:IMPLEMENTED | layout:IMPLEMENTED | hir:IMPLEMENTED | mir:IMPLEMENTED | mir_verify:IMPLEMENTED,ast_interpreter:IMPLEMENTED | mir_interpreter:IMPLEMENTED | browser_runtime:IMPLEMENTED | library_binding:IMPLEMENTED,IMPLEMENTED,IMPLEMENTED,IMPLEMENTED,IMPLEMENTED,IMPLEMENTED,src/parser/parser/parser_expr.fbs,KEEP_COMPILE_TIME_CONTRACT
UXB-SURFACE-103,CONST,basic_statement,lexer:IMPLEMENTED | parser:IMPLEMENTED | ast_contract:IMPLEMENTED | semantic:IMPLEMENTED | type_binding:IMPLEMENTED | layout:IMPLEMENTED | hir:IMPLEMENTED | mir:IMPLEMENTED | mir_verify:IMPLEMENTED -> ast_interpreter:IMPLEMENTED | mir_interpreter:IMPLEMENTED | browser_runtime:IMPLEMENTED | library_binding:IMPLEMENTED -> x64:IMPLEMENTED -> x86:IMPLEMENTED -> js:IMPLEMENTED -> wat:WASM_UNSUPPORTED -> wasm:WASM_UNSUPPORTED,codex-step1,lexer:IMPLEMENTED | parser:IMPLEMENTED | ast_contract:IMPLEMENTED | semantic:IMPLEMENTED | type_binding:IMPLEMENTED | layout:IMPLEMENTED | hir:IMPLEMENTED | mir:IMPLEMENTED | mir_verify:IMPLEMENTED,ast_interpreter:IMPLEMENTED | mir_interpreter:IMPLEMENTED | browser_runtime:IMPLEMENTED | library_binding:IMPLEMENTED,IMPLEMENTED,IMPLEMENTED,IMPLEMENTED,WASM_UNSUPPORTED,WASM_UNSUPPORTED,src/parser/parser/parser_stmt_decl_class_method.fbs,KEEP_GATE_COVERAGE
UXB-SURFACE-104,DEFBYT,basic_statement,lexer:IMPLEMENTED | parser:IMPLEMENTED | ast_contract:IMPLEMENTED | semantic:IMPLEMENTED | type_binding:MISSING | layout:MISSING | hir:IMPLEMENTED | mir:IMPLEMENTED | mir_verify:IMPLEMENTED -> ast_interpreter:IMPLEMENTED | mir_interpreter:COMPILE_TIME_ONLY | browser_runtime:IMPLEMENTED | library_binding:COMPILE_TIME_ONLY -> x64:IMPLEMENTED -> x86:IMPLEMENTED -> js:IMPLEMENTED -> wat:IMPLEMENTED -> wasm:IMPLEMENTED,codex-step1,lexer:IMPLEMENTED | parser:IMPLEMENTED | ast_contract:IMPLEMENTED | semantic:IMPLEMENTED | type_binding:MISSING | layout:MISSING | hir:IMPLEMENTED | mir:IMPLEMENTED | mir_verify:IMPLEMENTED,ast_interpreter:IMPLEMENTED | mir_interpreter:COMPILE_TIME_ONLY | browser_runtime:IMPLEMENTED | library_binding:COMPILE_TIME_ONLY,IMPLEMENTED,IMPLEMENTED,IMPLEMENTED,IMPLEMENTED,IMPLEMENTED,src/parser/parser/parser_stmt_registry.fbs,KEEP_COMPILE_TIME_CONTRACT
UXB-SURFACE-105,DEFDBL,basic_statement,lexer:IMPLEMENTED | parser:IMPLEMENTED | ast_contract:IMPLEMENTED | semantic:IMPLEMENTED | type_binding:MISSING | layout:MISSING | hir:IMPLEMENTED | mir:IMPLEMENTED | mir_verify:IMPLEMENTED -> ast_interpreter:IMPLEMENTED | mir_interpreter:COMPILE_TIME_ONLY | browser_runtime:IMPLEMENTED | library_binding:COMPILE_TIME_ONLY -> x64:IMPLEMENTED -> x86:IMPLEMENTED -> js:IMPLEMENTED -> wat:IMPLEMENTED -> wasm:IMPLEMENTED,codex-step1,lexer:IMPLEMENTED | parser:IMPLEMENTED | ast_contract:IMPLEMENTED | semantic:IMPLEMENTED | type_binding:MISSING | layout:MISSING | hir:IMPLEMENTED | mir:IMPLEMENTED | mir_verify:IMPLEMENTED,ast_interpreter:IMPLEMENTED | mir_interpreter:COMPILE_TIME_ONLY | browser_runtime:IMPLEMENTED | library_binding:COMPILE_TIME_ONLY,IMPLEMENTED,IMPLEMENTED,IMPLEMENTED,IMPLEMENTED,IMPLEMENTED,src/parser/parser/parser_stmt_registry.fbs,KEEP_COMPILE_TIME_CONTRACT
UXB-SURFACE-106,DEFEXT,basic_statement,lexer:IMPLEMENTED | parser:IMPLEMENTED | ast_contract:IMPLEMENTED | semantic:IMPLEMENTED | type_binding:MISSING | layout:MISSING | hir:IMPLEMENTED | mir:IMPLEMENTED | mir_verify:IMPLEMENTED -> ast_interpreter:IMPLEMENTED | mir_interpreter:COMPILE_TIME_ONLY | browser_runtime:IMPLEMENTED | library_binding:COMPILE_TIME_ONLY -> x64:IMPLEMENTED -> x86:IMPLEMENTED -> js:IMPLEMENTED -> wat:IMPLEMENTED -> wasm:IMPLEMENTED,codex-step1,lexer:IMPLEMENTED | parser:IMPLEMENTED | ast_contract:IMPLEMENTED | semantic:IMPLEMENTED | type_binding:MISSING | layout:MISSING | hir:IMPLEMENTED | mir:IMPLEMENTED | mir_verify:IMPLEMENTED,ast_interpreter:IMPLEMENTED | mir_interpreter:COMPILE_TIME_ONLY | browser_runtime:IMPLEMENTED | library_binding:COMPILE_TIME_ONLY,IMPLEMENTED,IMPLEMENTED,IMPLEMENTED,IMPLEMENTED,IMPLEMENTED,src/parser/parser/parser_stmt_registry.fbs,KEEP_COMPILE_TIME_CONTRACT
UXB-SURFACE-107,DEFINT,basic_statement,lexer:IMPLEMENTED | parser:IMPLEMENTED | ast_contract:IMPLEMENTED | semantic:IMPLEMENTED | type_binding:MISSING | layout:MISSING | hir:IMPLEMENTED | mir:IMPLEMENTED | mir_verify:IMPLEMENTED -> ast_interpreter:IMPLEMENTED | mir_interpreter:COMPILE_TIME_ONLY | browser_runtime:IMPLEMENTED | library_binding:COMPILE_TIME_ONLY -> x64:IMPLEMENTED -> x86:IMPLEMENTED -> js:IMPLEMENTED -> wat:IMPLEMENTED -> wasm:IMPLEMENTED,codex-step1,lexer:IMPLEMENTED | parser:IMPLEMENTED | ast_contract:IMPLEMENTED | semantic:IMPLEMENTED | type_binding:MISSING | layout:MISSING | hir:IMPLEMENTED | mir:IMPLEMENTED | mir_verify:IMPLEMENTED,ast_interpreter:IMPLEMENTED | mir_interpreter:COMPILE_TIME_ONLY | browser_runtime:IMPLEMENTED | library_binding:COMPILE_TIME_ONLY,IMPLEMENTED,IMPLEMENTED,IMPLEMENTED,IMPLEMENTED,IMPLEMENTED,src/parser/parser/parser_stmt_registry.fbs,KEEP_COMPILE_TIME_CONTRACT
UXB-SURFACE-108,DEFLNG,basic_statement,lexer:IMPLEMENTED | parser:IMPLEMENTED | ast_contract:IMPLEMENTED | semantic:IMPLEMENTED | type_binding:MISSING | layout:MISSING | hir:IMPLEMENTED | mir:IMPLEMENTED | mir_verify:IMPLEMENTED -> ast_interpreter:IMPLEMENTED | mir_interpreter:COMPILE_TIME_ONLY | browser_runtime:IMPLEMENTED | library_binding:COMPILE_TIME_ONLY -> x64:IMPLEMENTED -> x86:IMPLEMENTED -> js:IMPLEMENTED -> wat:IMPLEMENTED -> wasm:IMPLEMENTED,codex-step1,lexer:IMPLEMENTED | parser:IMPLEMENTED | ast_contract:IMPLEMENTED | semantic:IMPLEMENTED | type_binding:MISSING | layout:MISSING | hir:IMPLEMENTED | mir:IMPLEMENTED | mir_verify:IMPLEMENTED,ast_interpreter:IMPLEMENTED | mir_interpreter:COMPILE_TIME_ONLY | browser_runtime:IMPLEMENTED | library_binding:COMPILE_TIME_ONLY,IMPLEMENTED,IMPLEMENTED,IMPLEMENTED,IMPLEMENTED,IMPLEMENTED,src/parser/parser/parser_stmt_registry.fbs,KEEP_COMPILE_TIME_CONTRACT
UXB-SURFACE-109,DEFSNG,basic_statement,lexer:IMPLEMENTED | parser:IMPLEMENTED | ast_contract:IMPLEMENTED | semantic:IMPLEMENTED | type_binding:MISSING | layout:MISSING | hir:IMPLEMENTED | mir:IMPLEMENTED | mir_verify:IMPLEMENTED -> ast_interpreter:IMPLEMENTED | mir_interpreter:COMPILE_TIME_ONLY | browser_runtime:IMPLEMENTED | library_binding:COMPILE_TIME_ONLY -> x64:IMPLEMENTED -> x86:IMPLEMENTED -> js:IMPLEMENTED -> wat:IMPLEMENTED -> wasm:IMPLEMENTED,codex-step1,lexer:IMPLEMENTED | parser:IMPLEMENTED | ast_contract:IMPLEMENTED | semantic:IMPLEMENTED | type_binding:MISSING | layout:MISSING | hir:IMPLEMENTED | mir:IMPLEMENTED | mir_verify:IMPLEMENTED,ast_interpreter:IMPLEMENTED | mir_interpreter:COMPILE_TIME_ONLY | browser_runtime:IMPLEMENTED | library_binding:COMPILE_TIME_ONLY,IMPLEMENTED,IMPLEMENTED,IMPLEMENTED,IMPLEMENTED,IMPLEMENTED,src/parser/parser/parser_stmt_registry.fbs,KEEP_COMPILE_TIME_CONTRACT
UXB-SURFACE-110,DEFSTR,basic_statement,lexer:IMPLEMENTED | parser:IMPLEMENTED | ast_contract:IMPLEMENTED | semantic:IMPLEMENTED | type_binding:MISSING | layout:MISSING | hir:IMPLEMENTED | mir:IMPLEMENTED | mir_verify:IMPLEMENTED -> ast_interpreter:IMPLEMENTED | mir_interpreter:COMPILE_TIME_ONLY | browser_runtime:IMPLEMENTED | library_binding:COMPILE_TIME_ONLY -> x64:IMPLEMENTED -> x86:IMPLEMENTED -> js:IMPLEMENTED -> wat:IMPLEMENTED -> wasm:IMPLEMENTED,codex-step1,lexer:IMPLEMENTED | parser:IMPLEMENTED | ast_contract:IMPLEMENTED | semantic:IMPLEMENTED | type_binding:MISSING | layout:MISSING | hir:IMPLEMENTED | mir:IMPLEMENTED | mir_verify:IMPLEMENTED,ast_interpreter:IMPLEMENTED | mir_interpreter:COMPILE_TIME_ONLY | browser_runtime:IMPLEMENTED | library_binding:COMPILE_TIME_ONLY,IMPLEMENTED,IMPLEMENTED,IMPLEMENTED,IMPLEMENTED,IMPLEMENTED,src/parser/parser/parser_stmt_registry.fbs,KEEP_COMPILE_TIME_CONTRACT
UXB-SURFACE-111,DIM,basic_statement,lexer:IMPLEMENTED | parser:IMPLEMENTED | ast_contract:IMPLEMENTED | semantic:IMPLEMENTED | type_binding:IMPLEMENTED | layout:IMPLEMENTED | hir:IMPLEMENTED | mir:IMPLEMENTED | mir_verify:IMPLEMENTED -> ast_interpreter:IMPLEMENTED | mir_interpreter:IMPLEMENTED | browser_runtime:IMPLEMENTED | library_binding:IMPLEMENTED -> x64:IMPLEMENTED -> x86:IMPLEMENTED -> js:IMPLEMENTED -> wat:IMPLEMENTED -> wasm:IMPLEMENTED,codex-step1,lexer:IMPLEMENTED | parser:IMPLEMENTED | ast_contract:IMPLEMENTED | semantic:IMPLEMENTED | type_binding:IMPLEMENTED | layout:IMPLEMENTED | hir:IMPLEMENTED | mir:IMPLEMENTED | mir_verify:IMPLEMENTED,ast_interpreter:IMPLEMENTED | mir_interpreter:IMPLEMENTED | browser_runtime:IMPLEMENTED | library_binding:IMPLEMENTED,IMPLEMENTED,IMPLEMENTED,IMPLEMENTED,IMPLEMENTED,IMPLEMENTED,src/parser/parser/parser_expr.fbs,KEEP_GATE_COVERAGE
UXB-SURFACE-112,REDIM,basic_statement,lexer:IMPLEMENTED | parser:IMPLEMENTED | ast_contract:IMPLEMENTED | semantic:IMPLEMENTED | type_binding:IMPLEMENTED | layout:IMPLEMENTED | hir:IMPLEMENTED | mir:IMPLEMENTED | mir_verify:IMPLEMENTED -> ast_interpreter:IMPLEMENTED | mir_interpreter:IMPLEMENTED | browser_runtime:IMPLEMENTED -> x64:IMPLEMENTED -> x86:IMPLEMENTED -> js:IMPLEMENTED -> wat:IMPLEMENTED -> wasm:IMPLEMENTED,codex-step1,lexer:IMPLEMENTED | parser:IMPLEMENTED | ast_contract:IMPLEMENTED | semantic:IMPLEMENTED | type_binding:IMPLEMENTED | layout:IMPLEMENTED | hir:IMPLEMENTED | mir:IMPLEMENTED | mir_verify:IMPLEMENTED,ast_interpreter:IMPLEMENTED | mir_interpreter:IMPLEMENTED | browser_runtime:IMPLEMENTED,IMPLEMENTED,IMPLEMENTED,IMPLEMENTED,IMPLEMENTED,IMPLEMENTED,src/parser/parser/parser_shared.fbs,KEEP_GATE_COVERAGE
UXB-SURFACE-113,ASSERT,basic_statement,lexer:IMPLEMENTED | parser:IMPLEMENTED | ast_contract:IMPLEMENTED | semantic:IMPLEMENTED | type_binding:MISSING | layout:MISSING | hir:IMPLEMENTED | mir:IMPLEMENTED | mir_verify:IMPLEMENTED -> ast_interpreter:IMPLEMENTED | mir_interpreter:IMPLEMENTED | browser_runtime:IMPLEMENTED -> x64:IMPLEMENTED -> x86:IMPLEMENTED -> js:IMPLEMENTED -> wat:WASM_UNSUPPORTED -> wasm:WASM_UNSUPPORTED,codex-step1,lexer:IMPLEMENTED | parser:IMPLEMENTED | ast_contract:IMPLEMENTED | semantic:IMPLEMENTED | type_binding:MISSING | layout:MISSING | hir:IMPLEMENTED | mir:IMPLEMENTED | mir_verify:IMPLEMENTED,ast_interpreter:IMPLEMENTED | mir_interpreter:IMPLEMENTED | browser_runtime:IMPLEMENTED,IMPLEMENTED,IMPLEMENTED,IMPLEMENTED,WASM_UNSUPPORTED,WASM_UNSUPPORTED,src/parser/parser/parser_stmt_flow.fbs,KEEP_GATE_COVERAGE
UXB-SURFACE-114,CATCH,basic_statement,lexer:IMPLEMENTED | parser:IMPLEMENTED | ast_contract:IMPLEMENTED | semantic:IMPLEMENTED | type_binding:MISSING | layout:MISSING | hir:IMPLEMENTED | mir:IMPLEMENTED | mir_verify:IMPLEMENTED -> ast_interpreter:IMPLEMENTED | browser_runtime:IMPLEMENTED -> x64:IMPLEMENTED -> x86:IMPLEMENTED -> js:IMPLEMENTED -> wat:WASM_UNSUPPORTED -> wasm:WASM_UNSUPPORTED,codex-step1,lexer:IMPLEMENTED | parser:IMPLEMENTED | ast_contract:IMPLEMENTED | semantic:IMPLEMENTED | type_binding:MISSING | layout:MISSING | hir:IMPLEMENTED | mir:IMPLEMENTED | mir_verify:IMPLEMENTED,ast_interpreter:IMPLEMENTED | browser_runtime:IMPLEMENTED,IMPLEMENTED,IMPLEMENTED,IMPLEMENTED,WASM_UNSUPPORTED,WASM_UNSUPPORTED,src/parser/parser/parser_stmt_flow.fbs,KEEP_GATE_COVERAGE
UXB-SURFACE-115,FINALLY,basic_statement,lexer:IMPLEMENTED | parser:IMPLEMENTED | ast_contract:IMPLEMENTED | semantic:IMPLEMENTED | type_binding:MISSING | layout:MISSING | hir:IMPLEMENTED | mir:IMPLEMENTED | mir_verify:IMPLEMENTED -> ast_interpreter:IMPLEMENTED | browser_runtime:IMPLEMENTED -> x64:IMPLEMENTED -> x86:IMPLEMENTED -> js:IMPLEMENTED -> wat:WASM_UNSUPPORTED -> wasm:WASM_UNSUPPORTED,codex-step1,lexer:IMPLEMENTED | parser:IMPLEMENTED | ast_contract:IMPLEMENTED | semantic:IMPLEMENTED | type_binding:MISSING | layout:MISSING | hir:IMPLEMENTED | mir:IMPLEMENTED | mir_verify:IMPLEMENTED,ast_interpreter:IMPLEMENTED | browser_runtime:IMPLEMENTED,IMPLEMENTED,IMPLEMENTED,IMPLEMENTED,WASM_UNSUPPORTED,WASM_UNSUPPORTED,src/parser/parser/parser_stmt_flow.fbs,KEEP_GATE_COVERAGE
UXB-SURFACE-116,THROW,basic_statement,lexer:IMPLEMENTED | parser:IMPLEMENTED | ast_contract:IMPLEMENTED | semantic:IMPLEMENTED | type_binding:MISSING | layout:MISSING | hir:IMPLEMENTED | mir:IMPLEMENTED | mir_verify:IMPLEMENTED -> ast_interpreter:IMPLEMENTED | mir_interpreter:IMPLEMENTED | browser_runtime:IMPLEMENTED | library_binding:IMPLEMENTED -> x64:IMPLEMENTED -> x86:IMPLEMENTED -> js:IMPLEMENTED -> wat:WASM_UNSUPPORTED -> wasm:WASM_UNSUPPORTED,codex-step1,lexer:IMPLEMENTED | parser:IMPLEMENTED | ast_contract:IMPLEMENTED | semantic:IMPLEMENTED | type_binding:MISSING | layout:MISSING | hir:IMPLEMENTED | mir:IMPLEMENTED | mir_verify:IMPLEMENTED,ast_interpreter:IMPLEMENTED | mir_interpreter:IMPLEMENTED | browser_runtime:IMPLEMENTED | library_binding:IMPLEMENTED,IMPLEMENTED,IMPLEMENTED,IMPLEMENTED,WASM_UNSUPPORTED,WASM_UNSUPPORTED,src/parser/parser/parser_stmt_flow.fbs,KEEP_GATE_COVERAGE
UXB-SURFACE-117,TRY,basic_statement,lexer:IMPLEMENTED | parser:IMPLEMENTED | ast_contract:IMPLEMENTED | semantic:IMPLEMENTED | type_binding:MISSING | layout:IMPLEMENTED | hir:IMPLEMENTED | mir:IMPLEMENTED | mir_verify:IMPLEMENTED -> ast_interpreter:IMPLEMENTED | mir_interpreter:IMPLEMENTED | browser_runtime:IMPLEMENTED | library_binding:IMPLEMENTED -> x64:IMPLEMENTED -> x86:IMPLEMENTED -> js:IMPLEMENTED -> wat:WASM_UNSUPPORTED -> wasm:WASM_UNSUPPORTED,codex-step1,lexer:IMPLEMENTED | parser:IMPLEMENTED | ast_contract:IMPLEMENTED | semantic:IMPLEMENTED | type_binding:MISSING | layout:IMPLEMENTED | hir:IMPLEMENTED | mir:IMPLEMENTED | mir_verify:IMPLEMENTED,ast_interpreter:IMPLEMENTED | mir_interpreter:IMPLEMENTED | browser_runtime:IMPLEMENTED | library_binding:IMPLEMENTED,IMPLEMENTED,IMPLEMENTED,IMPLEMENTED,WASM_UNSUPPORTED,WASM_UNSUPPORTED,src/parser/parser/parser_stmt_flow.fbs,KEEP_GATE_COVERAGE
UXB-SURFACE-118,.ast.json,file_extension,lexer:NOT_APPLICABLE | parser:NOT_APPLICABLE | ast_contract:NOT_APPLICABLE | semantic:NOT_APPLICABLE | type_binding:NOT_APPLICABLE | layout:NOT_APPLICABLE | hir:NOT_APPLICABLE | mir:NOT_APPLICABLE | mir_verify:NOT_APPLICABLE -> runtime:MISSING -> x64:NOT_APPLICABLE -> x86:NOT_APPLICABLE -> js:NOT_APPLICABLE -> wat:NOT_APPLICABLE -> wasm:NOT_APPLICABLE,codex-step1,lexer:NOT_APPLICABLE | parser:NOT_APPLICABLE | ast_contract:NOT_APPLICABLE | semantic:NOT_APPLICABLE | type_binding:NOT_APPLICABLE | layout:NOT_APPLICABLE | hir:NOT_APPLICABLE | mir:NOT_APPLICABLE | mir_verify:NOT_APPLICABLE,runtime:MISSING,NOT_APPLICABLE,NOT_APPLICABLE,NOT_APPLICABLE,NOT_APPLICABLE,NOT_APPLICABLE,docs/matrix/UXB_EXTENSION_FILE_TYPES.md,TRACK_FILE_TYPE_CONTRACT
UXB-SURFACE-119,.bas,file_extension,lexer:NOT_APPLICABLE | parser:COMPILE_TIME_ONLY | ast_contract:NOT_APPLICABLE | semantic:NOT_APPLICABLE | type_binding:NOT_APPLICABLE | layout:NOT_APPLICABLE | hir:NOT_APPLICABLE | mir:NOT_APPLICABLE | mir_verify:NOT_APPLICABLE -> runtime:MISSING -> x64:NOT_APPLICABLE -> x86:NOT_APPLICABLE -> js:NOT_APPLICABLE -> wat:NOT_APPLICABLE -> wasm:NOT_APPLICABLE,codex-step1,lexer:NOT_APPLICABLE | parser:COMPILE_TIME_ONLY | ast_contract:NOT_APPLICABLE | semantic:NOT_APPLICABLE | type_binding:NOT_APPLICABLE | layout:NOT_APPLICABLE | hir:NOT_APPLICABLE | mir:NOT_APPLICABLE | mir_verify:NOT_APPLICABLE,runtime:MISSING,NOT_APPLICABLE,NOT_APPLICABLE,NOT_APPLICABLE,NOT_APPLICABLE,NOT_APPLICABLE,docs/matrix/UXB_EXTENSION_FILE_TYPES.md,TRACK_FILE_TYPE_CONTRACT
UXB-SURFACE-120,.bi,file_extension,lexer:NOT_APPLICABLE | parser:NOT_APPLICABLE | ast_contract:NOT_APPLICABLE | semantic:NOT_APPLICABLE | type_binding:NOT_APPLICABLE | layout:NOT_APPLICABLE | hir:NOT_APPLICABLE | mir:NOT_APPLICABLE | mir_verify:NOT_APPLICABLE -> runtime:MISSING -> x64:NOT_APPLICABLE -> x86:NOT_APPLICABLE -> js:NOT_APPLICABLE -> wat:NOT_APPLICABLE -> wasm:NOT_APPLICABLE,codex-step1,lexer:NOT_APPLICABLE | parser:NOT_APPLICABLE | ast_contract:NOT_APPLICABLE | semantic:NOT_APPLICABLE | type_binding:NOT_APPLICABLE | layout:NOT_APPLICABLE | hir:NOT_APPLICABLE | mir:NOT_APPLICABLE | mir_verify:NOT_APPLICABLE,runtime:MISSING,NOT_APPLICABLE,NOT_APPLICABLE,NOT_APPLICABLE,NOT_APPLICABLE,NOT_APPLICABLE,docs/matrix/UXB_EXTENSION_FILE_TYPES.md,TRACK_FILE_TYPE_CONTRACT
UXB-SURFACE-121,.h,file_extension,lexer:NOT_APPLICABLE | parser:NOT_APPLICABLE | ast_contract:NOT_APPLICABLE | semantic:NOT_APPLICABLE | type_binding:NOT_APPLICABLE | layout:NOT_APPLICABLE | hir:NOT_APPLICABLE | mir:NOT_APPLICABLE | mir_verify:NOT_APPLICABLE -> runtime:MISSING -> x64:NOT_APPLICABLE -> x86:NOT_APPLICABLE -> js:NOT_APPLICABLE -> wat:NOT_APPLICABLE -> wasm:NOT_APPLICABLE,codex-step1,lexer:NOT_APPLICABLE | parser:NOT_APPLICABLE | ast_contract:NOT_APPLICABLE | semantic:NOT_APPLICABLE | type_binding:NOT_APPLICABLE | layout:NOT_APPLICABLE | hir:NOT_APPLICABLE | mir:NOT_APPLICABLE | mir_verify:NOT_APPLICABLE,runtime:MISSING,NOT_APPLICABLE,NOT_APPLICABLE,NOT_APPLICABLE,NOT_APPLICABLE,NOT_APPLICABLE,docs/matrix/UXB_EXTENSION_FILE_TYPES.md,TRACK_FILE_TYPE_CONTRACT
UXB-SURFACE-122,.hx,file_extension,lexer:NOT_APPLICABLE | parser:NOT_APPLICABLE | ast_contract:NOT_APPLICABLE | semantic:NOT_APPLICABLE | type_binding:NOT_APPLICABLE | layout:NOT_APPLICABLE | hir:NOT_APPLICABLE | mir:NOT_APPLICABLE | mir_verify:NOT_APPLICABLE -> runtime:MISSING -> x64:NOT_APPLICABLE -> x86:NOT_APPLICABLE -> js:NOT_APPLICABLE -> wat:NOT_APPLICABLE -> wasm:NOT_APPLICABLE,codex-step1,lexer:NOT_APPLICABLE | parser:NOT_APPLICABLE | ast_contract:NOT_APPLICABLE | semantic:NOT_APPLICABLE | type_binding:NOT_APPLICABLE | layout:NOT_APPLICABLE | hir:NOT_APPLICABLE | mir:NOT_APPLICABLE | mir_verify:NOT_APPLICABLE,runtime:MISSING,NOT_APPLICABLE,NOT_APPLICABLE,NOT_APPLICABLE,NOT_APPLICABLE,NOT_APPLICABLE,docs/matrix/UXB_EXTENSION_FILE_TYPES.md,TRACK_FILE_TYPE_CONTRACT
UXB-SURFACE-123,.js,file_extension,lexer:NOT_APPLICABLE | parser:NOT_APPLICABLE | ast_contract:NOT_APPLICABLE | semantic:NOT_APPLICABLE | type_binding:NOT_APPLICABLE | layout:NOT_APPLICABLE | hir:NOT_APPLICABLE | mir:NOT_APPLICABLE | mir_verify:NOT_APPLICABLE -> runtime:MISSING -> x64:NOT_APPLICABLE -> x86:NOT_APPLICABLE -> js:NOT_APPLICABLE -> wat:NOT_APPLICABLE -> wasm:NOT_APPLICABLE,codex-step1,lexer:NOT_APPLICABLE | parser:NOT_APPLICABLE | ast_contract:NOT_APPLICABLE | semantic:NOT_APPLICABLE | type_binding:NOT_APPLICABLE | layout:NOT_APPLICABLE | hir:NOT_APPLICABLE | mir:NOT_APPLICABLE | mir_verify:NOT_APPLICABLE,runtime:MISSING,NOT_APPLICABLE,NOT_APPLICABLE,NOT_APPLICABLE,NOT_APPLICABLE,NOT_APPLICABLE,docs/matrix/UXB_EXTENSION_FILE_TYPES.md,TRACK_FILE_TYPE_CONTRACT
UXB-SURFACE-124,.json,file_extension,lexer:NOT_APPLICABLE | parser:NOT_APPLICABLE | ast_contract:NOT_APPLICABLE | semantic:NOT_APPLICABLE | type_binding:NOT_APPLICABLE | layout:NOT_APPLICABLE | hir:NOT_APPLICABLE | mir:NOT_APPLICABLE | mir_verify:NOT_APPLICABLE -> runtime:MISSING -> x64:NOT_APPLICABLE -> x86:NOT_APPLICABLE -> js:NOT_APPLICABLE -> wat:NOT_APPLICABLE -> wasm:NOT_APPLICABLE,codex-step1,lexer:NOT_APPLICABLE | parser:NOT_APPLICABLE | ast_contract:NOT_APPLICABLE | semantic:NOT_APPLICABLE | type_binding:NOT_APPLICABLE | layout:NOT_APPLICABLE | hir:NOT_APPLICABLE | mir:NOT_APPLICABLE | mir_verify:NOT_APPLICABLE,runtime:MISSING,NOT_APPLICABLE,NOT_APPLICABLE,NOT_APPLICABLE,NOT_APPLICABLE,NOT_APPLICABLE,docs/matrix/UXB_EXTENSION_FILE_TYPES.md,TRACK_FILE_TYPE_CONTRACT
UXB-SURFACE-125,.mir.json,file_extension,lexer:NOT_APPLICABLE | parser:NOT_APPLICABLE | ast_contract:NOT_APPLICABLE | semantic:NOT_APPLICABLE | type_binding:NOT_APPLICABLE | layout:NOT_APPLICABLE | hir:NOT_APPLICABLE | mir:NOT_APPLICABLE | mir_verify:NOT_APPLICABLE -> runtime:MISSING -> x64:NOT_APPLICABLE -> x86:NOT_APPLICABLE -> js:NOT_APPLICABLE -> wat:NOT_APPLICABLE -> wasm:NOT_APPLICABLE,codex-step1,lexer:NOT_APPLICABLE | parser:NOT_APPLICABLE | ast_contract:NOT_APPLICABLE | semantic:NOT_APPLICABLE | type_binding:NOT_APPLICABLE | layout:NOT_APPLICABLE | hir:NOT_APPLICABLE | mir:NOT_APPLICABLE | mir_verify:NOT_APPLICABLE,runtime:MISSING,NOT_APPLICABLE,NOT_APPLICABLE,NOT_APPLICABLE,NOT_APPLICABLE,NOT_APPLICABLE,docs/matrix/UXB_EXTENSION_FILE_TYPES.md,TRACK_FILE_TYPE_CONTRACT
UXB-SURFACE-126,.uxb,file_extension,lexer:NOT_APPLICABLE | parser:COMPILE_TIME_ONLY | ast_contract:NOT_APPLICABLE | semantic:NOT_APPLICABLE | type_binding:NOT_APPLICABLE | layout:NOT_APPLICABLE | hir:NOT_APPLICABLE | mir:NOT_APPLICABLE | mir_verify:NOT_APPLICABLE -> runtime:MISSING -> x64:NOT_APPLICABLE -> x86:NOT_APPLICABLE -> js:NOT_APPLICABLE -> wat:NOT_APPLICABLE -> wasm:NOT_APPLICABLE,codex-step1,lexer:NOT_APPLICABLE | parser:COMPILE_TIME_ONLY | ast_contract:NOT_APPLICABLE | semantic:NOT_APPLICABLE | type_binding:NOT_APPLICABLE | layout:NOT_APPLICABLE | hir:NOT_APPLICABLE | mir:NOT_APPLICABLE | mir_verify:NOT_APPLICABLE,runtime:MISSING,NOT_APPLICABLE,NOT_APPLICABLE,NOT_APPLICABLE,NOT_APPLICABLE,NOT_APPLICABLE,docs/matrix/UXB_EXTENSION_FILE_TYPES.md,TRACK_FILE_TYPE_CONTRACT
UXB-SURFACE-127,.uxbasic,file_extension,lexer:NOT_APPLICABLE | parser:COMPILE_TIME_ONLY | ast_contract:NOT_APPLICABLE | semantic:NOT_APPLICABLE | type_binding:NOT_APPLICABLE | layout:NOT_APPLICABLE | hir:NOT_APPLICABLE | mir:NOT_APPLICABLE | mir_verify:NOT_APPLICABLE -> runtime:MISSING -> x64:NOT_APPLICABLE -> x86:NOT_APPLICABLE -> js:NOT_APPLICABLE -> wat:NOT_APPLICABLE -> wasm:NOT_APPLICABLE,codex-step1,lexer:NOT_APPLICABLE | parser:COMPILE_TIME_ONLY | ast_contract:NOT_APPLICABLE | semantic:NOT_APPLICABLE | type_binding:NOT_APPLICABLE | layout:NOT_APPLICABLE | hir:NOT_APPLICABLE | mir:NOT_APPLICABLE | mir_verify:NOT_APPLICABLE,runtime:MISSING,NOT_APPLICABLE,NOT_APPLICABLE,NOT_APPLICABLE,NOT_APPLICABLE,NOT_APPLICABLE,docs/matrix/UXB_EXTENSION_FILE_TYPES.md,TRACK_FILE_TYPE_CONTRACT
UXB-SURFACE-128,.uxm,file_extension,lexer:NOT_APPLICABLE | parser:NOT_APPLICABLE | ast_contract:NOT_APPLICABLE | semantic:NOT_APPLICABLE | type_binding:NOT_APPLICABLE | layout:NOT_APPLICABLE | hir:NOT_APPLICABLE | mir:NOT_APPLICABLE | mir_verify:NOT_APPLICABLE -> runtime:MISSING -> x64:NOT_APPLICABLE -> x86:NOT_APPLICABLE -> js:NOT_APPLICABLE -> wat:NOT_APPLICABLE -> wasm:NOT_APPLICABLE,codex-step1,lexer:NOT_APPLICABLE | parser:NOT_APPLICABLE | ast_contract:NOT_APPLICABLE | semantic:NOT_APPLICABLE | type_binding:NOT_APPLICABLE | layout:NOT_APPLICABLE | hir:NOT_APPLICABLE | mir:NOT_APPLICABLE | mir_verify:NOT_APPLICABLE,runtime:MISSING,NOT_APPLICABLE,NOT_APPLICABLE,NOT_APPLICABLE,NOT_APPLICABLE,NOT_APPLICABLE,docs/matrix/UXB_EXTENSION_FILE_TYPES.md,TRACK_FILE_TYPE_CONTRACT
UXB-SURFACE-129,.uxmh,file_extension,lexer:NOT_APPLICABLE | parser:COMPILE_TIME_ONLY | ast_contract:NOT_APPLICABLE | semantic:NOT_APPLICABLE | type_binding:NOT_APPLICABLE | layout:NOT_APPLICABLE | hir:NOT_APPLICABLE | mir:NOT_APPLICABLE | mir_verify:NOT_APPLICABLE -> runtime:MISSING -> x64:NOT_APPLICABLE -> x86:NOT_APPLICABLE -> js:NOT_APPLICABLE -> wat:NOT_APPLICABLE -> wasm:NOT_APPLICABLE,codex-step1,lexer:NOT_APPLICABLE | parser:COMPILE_TIME_ONLY | ast_contract:NOT_APPLICABLE | semantic:NOT_APPLICABLE | type_binding:NOT_APPLICABLE | layout:NOT_APPLICABLE | hir:NOT_APPLICABLE | mir:NOT_APPLICABLE | mir_verify:NOT_APPLICABLE,runtime:MISSING,NOT_APPLICABLE,NOT_APPLICABLE,NOT_APPLICABLE,NOT_APPLICABLE,NOT_APPLICABLE,docs/matrix/UXB_EXTENSION_FILE_TYPES.md,TRACK_FILE_TYPE_CONTRACT
UXB-SURFACE-130,.wasm,file_extension,lexer:NOT_APPLICABLE | parser:NOT_APPLICABLE | ast_contract:NOT_APPLICABLE | semantic:NOT_APPLICABLE | type_binding:NOT_APPLICABLE | layout:NOT_APPLICABLE | hir:NOT_APPLICABLE | mir:NOT_APPLICABLE | mir_verify:NOT_APPLICABLE -> runtime:MISSING -> x64:NOT_APPLICABLE -> x86:NOT_APPLICABLE -> js:NOT_APPLICABLE -> wat:NOT_APPLICABLE -> wasm:NOT_APPLICABLE,codex-step1,lexer:NOT_APPLICABLE | parser:NOT_APPLICABLE | ast_contract:NOT_APPLICABLE | semantic:NOT_APPLICABLE | type_binding:NOT_APPLICABLE | layout:NOT_APPLICABLE | hir:NOT_APPLICABLE | mir:NOT_APPLICABLE | mir_verify:NOT_APPLICABLE,runtime:MISSING,NOT_APPLICABLE,NOT_APPLICABLE,NOT_APPLICABLE,NOT_APPLICABLE,NOT_APPLICABLE,docs/matrix/UXB_EXTENSION_FILE_TYPES.md,TRACK_FILE_TYPE_CONTRACT
UXB-SURFACE-131,.wat,file_extension,lexer:NOT_APPLICABLE | parser:NOT_APPLICABLE | ast_contract:NOT_APPLICABLE | semantic:NOT_APPLICABLE | type_binding:NOT_APPLICABLE | layout:NOT_APPLICABLE | hir:NOT_APPLICABLE | mir:NOT_APPLICABLE | mir_verify:NOT_APPLICABLE -> runtime:MISSING -> x64:NOT_APPLICABLE -> x86:NOT_APPLICABLE -> js:NOT_APPLICABLE -> wat:NOT_APPLICABLE -> wasm:NOT_APPLICABLE,codex-step1,lexer:NOT_APPLICABLE | parser:NOT_APPLICABLE | ast_contract:NOT_APPLICABLE | semantic:NOT_APPLICABLE | type_binding:NOT_APPLICABLE | layout:NOT_APPLICABLE | hir:NOT_APPLICABLE | mir:NOT_APPLICABLE | mir_verify:NOT_APPLICABLE,runtime:MISSING,NOT_APPLICABLE,NOT_APPLICABLE,NOT_APPLICABLE,NOT_APPLICABLE,NOT_APPLICABLE,docs/matrix/UXB_EXTENSION_FILE_TYPES.md,TRACK_FILE_TYPE_CONTRACT
UXB-SURFACE-132,CLOSE,basic_statement,lexer:IMPLEMENTED | parser:IMPLEMENTED | ast_contract:IMPLEMENTED | semantic:IMPLEMENTED | type_binding:MISSING | layout:MISSING | hir:IMPLEMENTED | mir:IMPLEMENTED | mir_verify:IMPLEMENTED -> ast_interpreter:IMPLEMENTED | mir_interpreter:IMPLEMENTED | browser_runtime:IMPLEMENTED -> x64:IMPLEMENTED -> x86:IMPLEMENTED -> js:IMPLEMENTED -> wat:RUNTIME_CALL -> wasm:RUNTIME_CALL,codex-step1,lexer:IMPLEMENTED | parser:IMPLEMENTED | ast_contract:IMPLEMENTED | semantic:IMPLEMENTED | type_binding:MISSING | layout:MISSING | hir:IMPLEMENTED | mir:IMPLEMENTED | mir_verify:IMPLEMENTED,ast_interpreter:IMPLEMENTED | mir_interpreter:IMPLEMENTED | browser_runtime:IMPLEMENTED,IMPLEMENTED,IMPLEMENTED,IMPLEMENTED,RUNTIME_CALL,RUNTIME_CALL,src/parser/parser/parser_stmt_io.fbs,KEEP_GATE_COVERAGE
UXB-SURFACE-133,CLS,basic_statement,lexer:IMPLEMENTED | parser:IMPLEMENTED | ast_contract:IMPLEMENTED | semantic:IMPLEMENTED | type_binding:MISSING | layout:MISSING | hir:IMPLEMENTED | mir:IMPLEMENTED | mir_verify:IMPLEMENTED -> ast_interpreter:IMPLEMENTED | mir_interpreter:IMPLEMENTED | browser_runtime:IMPLEMENTED -> x64:IMPLEMENTED -> x86:IMPLEMENTED -> js:IMPLEMENTED -> wat:RUNTIME_CALL -> wasm:RUNTIME_CALL,codex-step1,lexer:IMPLEMENTED | parser:IMPLEMENTED | ast_contract:IMPLEMENTED | semantic:IMPLEMENTED | type_binding:MISSING | layout:MISSING | hir:IMPLEMENTED | mir:IMPLEMENTED | mir_verify:IMPLEMENTED,ast_interpreter:IMPLEMENTED | mir_interpreter:IMPLEMENTED | browser_runtime:IMPLEMENTED,IMPLEMENTED,IMPLEMENTED,IMPLEMENTED,RUNTIME_CALL,RUNTIME_CALL,src/parser/parser/parser_stmt_decl_core.fbs,KEEP_GATE_COVERAGE
UXB-SURFACE-134,COLOR,basic_statement,lexer:IMPLEMENTED | parser:IMPLEMENTED | ast_contract:IMPLEMENTED | semantic:IMPLEMENTED | type_binding:MISSING | layout:MISSING | hir:IMPLEMENTED | mir:IMPLEMENTED | mir_verify:IMPLEMENTED -> ast_interpreter:IMPLEMENTED | mir_interpreter:IMPLEMENTED | browser_runtime:IMPLEMENTED -> x64:IMPLEMENTED -> x86:IMPLEMENTED -> js:IMPLEMENTED -> wat:RUNTIME_CALL -> wasm:RUNTIME_CALL,codex-step1,lexer:IMPLEMENTED | parser:IMPLEMENTED | ast_contract:IMPLEMENTED | semantic:IMPLEMENTED | type_binding:MISSING | layout:MISSING | hir:IMPLEMENTED | mir:IMPLEMENTED | mir_verify:IMPLEMENTED,ast_interpreter:IMPLEMENTED | mir_interpreter:IMPLEMENTED | browser_runtime:IMPLEMENTED,IMPLEMENTED,IMPLEMENTED,IMPLEMENTED,RUNTIME_CALL,RUNTIME_CALL,src/parser/parser/parser_stmt_io.fbs,KEEP_GATE_COVERAGE
UXB-SURFACE-135,GET,basic_statement,lexer:IMPLEMENTED | parser:IMPLEMENTED | ast_contract:IMPLEMENTED | semantic:IMPLEMENTED | type_binding:MISSING | layout:IMPLEMENTED | hir:IMPLEMENTED | mir:IMPLEMENTED | mir_verify:IMPLEMENTED -> ast_interpreter:IMPLEMENTED | mir_interpreter:IMPLEMENTED | browser_runtime:IMPLEMENTED | library_binding:IMPLEMENTED -> x64:IMPLEMENTED -> x86:IMPLEMENTED -> js:IMPLEMENTED -> wat:RUNTIME_CALL -> wasm:RUNTIME_CALL,codex-step1,lexer:IMPLEMENTED | parser:IMPLEMENTED | ast_contract:IMPLEMENTED | semantic:IMPLEMENTED | type_binding:MISSING | layout:IMPLEMENTED | hir:IMPLEMENTED | mir:IMPLEMENTED | mir_verify:IMPLEMENTED,ast_interpreter:IMPLEMENTED | mir_interpreter:IMPLEMENTED | browser_runtime:IMPLEMENTED | library_binding:IMPLEMENTED,IMPLEMENTED,IMPLEMENTED,IMPLEMENTED,RUNTIME_CALL,RUNTIME_CALL,src/parser/parser/parser_expr.fbs,KEEP_GATE_COVERAGE
UXB-SURFACE-136,INPUT,basic_statement,lexer:IMPLEMENTED | parser:IMPLEMENTED | ast_contract:IMPLEMENTED | semantic:IMPLEMENTED | type_binding:MISSING | layout:MISSING | hir:IMPLEMENTED | mir:IMPLEMENTED | mir_verify:IMPLEMENTED -> ast_interpreter:IMPLEMENTED | mir_interpreter:IMPLEMENTED | browser_runtime:IMPLEMENTED -> x64:IMPLEMENTED -> x86:IMPLEMENTED -> js:IMPLEMENTED -> wat:RUNTIME_CALL -> wasm:RUNTIME_CALL,codex-step1,lexer:IMPLEMENTED | parser:IMPLEMENTED | ast_contract:IMPLEMENTED | semantic:IMPLEMENTED | type_binding:MISSING | layout:MISSING | hir:IMPLEMENTED | mir:IMPLEMENTED | mir_verify:IMPLEMENTED,ast_interpreter:IMPLEMENTED | mir_interpreter:IMPLEMENTED | browser_runtime:IMPLEMENTED,IMPLEMENTED,IMPLEMENTED,IMPLEMENTED,RUNTIME_CALL,RUNTIME_CALL,src/parser/parser/parser_stmt_dispatch.fbs,KEEP_GATE_COVERAGE
UXB-SURFACE-137,LOCATE,basic_statement,lexer:IMPLEMENTED | parser:IMPLEMENTED | ast_contract:IMPLEMENTED | semantic:IMPLEMENTED | type_binding:MISSING | layout:MISSING | hir:IMPLEMENTED | mir:IMPLEMENTED | mir_verify:IMPLEMENTED -> ast_interpreter:IMPLEMENTED | mir_interpreter:IMPLEMENTED | browser_runtime:IMPLEMENTED -> x64:IMPLEMENTED -> x86:IMPLEMENTED -> js:IMPLEMENTED -> wat:RUNTIME_CALL -> wasm:RUNTIME_CALL,codex-step1,lexer:IMPLEMENTED | parser:IMPLEMENTED | ast_contract:IMPLEMENTED | semantic:IMPLEMENTED | type_binding:MISSING | layout:MISSING | hir:IMPLEMENTED | mir:IMPLEMENTED | mir_verify:IMPLEMENTED,ast_interpreter:IMPLEMENTED | mir_interpreter:IMPLEMENTED | browser_runtime:IMPLEMENTED,IMPLEMENTED,IMPLEMENTED,IMPLEMENTED,RUNTIME_CALL,RUNTIME_CALL,src/parser/parser/parser_stmt_io.fbs,KEEP_GATE_COVERAGE
UXB-SURFACE-138,OPEN,basic_statement,lexer:IMPLEMENTED | parser:IMPLEMENTED | ast_contract:IMPLEMENTED | semantic:IMPLEMENTED | type_binding:MISSING | layout:MISSING | hir:IMPLEMENTED | mir:IMPLEMENTED | mir_verify:IMPLEMENTED -> ast_interpreter:IMPLEMENTED | mir_interpreter:IMPLEMENTED | browser_runtime:IMPLEMENTED | library_binding:IMPLEMENTED -> x64:IMPLEMENTED -> x86:IMPLEMENTED -> js:IMPLEMENTED -> wat:RUNTIME_CALL -> wasm:RUNTIME_CALL,codex-step1,lexer:IMPLEMENTED | parser:IMPLEMENTED | ast_contract:IMPLEMENTED | semantic:IMPLEMENTED | type_binding:MISSING | layout:MISSING | hir:IMPLEMENTED | mir:IMPLEMENTED | mir_verify:IMPLEMENTED,ast_interpreter:IMPLEMENTED | mir_interpreter:IMPLEMENTED | browser_runtime:IMPLEMENTED | library_binding:IMPLEMENTED,IMPLEMENTED,IMPLEMENTED,IMPLEMENTED,RUNTIME_CALL,RUNTIME_CALL,src/parser/parser/parser_stmt_io.fbs,KEEP_GATE_COVERAGE
UXB-SURFACE-139,PRINT,basic_statement,lexer:IMPLEMENTED | parser:IMPLEMENTED | ast_contract:IMPLEMENTED | semantic:IMPLEMENTED | type_binding:MISSING | layout:MISSING | hir:IMPLEMENTED | mir:IMPLEMENTED | mir_verify:IMPLEMENTED -> ast_interpreter:IMPLEMENTED | mir_interpreter:IMPLEMENTED | browser_runtime:IMPLEMENTED | library_binding:IMPLEMENTED -> x64:IMPLEMENTED -> x86:IMPLEMENTED -> js:IMPLEMENTED -> wat:RUNTIME_CALL -> wasm:RUNTIME_CALL,codex-step1,lexer:IMPLEMENTED | parser:IMPLEMENTED | ast_contract:IMPLEMENTED | semantic:IMPLEMENTED | type_binding:MISSING | layout:MISSING | hir:IMPLEMENTED | mir:IMPLEMENTED | mir_verify:IMPLEMENTED,ast_interpreter:IMPLEMENTED | mir_interpreter:IMPLEMENTED | browser_runtime:IMPLEMENTED | library_binding:IMPLEMENTED,IMPLEMENTED,IMPLEMENTED,IMPLEMENTED,RUNTIME_CALL,RUNTIME_CALL,src/parser/parser/parser_shared.fbs,KEEP_GATE_COVERAGE
UXB-SURFACE-140,PUT,basic_statement,lexer:IMPLEMENTED | parser:IMPLEMENTED | ast_contract:IMPLEMENTED | semantic:IMPLEMENTED | type_binding:MISSING | layout:IMPLEMENTED | hir:IMPLEMENTED | mir:IMPLEMENTED | mir_verify:IMPLEMENTED -> ast_interpreter:IMPLEMENTED | mir_interpreter:IMPLEMENTED | browser_runtime:IMPLEMENTED | library_binding:IMPLEMENTED -> x64:IMPLEMENTED -> x86:IMPLEMENTED -> js:IMPLEMENTED -> wat:RUNTIME_CALL -> wasm:RUNTIME_CALL,codex-step1,lexer:IMPLEMENTED | parser:IMPLEMENTED | ast_contract:IMPLEMENTED | semantic:IMPLEMENTED | type_binding:MISSING | layout:IMPLEMENTED | hir:IMPLEMENTED | mir:IMPLEMENTED | mir_verify:IMPLEMENTED,ast_interpreter:IMPLEMENTED | mir_interpreter:IMPLEMENTED | browser_runtime:IMPLEMENTED | library_binding:IMPLEMENTED,IMPLEMENTED,IMPLEMENTED,IMPLEMENTED,RUNTIME_CALL,RUNTIME_CALL,src/parser/parser/parser_stmt_dispatch.fbs,KEEP_GATE_COVERAGE
UXB-SURFACE-141,SEEK,basic_statement,lexer:IMPLEMENTED | parser:IMPLEMENTED | ast_contract:IMPLEMENTED | semantic:IMPLEMENTED | type_binding:MISSING | layout:MISSING | hir:IMPLEMENTED | mir:IMPLEMENTED | mir_verify:IMPLEMENTED -> ast_interpreter:IMPLEMENTED | mir_interpreter:IMPLEMENTED | browser_runtime:IMPLEMENTED -> x64:IMPLEMENTED -> x86:IMPLEMENTED -> js:IMPLEMENTED -> wat:RUNTIME_CALL -> wasm:RUNTIME_CALL,codex-step1,lexer:IMPLEMENTED | parser:IMPLEMENTED | ast_contract:IMPLEMENTED | semantic:IMPLEMENTED | type_binding:MISSING | layout:MISSING | hir:IMPLEMENTED | mir:IMPLEMENTED | mir_verify:IMPLEMENTED,ast_interpreter:IMPLEMENTED | mir_interpreter:IMPLEMENTED | browser_runtime:IMPLEMENTED,IMPLEMENTED,IMPLEMENTED,IMPLEMENTED,RUNTIME_CALL,RUNTIME_CALL,src/parser/parser/parser_stmt_io.fbs,KEEP_GATE_COVERAGE
UXB-SURFACE-142,ARCHIVE,runtime_library,lexer:IMPLEMENTED | parser:IMPLEMENTED | ast_contract:COMPILE_TIME_ONLY | semantic:COMPILE_TIME_ONLY | type_binding:COMPILE_TIME_ONLY | layout:NOT_APPLICABLE | hir:COMPILE_TIME_ONLY | mir:RUNTIME_CALL | mir_verify:RUNTIME_CALL -> ast_interpreter:RUNTIME_CALL | mir_interpreter:RUNTIME_CALL | browser_runtime:NATIVE_ONLY | library_binding:RUNTIME_CALL -> x64:NATIVE_ONLY -> x86:NATIVE_ONLY -> js:NATIVE_ONLY -> wat:WASM_UNSUPPORTED -> wasm:WASM_UNSUPPORTED,codex-step1,lexer:IMPLEMENTED | parser:IMPLEMENTED | ast_contract:COMPILE_TIME_ONLY | semantic:COMPILE_TIME_ONLY | type_binding:COMPILE_TIME_ONLY | layout:NOT_APPLICABLE | hir:COMPILE_TIME_ONLY | mir:RUNTIME_CALL | mir_verify:RUNTIME_CALL,ast_interpreter:RUNTIME_CALL | mir_interpreter:RUNTIME_CALL | browser_runtime:NATIVE_ONLY | library_binding:RUNTIME_CALL,NATIVE_ONLY,NATIVE_ONLY,NATIVE_ONLY,WASM_UNSUPPORTED,WASM_UNSUPPORTED,docs/matrix/UXB_LIBRARY_SURFACE_MATRIX.csv,BIND_LIBRARY_HANDLER
UXB-SURFACE-143,AUDIO,runtime_library,lexer:IMPLEMENTED | parser:IMPLEMENTED | ast_contract:COMPILE_TIME_ONLY | semantic:COMPILE_TIME_ONLY | type_binding:COMPILE_TIME_ONLY | layout:NOT_APPLICABLE | hir:COMPILE_TIME_ONLY | mir:RUNTIME_CALL | mir_verify:RUNTIME_CALL -> ast_interpreter:RUNTIME_CALL | mir_interpreter:RUNTIME_CALL | browser_runtime:NATIVE_ONLY | library_binding:RUNTIME_CALL -> x64:NATIVE_ONLY -> x86:NATIVE_ONLY -> js:NATIVE_ONLY -> wat:WASM_UNSUPPORTED -> wasm:WASM_UNSUPPORTED,codex-step1,lexer:IMPLEMENTED | parser:IMPLEMENTED | ast_contract:COMPILE_TIME_ONLY | semantic:COMPILE_TIME_ONLY | type_binding:COMPILE_TIME_ONLY | layout:NOT_APPLICABLE | hir:COMPILE_TIME_ONLY | mir:RUNTIME_CALL | mir_verify:RUNTIME_CALL,ast_interpreter:RUNTIME_CALL | mir_interpreter:RUNTIME_CALL | browser_runtime:NATIVE_ONLY | library_binding:RUNTIME_CALL,NATIVE_ONLY,NATIVE_ONLY,NATIVE_ONLY,WASM_UNSUPPORTED,WASM_UNSUPPORTED,docs/matrix/UXB_LIBRARY_SURFACE_MATRIX.csv,BIND_LIBRARY_HANDLER
UXB-SURFACE-144,BROWSER,runtime_library,lexer:IMPLEMENTED | parser:IMPLEMENTED | ast_contract:COMPILE_TIME_ONLY | semantic:COMPILE_TIME_ONLY | type_binding:COMPILE_TIME_ONLY | layout:NOT_APPLICABLE | hir:COMPILE_TIME_ONLY | mir:RUNTIME_CALL | mir_verify:RUNTIME_CALL -> ast_interpreter:RUNTIME_CALL | mir_interpreter:RUNTIME_CALL | browser_runtime:BROWSER_ONLY | library_binding:RUNTIME_CALL -> x64:NATIVE_ONLY -> x86:NATIVE_ONLY -> js:JS_ONLY -> wat:BROWSER_ONLY -> wasm:BROWSER_ONLY,codex-step1,lexer:IMPLEMENTED | parser:IMPLEMENTED | ast_contract:COMPILE_TIME_ONLY | semantic:COMPILE_TIME_ONLY | type_binding:COMPILE_TIME_ONLY | layout:NOT_APPLICABLE | hir:COMPILE_TIME_ONLY | mir:RUNTIME_CALL | mir_verify:RUNTIME_CALL,ast_interpreter:RUNTIME_CALL | mir_interpreter:RUNTIME_CALL | browser_runtime:BROWSER_ONLY | library_binding:RUNTIME_CALL,NATIVE_ONLY,NATIVE_ONLY,JS_ONLY,BROWSER_ONLY,BROWSER_ONLY,docs/matrix/UXB_LIBRARY_SURFACE_MATRIX.csv,BIND_LIBRARY_HANDLER
UXB-SURFACE-145,CANVAS,runtime_library,lexer:IMPLEMENTED | parser:IMPLEMENTED | ast_contract:COMPILE_TIME_ONLY | semantic:COMPILE_TIME_ONLY | type_binding:COMPILE_TIME_ONLY | layout:NOT_APPLICABLE | hir:COMPILE_TIME_ONLY | mir:RUNTIME_CALL | mir_verify:RUNTIME_CALL -> ast_interpreter:RUNTIME_CALL | mir_interpreter:RUNTIME_CALL | browser_runtime:BROWSER_ONLY | library_binding:RUNTIME_CALL -> x64:NATIVE_ONLY -> x86:NATIVE_ONLY -> js:JS_ONLY -> wat:BROWSER_ONLY -> wasm:BROWSER_ONLY,codex-step1,lexer:IMPLEMENTED | parser:IMPLEMENTED | ast_contract:COMPILE_TIME_ONLY | semantic:COMPILE_TIME_ONLY | type_binding:COMPILE_TIME_ONLY | layout:NOT_APPLICABLE | hir:COMPILE_TIME_ONLY | mir:RUNTIME_CALL | mir_verify:RUNTIME_CALL,ast_interpreter:RUNTIME_CALL | mir_interpreter:RUNTIME_CALL | browser_runtime:BROWSER_ONLY | library_binding:RUNTIME_CALL,NATIVE_ONLY,NATIVE_ONLY,JS_ONLY,BROWSER_ONLY,BROWSER_ONLY,docs/matrix/UXB_LIBRARY_SURFACE_MATRIX.csv,BIND_LIBRARY_HANDLER
UXB-SURFACE-146,CRYPTO,runtime_library,lexer:IMPLEMENTED | parser:IMPLEMENTED | ast_contract:COMPILE_TIME_ONLY | semantic:COMPILE_TIME_ONLY | type_binding:COMPILE_TIME_ONLY | layout:NOT_APPLICABLE | hir:COMPILE_TIME_ONLY | mir:RUNTIME_CALL | mir_verify:RUNTIME_CALL -> ast_interpreter:RUNTIME_CALL | mir_interpreter:RUNTIME_CALL | browser_runtime:NATIVE_ONLY | library_binding:RUNTIME_CALL -> x64:NATIVE_ONLY -> x86:NATIVE_ONLY -> js:NATIVE_ONLY -> wat:WASM_UNSUPPORTED -> wasm:WASM_UNSUPPORTED,codex-step1,lexer:IMPLEMENTED | parser:IMPLEMENTED | ast_contract:COMPILE_TIME_ONLY | semantic:COMPILE_TIME_ONLY | type_binding:COMPILE_TIME_ONLY | layout:NOT_APPLICABLE | hir:COMPILE_TIME_ONLY | mir:RUNTIME_CALL | mir_verify:RUNTIME_CALL,ast_interpreter:RUNTIME_CALL | mir_interpreter:RUNTIME_CALL | browser_runtime:NATIVE_ONLY | library_binding:RUNTIME_CALL,NATIVE_ONLY,NATIVE_ONLY,NATIVE_ONLY,WASM_UNSUPPORTED,WASM_UNSUPPORTED,docs/matrix/UXB_LIBRARY_SURFACE_MATRIX.csv,BIND_LIBRARY_HANDLER
UXB-SURFACE-147,CURL,runtime_library,lexer:IMPLEMENTED | parser:IMPLEMENTED | ast_contract:COMPILE_TIME_ONLY | semantic:COMPILE_TIME_ONLY | type_binding:COMPILE_TIME_ONLY | layout:NOT_APPLICABLE | hir:COMPILE_TIME_ONLY | mir:RUNTIME_CALL | mir_verify:RUNTIME_CALL -> ast_interpreter:RUNTIME_CALL | mir_interpreter:RUNTIME_CALL | browser_runtime:NATIVE_ONLY | library_binding:RUNTIME_CALL -> x64:NATIVE_ONLY -> x86:NATIVE_ONLY -> js:NATIVE_ONLY -> wat:WASM_UNSUPPORTED -> wasm:WASM_UNSUPPORTED,codex-step1,lexer:IMPLEMENTED | parser:IMPLEMENTED | ast_contract:COMPILE_TIME_ONLY | semantic:COMPILE_TIME_ONLY | type_binding:COMPILE_TIME_ONLY | layout:NOT_APPLICABLE | hir:COMPILE_TIME_ONLY | mir:RUNTIME_CALL | mir_verify:RUNTIME_CALL,ast_interpreter:RUNTIME_CALL | mir_interpreter:RUNTIME_CALL | browser_runtime:NATIVE_ONLY | library_binding:RUNTIME_CALL,NATIVE_ONLY,NATIVE_ONLY,NATIVE_ONLY,WASM_UNSUPPORTED,WASM_UNSUPPORTED,docs/matrix/UXB_LIBRARY_SURFACE_MATRIX.csv,BIND_LIBRARY_HANDLER
UXB-SURFACE-148,GRAPHICS,runtime_library,lexer:IMPLEMENTED | parser:IMPLEMENTED | ast_contract:COMPILE_TIME_ONLY | semantic:COMPILE_TIME_ONLY | type_binding:COMPILE_TIME_ONLY | layout:NOT_APPLICABLE | hir:COMPILE_TIME_ONLY | mir:RUNTIME_CALL | mir_verify:RUNTIME_CALL -> ast_interpreter:RUNTIME_CALL | mir_interpreter:RUNTIME_CALL | browser_runtime:NATIVE_ONLY | library_binding:RUNTIME_CALL -> x64:NATIVE_ONLY -> x86:NATIVE_ONLY -> js:NATIVE_ONLY -> wat:WASM_UNSUPPORTED -> wasm:WASM_UNSUPPORTED,codex-step1,lexer:IMPLEMENTED | parser:IMPLEMENTED | ast_contract:COMPILE_TIME_ONLY | semantic:COMPILE_TIME_ONLY | type_binding:COMPILE_TIME_ONLY | layout:NOT_APPLICABLE | hir:COMPILE_TIME_ONLY | mir:RUNTIME_CALL | mir_verify:RUNTIME_CALL,ast_interpreter:RUNTIME_CALL | mir_interpreter:RUNTIME_CALL | browser_runtime:NATIVE_ONLY | library_binding:RUNTIME_CALL,NATIVE_ONLY,NATIVE_ONLY,NATIVE_ONLY,WASM_UNSUPPORTED,WASM_UNSUPPORTED,docs/matrix/UXB_LIBRARY_SURFACE_MATRIX.csv,BIND_LIBRARY_HANDLER
UXB-SURFACE-149,HTTP,runtime_library,lexer:IMPLEMENTED | parser:IMPLEMENTED | ast_contract:COMPILE_TIME_ONLY | semantic:COMPILE_TIME_ONLY | type_binding:COMPILE_TIME_ONLY | layout:NOT_APPLICABLE | hir:COMPILE_TIME_ONLY | mir:RUNTIME_CALL | mir_verify:RUNTIME_CALL -> ast_interpreter:RUNTIME_CALL | mir_interpreter:RUNTIME_CALL | browser_runtime:BROWSER_ONLY | library_binding:RUNTIME_CALL -> x64:NATIVE_ONLY -> x86:NATIVE_ONLY -> js:JS_ONLY -> wat:WASM_UNSUPPORTED -> wasm:WASM_UNSUPPORTED,codex-step1,lexer:IMPLEMENTED | parser:IMPLEMENTED | ast_contract:COMPILE_TIME_ONLY | semantic:COMPILE_TIME_ONLY | type_binding:COMPILE_TIME_ONLY | layout:NOT_APPLICABLE | hir:COMPILE_TIME_ONLY | mir:RUNTIME_CALL | mir_verify:RUNTIME_CALL,ast_interpreter:RUNTIME_CALL | mir_interpreter:RUNTIME_CALL | browser_runtime:BROWSER_ONLY | library_binding:RUNTIME_CALL,NATIVE_ONLY,NATIVE_ONLY,JS_ONLY,WASM_UNSUPPORTED,WASM_UNSUPPORTED,docs/matrix/UXB_LIBRARY_SURFACE_MATRIX.csv,BIND_LIBRARY_HANDLER
UXB-SURFACE-150,IMAGE,runtime_library,lexer:IMPLEMENTED | parser:IMPLEMENTED | ast_contract:COMPILE_TIME_ONLY | semantic:COMPILE_TIME_ONLY | type_binding:COMPILE_TIME_ONLY | layout:NOT_APPLICABLE | hir:COMPILE_TIME_ONLY | mir:RUNTIME_CALL | mir_verify:RUNTIME_CALL -> ast_interpreter:RUNTIME_CALL | mir_interpreter:RUNTIME_CALL | browser_runtime:NATIVE_ONLY | library_binding:RUNTIME_CALL -> x64:NATIVE_ONLY -> x86:NATIVE_ONLY -> js:NATIVE_ONLY -> wat:WASM_UNSUPPORTED -> wasm:WASM_UNSUPPORTED,codex-step1,lexer:IMPLEMENTED | parser:IMPLEMENTED | ast_contract:COMPILE_TIME_ONLY | semantic:COMPILE_TIME_ONLY | type_binding:COMPILE_TIME_ONLY | layout:NOT_APPLICABLE | hir:COMPILE_TIME_ONLY | mir:RUNTIME_CALL | mir_verify:RUNTIME_CALL,ast_interpreter:RUNTIME_CALL | mir_interpreter:RUNTIME_CALL | browser_runtime:NATIVE_ONLY | library_binding:RUNTIME_CALL,NATIVE_ONLY,NATIVE_ONLY,NATIVE_ONLY,WASM_UNSUPPORTED,WASM_UNSUPPORTED,docs/matrix/UXB_LIBRARY_SURFACE_MATRIX.csv,BIND_LIBRARY_HANDLER
UXB-SURFACE-151,JSON,runtime_library,lexer:IMPLEMENTED | parser:IMPLEMENTED | ast_contract:COMPILE_TIME_ONLY | semantic:COMPILE_TIME_ONLY | type_binding:COMPILE_TIME_ONLY | layout:NOT_APPLICABLE | hir:COMPILE_TIME_ONLY | mir:RUNTIME_CALL | mir_verify:RUNTIME_CALL -> ast_interpreter:RUNTIME_CALL | mir_interpreter:RUNTIME_CALL | browser_runtime:BROWSER_ONLY | library_binding:RUNTIME_CALL -> x64:NATIVE_ONLY -> x86:NATIVE_ONLY -> js:JS_ONLY -> wat:WASM_UNSUPPORTED -> wasm:WASM_UNSUPPORTED,codex-step1,lexer:IMPLEMENTED | parser:IMPLEMENTED | ast_contract:COMPILE_TIME_ONLY | semantic:COMPILE_TIME_ONLY | type_binding:COMPILE_TIME_ONLY | layout:NOT_APPLICABLE | hir:COMPILE_TIME_ONLY | mir:RUNTIME_CALL | mir_verify:RUNTIME_CALL,ast_interpreter:RUNTIME_CALL | mir_interpreter:RUNTIME_CALL | browser_runtime:BROWSER_ONLY | library_binding:RUNTIME_CALL,NATIVE_ONLY,NATIVE_ONLY,JS_ONLY,WASM_UNSUPPORTED,WASM_UNSUPPORTED,docs/matrix/UXB_LIBRARY_SURFACE_MATRIX.csv,BIND_LIBRARY_HANDLER
UXB-SURFACE-152,LLAMA,runtime_library,lexer:IMPLEMENTED | parser:IMPLEMENTED | ast_contract:COMPILE_TIME_ONLY | semantic:COMPILE_TIME_ONLY | type_binding:COMPILE_TIME_ONLY | layout:NOT_APPLICABLE | hir:COMPILE_TIME_ONLY | mir:RUNTIME_CALL | mir_verify:RUNTIME_CALL -> ast_interpreter:RUNTIME_CALL | mir_interpreter:RUNTIME_CALL | browser_runtime:NATIVE_ONLY | library_binding:RUNTIME_CALL -> x64:NATIVE_ONLY -> x86:NATIVE_ONLY -> js:NATIVE_ONLY -> wat:WASM_UNSUPPORTED -> wasm:WASM_UNSUPPORTED,codex-step1,lexer:IMPLEMENTED | parser:IMPLEMENTED | ast_contract:COMPILE_TIME_ONLY | semantic:COMPILE_TIME_ONLY | type_binding:COMPILE_TIME_ONLY | layout:NOT_APPLICABLE | hir:COMPILE_TIME_ONLY | mir:RUNTIME_CALL | mir_verify:RUNTIME_CALL,ast_interpreter:RUNTIME_CALL | mir_interpreter:RUNTIME_CALL | browser_runtime:NATIVE_ONLY | library_binding:RUNTIME_CALL,NATIVE_ONLY,NATIVE_ONLY,NATIVE_ONLY,WASM_UNSUPPORTED,WASM_UNSUPPORTED,docs/matrix/UXB_LIBRARY_SURFACE_MATRIX.csv,BIND_LIBRARY_HANDLER
UXB-SURFACE-153,LUA,runtime_library,lexer:IMPLEMENTED | parser:IMPLEMENTED | ast_contract:COMPILE_TIME_ONLY | semantic:COMPILE_TIME_ONLY | type_binding:COMPILE_TIME_ONLY | layout:NOT_APPLICABLE | hir:COMPILE_TIME_ONLY | mir:RUNTIME_CALL | mir_verify:RUNTIME_CALL -> ast_interpreter:RUNTIME_CALL | mir_interpreter:RUNTIME_CALL | browser_runtime:NATIVE_ONLY | library_binding:RUNTIME_CALL -> x64:NATIVE_ONLY -> x86:NATIVE_ONLY -> js:NATIVE_ONLY -> wat:WASM_UNSUPPORTED -> wasm:WASM_UNSUPPORTED,codex-step1,lexer:IMPLEMENTED | parser:IMPLEMENTED | ast_contract:COMPILE_TIME_ONLY | semantic:COMPILE_TIME_ONLY | type_binding:COMPILE_TIME_ONLY | layout:NOT_APPLICABLE | hir:COMPILE_TIME_ONLY | mir:RUNTIME_CALL | mir_verify:RUNTIME_CALL,ast_interpreter:RUNTIME_CALL | mir_interpreter:RUNTIME_CALL | browser_runtime:NATIVE_ONLY | library_binding:RUNTIME_CALL,NATIVE_ONLY,NATIVE_ONLY,NATIVE_ONLY,WASM_UNSUPPORTED,WASM_UNSUPPORTED,docs/matrix/UXB_LIBRARY_SURFACE_MATRIX.csv,BIND_LIBRARY_HANDLER
UXB-SURFACE-154,MATH,runtime_library,lexer:IMPLEMENTED | parser:IMPLEMENTED | ast_contract:COMPILE_TIME_ONLY | semantic:COMPILE_TIME_ONLY | type_binding:COMPILE_TIME_ONLY | layout:NOT_APPLICABLE | hir:COMPILE_TIME_ONLY | mir:RUNTIME_CALL | mir_verify:RUNTIME_CALL -> ast_interpreter:RUNTIME_CALL | mir_interpreter:RUNTIME_CALL | browser_runtime:NATIVE_ONLY | library_binding:RUNTIME_CALL -> x64:NATIVE_ONLY -> x86:NATIVE_ONLY -> js:NATIVE_ONLY -> wat:WASM_UNSUPPORTED -> wasm:WASM_UNSUPPORTED,codex-step1,lexer:IMPLEMENTED | parser:IMPLEMENTED | ast_contract:COMPILE_TIME_ONLY | semantic:COMPILE_TIME_ONLY | type_binding:COMPILE_TIME_ONLY | layout:NOT_APPLICABLE | hir:COMPILE_TIME_ONLY | mir:RUNTIME_CALL | mir_verify:RUNTIME_CALL,ast_interpreter:RUNTIME_CALL | mir_interpreter:RUNTIME_CALL | browser_runtime:NATIVE_ONLY | library_binding:RUNTIME_CALL,NATIVE_ONLY,NATIVE_ONLY,NATIVE_ONLY,WASM_UNSUPPORTED,WASM_UNSUPPORTED,docs/matrix/UXB_LIBRARY_SURFACE_MATRIX.csv,BIND_LIBRARY_HANDLER
UXB-SURFACE-155,ONNX,runtime_library,lexer:IMPLEMENTED | parser:IMPLEMENTED | ast_contract:COMPILE_TIME_ONLY | semantic:COMPILE_TIME_ONLY | type_binding:COMPILE_TIME_ONLY | layout:NOT_APPLICABLE | hir:COMPILE_TIME_ONLY | mir:RUNTIME_CALL | mir_verify:RUNTIME_CALL -> ast_interpreter:RUNTIME_CALL | mir_interpreter:RUNTIME_CALL | browser_runtime:NATIVE_ONLY | library_binding:RUNTIME_CALL -> x64:NATIVE_ONLY -> x86:NATIVE_ONLY -> js:NATIVE_ONLY -> wat:WASM_UNSUPPORTED -> wasm:WASM_UNSUPPORTED,codex-step1,lexer:IMPLEMENTED | parser:IMPLEMENTED | ast_contract:COMPILE_TIME_ONLY | semantic:COMPILE_TIME_ONLY | type_binding:COMPILE_TIME_ONLY | layout:NOT_APPLICABLE | hir:COMPILE_TIME_ONLY | mir:RUNTIME_CALL | mir_verify:RUNTIME_CALL,ast_interpreter:RUNTIME_CALL | mir_interpreter:RUNTIME_CALL | browser_runtime:NATIVE_ONLY | library_binding:RUNTIME_CALL,NATIVE_ONLY,NATIVE_ONLY,NATIVE_ONLY,WASM_UNSUPPORTED,WASM_UNSUPPORTED,docs/matrix/UXB_LIBRARY_SURFACE_MATRIX.csv,BIND_LIBRARY_HANDLER
UXB-SURFACE-156,OS,runtime_library,lexer:IMPLEMENTED | parser:IMPLEMENTED | ast_contract:COMPILE_TIME_ONLY | semantic:COMPILE_TIME_ONLY | type_binding:COMPILE_TIME_ONLY | layout:NOT_APPLICABLE | hir:COMPILE_TIME_ONLY | mir:RUNTIME_CALL | mir_verify:RUNTIME_CALL -> ast_interpreter:RUNTIME_CALL | mir_interpreter:RUNTIME_CALL | browser_runtime:NATIVE_ONLY | library_binding:RUNTIME_CALL -> x64:NATIVE_ONLY -> x86:NATIVE_ONLY -> js:NATIVE_ONLY -> wat:WASM_UNSUPPORTED -> wasm:WASM_UNSUPPORTED,codex-step1,lexer:IMPLEMENTED | parser:IMPLEMENTED | ast_contract:COMPILE_TIME_ONLY | semantic:COMPILE_TIME_ONLY | type_binding:COMPILE_TIME_ONLY | layout:NOT_APPLICABLE | hir:COMPILE_TIME_ONLY | mir:RUNTIME_CALL | mir_verify:RUNTIME_CALL,ast_interpreter:RUNTIME_CALL | mir_interpreter:RUNTIME_CALL | browser_runtime:NATIVE_ONLY | library_binding:RUNTIME_CALL,NATIVE_ONLY,NATIVE_ONLY,NATIVE_ONLY,WASM_UNSUPPORTED,WASM_UNSUPPORTED,docs/matrix/UXB_LIBRARY_SURFACE_MATRIX.csv,BIND_LIBRARY_HANDLER
UXB-SURFACE-157,PROLOG,runtime_library,lexer:IMPLEMENTED | parser:IMPLEMENTED | ast_contract:COMPILE_TIME_ONLY | semantic:COMPILE_TIME_ONLY | type_binding:COMPILE_TIME_ONLY | layout:NOT_APPLICABLE | hir:COMPILE_TIME_ONLY | mir:RUNTIME_CALL | mir_verify:RUNTIME_CALL -> ast_interpreter:RUNTIME_CALL | mir_interpreter:RUNTIME_CALL | browser_runtime:NATIVE_ONLY | library_binding:RUNTIME_CALL -> x64:NATIVE_ONLY -> x86:NATIVE_ONLY -> js:NATIVE_ONLY -> wat:WASM_UNSUPPORTED -> wasm:WASM_UNSUPPORTED,codex-step1,lexer:IMPLEMENTED | parser:IMPLEMENTED | ast_contract:COMPILE_TIME_ONLY | semantic:COMPILE_TIME_ONLY | type_binding:COMPILE_TIME_ONLY | layout:NOT_APPLICABLE | hir:COMPILE_TIME_ONLY | mir:RUNTIME_CALL | mir_verify:RUNTIME_CALL,ast_interpreter:RUNTIME_CALL | mir_interpreter:RUNTIME_CALL | browser_runtime:NATIVE_ONLY | library_binding:RUNTIME_CALL,NATIVE_ONLY,NATIVE_ONLY,NATIVE_ONLY,WASM_UNSUPPORTED,WASM_UNSUPPORTED,docs/matrix/UXB_LIBRARY_SURFACE_MATRIX.csv,BIND_LIBRARY_HANDLER
UXB-SURFACE-158,REGEX,runtime_library,lexer:IMPLEMENTED | parser:IMPLEMENTED | ast_contract:COMPILE_TIME_ONLY | semantic:COMPILE_TIME_ONLY | type_binding:COMPILE_TIME_ONLY | layout:NOT_APPLICABLE | hir:COMPILE_TIME_ONLY | mir:RUNTIME_CALL | mir_verify:RUNTIME_CALL -> ast_interpreter:RUNTIME_CALL | mir_interpreter:RUNTIME_CALL | browser_runtime:NATIVE_ONLY | library_binding:RUNTIME_CALL -> x64:NATIVE_ONLY -> x86:NATIVE_ONLY -> js:NATIVE_ONLY -> wat:WASM_UNSUPPORTED -> wasm:WASM_UNSUPPORTED,codex-step1,lexer:IMPLEMENTED | parser:IMPLEMENTED | ast_contract:COMPILE_TIME_ONLY | semantic:COMPILE_TIME_ONLY | type_binding:COMPILE_TIME_ONLY | layout:NOT_APPLICABLE | hir:COMPILE_TIME_ONLY | mir:RUNTIME_CALL | mir_verify:RUNTIME_CALL,ast_interpreter:RUNTIME_CALL | mir_interpreter:RUNTIME_CALL | browser_runtime:NATIVE_ONLY | library_binding:RUNTIME_CALL,NATIVE_ONLY,NATIVE_ONLY,NATIVE_ONLY,WASM_UNSUPPORTED,WASM_UNSUPPORTED,docs/matrix/UXB_LIBRARY_SURFACE_MATRIX.csv,BIND_LIBRARY_HANDLER
UXB-SURFACE-159,SERVER,runtime_library,lexer:IMPLEMENTED | parser:IMPLEMENTED | ast_contract:COMPILE_TIME_ONLY | semantic:COMPILE_TIME_ONLY | type_binding:COMPILE_TIME_ONLY | layout:NOT_APPLICABLE | hir:COMPILE_TIME_ONLY | mir:RUNTIME_CALL | mir_verify:RUNTIME_CALL -> ast_interpreter:RUNTIME_CALL | mir_interpreter:RUNTIME_CALL | browser_runtime:NATIVE_ONLY | library_binding:RUNTIME_CALL -> x64:NATIVE_ONLY -> x86:NATIVE_ONLY -> js:NATIVE_ONLY -> wat:WASM_UNSUPPORTED -> wasm:WASM_UNSUPPORTED,codex-step1,lexer:IMPLEMENTED | parser:IMPLEMENTED | ast_contract:COMPILE_TIME_ONLY | semantic:COMPILE_TIME_ONLY | type_binding:COMPILE_TIME_ONLY | layout:NOT_APPLICABLE | hir:COMPILE_TIME_ONLY | mir:RUNTIME_CALL | mir_verify:RUNTIME_CALL,ast_interpreter:RUNTIME_CALL | mir_interpreter:RUNTIME_CALL | browser_runtime:NATIVE_ONLY | library_binding:RUNTIME_CALL,NATIVE_ONLY,NATIVE_ONLY,NATIVE_ONLY,WASM_UNSUPPORTED,WASM_UNSUPPORTED,docs/matrix/UXB_LIBRARY_SURFACE_MATRIX.csv,BIND_LIBRARY_HANDLER
UXB-SURFACE-160,SQLITE,runtime_library,lexer:IMPLEMENTED | parser:IMPLEMENTED | ast_contract:COMPILE_TIME_ONLY | semantic:COMPILE_TIME_ONLY | type_binding:COMPILE_TIME_ONLY | layout:NOT_APPLICABLE | hir:COMPILE_TIME_ONLY | mir:RUNTIME_CALL | mir_verify:RUNTIME_CALL -> ast_interpreter:RUNTIME_CALL | mir_interpreter:RUNTIME_CALL | browser_runtime:NATIVE_ONLY | library_binding:RUNTIME_CALL -> x64:NATIVE_ONLY -> x86:NATIVE_ONLY -> js:NATIVE_ONLY -> wat:WASM_UNSUPPORTED -> wasm:WASM_UNSUPPORTED,codex-step1,lexer:IMPLEMENTED | parser:IMPLEMENTED | ast_contract:COMPILE_TIME_ONLY | semantic:COMPILE_TIME_ONLY | type_binding:COMPILE_TIME_ONLY | layout:NOT_APPLICABLE | hir:COMPILE_TIME_ONLY | mir:RUNTIME_CALL | mir_verify:RUNTIME_CALL,ast_interpreter:RUNTIME_CALL | mir_interpreter:RUNTIME_CALL | browser_runtime:NATIVE_ONLY | library_binding:RUNTIME_CALL,NATIVE_ONLY,NATIVE_ONLY,NATIVE_ONLY,WASM_UNSUPPORTED,WASM_UNSUPPORTED,docs/matrix/UXB_LIBRARY_SURFACE_MATRIX.csv,BIND_LIBRARY_HANDLER
UXB-SURFACE-161,STRINGX,runtime_library,lexer:IMPLEMENTED | parser:IMPLEMENTED | ast_contract:COMPILE_TIME_ONLY | semantic:COMPILE_TIME_ONLY | type_binding:COMPILE_TIME_ONLY | layout:NOT_APPLICABLE | hir:COMPILE_TIME_ONLY | mir:RUNTIME_CALL | mir_verify:RUNTIME_CALL -> ast_interpreter:RUNTIME_CALL | mir_interpreter:RUNTIME_CALL | browser_runtime:NATIVE_ONLY | library_binding:RUNTIME_CALL -> x64:NATIVE_ONLY -> x86:NATIVE_ONLY -> js:NATIVE_ONLY -> wat:WASM_UNSUPPORTED -> wasm:WASM_UNSUPPORTED,codex-step1,lexer:IMPLEMENTED | parser:IMPLEMENTED | ast_contract:COMPILE_TIME_ONLY | semantic:COMPILE_TIME_ONLY | type_binding:COMPILE_TIME_ONLY | layout:NOT_APPLICABLE | hir:COMPILE_TIME_ONLY | mir:RUNTIME_CALL | mir_verify:RUNTIME_CALL,ast_interpreter:RUNTIME_CALL | mir_interpreter:RUNTIME_CALL | browser_runtime:NATIVE_ONLY | library_binding:RUNTIME_CALL,NATIVE_ONLY,NATIVE_ONLY,NATIVE_ONLY,WASM_UNSUPPORTED,WASM_UNSUPPORTED,docs/matrix/UXB_LIBRARY_SURFACE_MATRIX.csv,BIND_LIBRARY_HANDLER
UXB-SURFACE-162,WEBGPU,runtime_library,lexer:IMPLEMENTED | parser:IMPLEMENTED | ast_contract:COMPILE_TIME_ONLY | semantic:COMPILE_TIME_ONLY | type_binding:COMPILE_TIME_ONLY | layout:NOT_APPLICABLE | hir:COMPILE_TIME_ONLY | mir:RUNTIME_CALL | mir_verify:RUNTIME_CALL -> ast_interpreter:RUNTIME_CALL | mir_interpreter:RUNTIME_CALL | browser_runtime:BROWSER_ONLY | library_binding:RUNTIME_CALL -> x64:NATIVE_ONLY -> x86:NATIVE_ONLY -> js:JS_ONLY -> wat:BROWSER_ONLY -> wasm:BROWSER_ONLY,codex-step1,lexer:IMPLEMENTED | parser:IMPLEMENTED | ast_contract:COMPILE_TIME_ONLY | semantic:COMPILE_TIME_ONLY | type_binding:COMPILE_TIME_ONLY | layout:NOT_APPLICABLE | hir:COMPILE_TIME_ONLY | mir:RUNTIME_CALL | mir_verify:RUNTIME_CALL,ast_interpreter:RUNTIME_CALL | mir_interpreter:RUNTIME_CALL | browser_runtime:BROWSER_ONLY | library_binding:RUNTIME_CALL,NATIVE_ONLY,NATIVE_ONLY,JS_ONLY,BROWSER_ONLY,BROWSER_ONLY,docs/matrix/UXB_LIBRARY_SURFACE_MATRIX.csv,BIND_LIBRARY_HANDLER
UXB-SURFACE-163,CODEPTR,builtin_function,lexer:IMPLEMENTED | parser:IMPLEMENTED | ast_contract:IMPLEMENTED | semantic:IMPLEMENTED | type_binding:MISSING | layout:MISSING | hir:IMPLEMENTED | mir:IMPLEMENTED | mir_verify:IMPLEMENTED -> ast_interpreter:IMPLEMENTED | browser_runtime:IMPLEMENTED -> x64:IMPLEMENTED -> x86:IMPLEMENTED -> js:NATIVE_ONLY -> wat:WASM_UNSUPPORTED -> wasm:WASM_UNSUPPORTED,codex-step1,lexer:IMPLEMENTED | parser:IMPLEMENTED | ast_contract:IMPLEMENTED | semantic:IMPLEMENTED | type_binding:MISSING | layout:MISSING | hir:IMPLEMENTED | mir:IMPLEMENTED | mir_verify:IMPLEMENTED,ast_interpreter:IMPLEMENTED | browser_runtime:IMPLEMENTED,IMPLEMENTED,IMPLEMENTED,NATIVE_ONLY,WASM_UNSUPPORTED,WASM_UNSUPPORTED,src/parser/parser/parser_shared.fbs,KEEP_GATE_COVERAGE
UXB-SURFACE-164,DEC,builtin_function,lexer:IMPLEMENTED | parser:IMPLEMENTED | ast_contract:IMPLEMENTED | semantic:IMPLEMENTED | type_binding:IMPLEMENTED | layout:IMPLEMENTED | hir:IMPLEMENTED | mir:IMPLEMENTED | mir_verify:IMPLEMENTED -> ast_interpreter:IMPLEMENTED | mir_interpreter:IMPLEMENTED | browser_runtime:IMPLEMENTED | library_binding:IMPLEMENTED -> x64:IMPLEMENTED -> x86:IMPLEMENTED -> js:IMPLEMENTED -> wat:WASM_UNSUPPORTED -> wasm:WASM_UNSUPPORTED,codex-step1,lexer:IMPLEMENTED | parser:IMPLEMENTED | ast_contract:IMPLEMENTED | semantic:IMPLEMENTED | type_binding:IMPLEMENTED | layout:IMPLEMENTED | hir:IMPLEMENTED | mir:IMPLEMENTED | mir_verify:IMPLEMENTED,ast_interpreter:IMPLEMENTED | mir_interpreter:IMPLEMENTED | browser_runtime:IMPLEMENTED | library_binding:IMPLEMENTED,IMPLEMENTED,IMPLEMENTED,IMPLEMENTED,WASM_UNSUPPORTED,WASM_UNSUPPORTED,src/parser/parser/parser_expr.fbs,KEEP_GATE_COVERAGE
UXB-SURFACE-165,INC,builtin_function,lexer:IMPLEMENTED | parser:IMPLEMENTED | ast_contract:IMPLEMENTED | semantic:IMPLEMENTED | type_binding:MISSING | layout:IMPLEMENTED | hir:IMPLEMENTED | mir:IMPLEMENTED | mir_verify:IMPLEMENTED -> ast_interpreter:IMPLEMENTED | mir_interpreter:IMPLEMENTED | browser_runtime:IMPLEMENTED | library_binding:IMPLEMENTED -> x64:IMPLEMENTED -> x86:IMPLEMENTED -> js:IMPLEMENTED -> wat:WASM_UNSUPPORTED -> wasm:WASM_UNSUPPORTED,codex-step1,lexer:IMPLEMENTED | parser:IMPLEMENTED | ast_contract:IMPLEMENTED | semantic:IMPLEMENTED | type_binding:MISSING | layout:IMPLEMENTED | hir:IMPLEMENTED | mir:IMPLEMENTED | mir_verify:IMPLEMENTED,ast_interpreter:IMPLEMENTED | mir_interpreter:IMPLEMENTED | browser_runtime:IMPLEMENTED | library_binding:IMPLEMENTED,IMPLEMENTED,IMPLEMENTED,IMPLEMENTED,WASM_UNSUPPORTED,WASM_UNSUPPORTED,src/parser/parser/parser_expr.fbs,KEEP_GATE_COVERAGE
UXB-SURFACE-166,LPTR,builtin_function,lexer:IMPLEMENTED | parser:IMPLEMENTED | ast_contract:IMPLEMENTED | semantic:IMPLEMENTED | type_binding:MISSING | layout:MISSING | hir:IMPLEMENTED | mir:IMPLEMENTED | mir_verify:IMPLEMENTED -> ast_interpreter:IMPLEMENTED | browser_runtime:IMPLEMENTED -> x64:IMPLEMENTED -> x86:IMPLEMENTED -> js:NATIVE_ONLY -> wat:WASM_UNSUPPORTED -> wasm:WASM_UNSUPPORTED,codex-step1,lexer:IMPLEMENTED | parser:IMPLEMENTED | ast_contract:IMPLEMENTED | semantic:IMPLEMENTED | type_binding:MISSING | layout:MISSING | hir:IMPLEMENTED | mir:IMPLEMENTED | mir_verify:IMPLEMENTED,ast_interpreter:IMPLEMENTED | browser_runtime:IMPLEMENTED,IMPLEMENTED,IMPLEMENTED,NATIVE_ONLY,WASM_UNSUPPORTED,WASM_UNSUPPORTED,src/parser/parser/parser_shared.fbs,KEEP_GATE_COVERAGE
UXB-SURFACE-167,MEMCOPYB,builtin_function,lexer:IMPLEMENTED | parser:IMPLEMENTED | ast_contract:IMPLEMENTED | semantic:IMPLEMENTED | type_binding:MISSING | layout:MISSING | hir:IMPLEMENTED | mir:IMPLEMENTED | mir_verify:IMPLEMENTED -> ast_interpreter:IMPLEMENTED | mir_interpreter:IMPLEMENTED | browser_runtime:IMPLEMENTED -> x64:IMPLEMENTED -> x86:IMPLEMENTED -> js:IMPLEMENTED -> wat:IMPLEMENTED -> wasm:IMPLEMENTED,codex-step1,lexer:IMPLEMENTED | parser:IMPLEMENTED | ast_contract:IMPLEMENTED | semantic:IMPLEMENTED | type_binding:MISSING | layout:MISSING | hir:IMPLEMENTED | mir:IMPLEMENTED | mir_verify:IMPLEMENTED,ast_interpreter:IMPLEMENTED | mir_interpreter:IMPLEMENTED | browser_runtime:IMPLEMENTED,IMPLEMENTED,IMPLEMENTED,IMPLEMENTED,IMPLEMENTED,IMPLEMENTED,src/parser/parser/parser_stmt_basic.fbs,KEEP_GATE_COVERAGE
UXB-SURFACE-168,MEMCOPYD,builtin_function,lexer:IMPLEMENTED | parser:IMPLEMENTED | ast_contract:IMPLEMENTED | semantic:IMPLEMENTED | type_binding:MISSING | layout:MISSING | hir:IMPLEMENTED | mir:IMPLEMENTED | mir_verify:IMPLEMENTED -> ast_interpreter:IMPLEMENTED | mir_interpreter:IMPLEMENTED | browser_runtime:IMPLEMENTED -> x64:IMPLEMENTED -> x86:IMPLEMENTED -> js:IMPLEMENTED -> wat:IMPLEMENTED -> wasm:IMPLEMENTED,codex-step1,lexer:IMPLEMENTED | parser:IMPLEMENTED | ast_contract:IMPLEMENTED | semantic:IMPLEMENTED | type_binding:MISSING | layout:MISSING | hir:IMPLEMENTED | mir:IMPLEMENTED | mir_verify:IMPLEMENTED,ast_interpreter:IMPLEMENTED | mir_interpreter:IMPLEMENTED | browser_runtime:IMPLEMENTED,IMPLEMENTED,IMPLEMENTED,IMPLEMENTED,IMPLEMENTED,IMPLEMENTED,src/parser/parser/parser_stmt_basic.fbs,KEEP_GATE_COVERAGE
UXB-SURFACE-169,MEMCOPYW,builtin_function,lexer:IMPLEMENTED | parser:IMPLEMENTED | ast_contract:IMPLEMENTED | semantic:IMPLEMENTED | type_binding:MISSING | layout:MISSING | hir:IMPLEMENTED | mir:IMPLEMENTED | mir_verify:IMPLEMENTED -> ast_interpreter:IMPLEMENTED | mir_interpreter:IMPLEMENTED | browser_runtime:IMPLEMENTED -> x64:IMPLEMENTED -> x86:IMPLEMENTED -> js:IMPLEMENTED -> wat:IMPLEMENTED -> wasm:IMPLEMENTED,codex-step1,lexer:IMPLEMENTED | parser:IMPLEMENTED | ast_contract:IMPLEMENTED | semantic:IMPLEMENTED | type_binding:MISSING | layout:MISSING | hir:IMPLEMENTED | mir:IMPLEMENTED | mir_verify:IMPLEMENTED,ast_interpreter:IMPLEMENTED | mir_interpreter:IMPLEMENTED | browser_runtime:IMPLEMENTED,IMPLEMENTED,IMPLEMENTED,IMPLEMENTED,IMPLEMENTED,IMPLEMENTED,src/parser/parser/parser_stmt_basic.fbs,KEEP_GATE_COVERAGE
UXB-SURFACE-170,MEMFILLB,builtin_function,lexer:IMPLEMENTED | parser:IMPLEMENTED | ast_contract:IMPLEMENTED | semantic:IMPLEMENTED | type_binding:MISSING | layout:MISSING | hir:IMPLEMENTED | mir:IMPLEMENTED | mir_verify:IMPLEMENTED -> ast_interpreter:IMPLEMENTED | mir_interpreter:IMPLEMENTED | browser_runtime:IMPLEMENTED -> x64:IMPLEMENTED -> x86:IMPLEMENTED -> js:IMPLEMENTED -> wat:IMPLEMENTED -> wasm:IMPLEMENTED,codex-step1,lexer:IMPLEMENTED | parser:IMPLEMENTED | ast_contract:IMPLEMENTED | semantic:IMPLEMENTED | type_binding:MISSING | layout:MISSING | hir:IMPLEMENTED | mir:IMPLEMENTED | mir_verify:IMPLEMENTED,ast_interpreter:IMPLEMENTED | mir_interpreter:IMPLEMENTED | browser_runtime:IMPLEMENTED,IMPLEMENTED,IMPLEMENTED,IMPLEMENTED,IMPLEMENTED,IMPLEMENTED,src/parser/parser/parser_stmt_basic.fbs,KEEP_GATE_COVERAGE
UXB-SURFACE-171,MEMFILLD,builtin_function,lexer:IMPLEMENTED | parser:IMPLEMENTED | ast_contract:IMPLEMENTED | semantic:IMPLEMENTED | type_binding:MISSING | layout:MISSING | hir:IMPLEMENTED | mir:IMPLEMENTED | mir_verify:IMPLEMENTED -> ast_interpreter:IMPLEMENTED | mir_interpreter:IMPLEMENTED | browser_runtime:IMPLEMENTED -> x64:IMPLEMENTED -> x86:IMPLEMENTED -> js:IMPLEMENTED -> wat:IMPLEMENTED -> wasm:IMPLEMENTED,codex-step1,lexer:IMPLEMENTED | parser:IMPLEMENTED | ast_contract:IMPLEMENTED | semantic:IMPLEMENTED | type_binding:MISSING | layout:MISSING | hir:IMPLEMENTED | mir:IMPLEMENTED | mir_verify:IMPLEMENTED,ast_interpreter:IMPLEMENTED | mir_interpreter:IMPLEMENTED | browser_runtime:IMPLEMENTED,IMPLEMENTED,IMPLEMENTED,IMPLEMENTED,IMPLEMENTED,IMPLEMENTED,src/parser/parser/parser_stmt_basic.fbs,KEEP_GATE_COVERAGE
UXB-SURFACE-172,MEMFILLW,builtin_function,lexer:IMPLEMENTED | parser:IMPLEMENTED | ast_contract:IMPLEMENTED | semantic:IMPLEMENTED | type_binding:MISSING | layout:MISSING | hir:IMPLEMENTED | mir:IMPLEMENTED | mir_verify:IMPLEMENTED -> ast_interpreter:IMPLEMENTED | mir_interpreter:IMPLEMENTED | browser_runtime:IMPLEMENTED -> x64:IMPLEMENTED -> x86:IMPLEMENTED -> js:IMPLEMENTED -> wat:IMPLEMENTED -> wasm:IMPLEMENTED,codex-step1,lexer:IMPLEMENTED | parser:IMPLEMENTED | ast_contract:IMPLEMENTED | semantic:IMPLEMENTED | type_binding:MISSING | layout:MISSING | hir:IMPLEMENTED | mir:IMPLEMENTED | mir_verify:IMPLEMENTED,ast_interpreter:IMPLEMENTED | mir_interpreter:IMPLEMENTED | browser_runtime:IMPLEMENTED,IMPLEMENTED,IMPLEMENTED,IMPLEMENTED,IMPLEMENTED,IMPLEMENTED,src/parser/parser/parser_stmt_basic.fbs,KEEP_GATE_COVERAGE
UXB-SURFACE-173,OFFSETOF,builtin_function,lexer:IMPLEMENTED | parser:IMPLEMENTED | ast_contract:IMPLEMENTED | semantic:IMPLEMENTED | type_binding:MISSING | layout:IMPLEMENTED | hir:IMPLEMENTED | mir:IMPLEMENTED | mir_verify:IMPLEMENTED -> ast_interpreter:IMPLEMENTED | browser_runtime:IMPLEMENTED -> x64:IMPLEMENTED -> x86:IMPLEMENTED -> js:IMPLEMENTED -> wat:WASM_UNSUPPORTED -> wasm:WASM_UNSUPPORTED,codex-step1,lexer:IMPLEMENTED | parser:IMPLEMENTED | ast_contract:IMPLEMENTED | semantic:IMPLEMENTED | type_binding:MISSING | layout:IMPLEMENTED | hir:IMPLEMENTED | mir:IMPLEMENTED | mir_verify:IMPLEMENTED,ast_interpreter:IMPLEMENTED | browser_runtime:IMPLEMENTED,IMPLEMENTED,IMPLEMENTED,IMPLEMENTED,WASM_UNSUPPORTED,WASM_UNSUPPORTED,src/parser/parser/parser_shared.fbs,KEEP_GATE_COVERAGE
UXB-SURFACE-174,PEEKB,builtin_function,lexer:IMPLEMENTED | parser:IMPLEMENTED | ast_contract:IMPLEMENTED | semantic:IMPLEMENTED | type_binding:MISSING | layout:IMPLEMENTED | hir:IMPLEMENTED | mir:IMPLEMENTED | mir_verify:IMPLEMENTED -> ast_interpreter:IMPLEMENTED | mir_interpreter:IMPLEMENTED | browser_runtime:IMPLEMENTED -> x64:IMPLEMENTED -> x86:IMPLEMENTED -> js:IMPLEMENTED -> wat:IMPLEMENTED -> wasm:IMPLEMENTED,codex-step1,lexer:IMPLEMENTED | parser:IMPLEMENTED | ast_contract:IMPLEMENTED | semantic:IMPLEMENTED | type_binding:MISSING | layout:IMPLEMENTED | hir:IMPLEMENTED | mir:IMPLEMENTED | mir_verify:IMPLEMENTED,ast_interpreter:IMPLEMENTED | mir_interpreter:IMPLEMENTED | browser_runtime:IMPLEMENTED,IMPLEMENTED,IMPLEMENTED,IMPLEMENTED,IMPLEMENTED,IMPLEMENTED,src/parser/parser/parser_shared.fbs,KEEP_GATE_COVERAGE
UXB-SURFACE-175,PEEKD,builtin_function,lexer:IMPLEMENTED | parser:IMPLEMENTED | ast_contract:IMPLEMENTED | semantic:IMPLEMENTED | type_binding:MISSING | layout:IMPLEMENTED | hir:IMPLEMENTED | mir:IMPLEMENTED | mir_verify:IMPLEMENTED -> ast_interpreter:IMPLEMENTED | mir_interpreter:IMPLEMENTED | browser_runtime:IMPLEMENTED -> x64:IMPLEMENTED -> x86:IMPLEMENTED -> js:IMPLEMENTED -> wat:IMPLEMENTED -> wasm:IMPLEMENTED,codex-step1,lexer:IMPLEMENTED | parser:IMPLEMENTED | ast_contract:IMPLEMENTED | semantic:IMPLEMENTED | type_binding:MISSING | layout:IMPLEMENTED | hir:IMPLEMENTED | mir:IMPLEMENTED | mir_verify:IMPLEMENTED,ast_interpreter:IMPLEMENTED | mir_interpreter:IMPLEMENTED | browser_runtime:IMPLEMENTED,IMPLEMENTED,IMPLEMENTED,IMPLEMENTED,IMPLEMENTED,IMPLEMENTED,src/parser/parser/parser_shared.fbs,KEEP_GATE_COVERAGE
UXB-SURFACE-176,PEEKW,builtin_function,lexer:IMPLEMENTED | parser:IMPLEMENTED | ast_contract:IMPLEMENTED | semantic:IMPLEMENTED | type_binding:MISSING | layout:IMPLEMENTED | hir:IMPLEMENTED | mir:IMPLEMENTED | mir_verify:IMPLEMENTED -> ast_interpreter:IMPLEMENTED | mir_interpreter:IMPLEMENTED | browser_runtime:IMPLEMENTED -> x64:IMPLEMENTED -> x86:IMPLEMENTED -> js:IMPLEMENTED -> wat:IMPLEMENTED -> wasm:IMPLEMENTED,codex-step1,lexer:IMPLEMENTED | parser:IMPLEMENTED | ast_contract:IMPLEMENTED | semantic:IMPLEMENTED | type_binding:MISSING | layout:IMPLEMENTED | hir:IMPLEMENTED | mir:IMPLEMENTED | mir_verify:IMPLEMENTED,ast_interpreter:IMPLEMENTED | mir_interpreter:IMPLEMENTED | browser_runtime:IMPLEMENTED,IMPLEMENTED,IMPLEMENTED,IMPLEMENTED,IMPLEMENTED,IMPLEMENTED,src/parser/parser/parser_shared.fbs,KEEP_GATE_COVERAGE
UXB-SURFACE-177,POKE,builtin_function,lexer:IMPLEMENTED | parser:IMPLEMENTED | ast_contract:IMPLEMENTED | semantic:IMPLEMENTED | type_binding:MISSING | layout:IMPLEMENTED | hir:IMPLEMENTED | mir:IMPLEMENTED | mir_verify:IMPLEMENTED -> ast_interpreter:IMPLEMENTED | mir_interpreter:IMPLEMENTED | browser_runtime:IMPLEMENTED -> x64:IMPLEMENTED -> x86:IMPLEMENTED -> js:IMPLEMENTED -> wat:IMPLEMENTED -> wasm:IMPLEMENTED,codex-step1,lexer:IMPLEMENTED | parser:IMPLEMENTED | ast_contract:IMPLEMENTED | semantic:IMPLEMENTED | type_binding:MISSING | layout:IMPLEMENTED | hir:IMPLEMENTED | mir:IMPLEMENTED | mir_verify:IMPLEMENTED,ast_interpreter:IMPLEMENTED | mir_interpreter:IMPLEMENTED | browser_runtime:IMPLEMENTED,IMPLEMENTED,IMPLEMENTED,IMPLEMENTED,IMPLEMENTED,IMPLEMENTED,src/parser/parser/parser_stmt_basic.fbs,KEEP_GATE_COVERAGE
UXB-SURFACE-178,POKEB,builtin_function,lexer:IMPLEMENTED | parser:IMPLEMENTED | ast_contract:IMPLEMENTED | semantic:IMPLEMENTED | type_binding:MISSING | layout:IMPLEMENTED | hir:IMPLEMENTED | mir:IMPLEMENTED | mir_verify:IMPLEMENTED -> ast_interpreter:IMPLEMENTED | mir_interpreter:IMPLEMENTED | browser_runtime:IMPLEMENTED -> x64:IMPLEMENTED -> x86:IMPLEMENTED -> js:IMPLEMENTED -> wat:IMPLEMENTED -> wasm:IMPLEMENTED,codex-step1,lexer:IMPLEMENTED | parser:IMPLEMENTED | ast_contract:IMPLEMENTED | semantic:IMPLEMENTED | type_binding:MISSING | layout:IMPLEMENTED | hir:IMPLEMENTED | mir:IMPLEMENTED | mir_verify:IMPLEMENTED,ast_interpreter:IMPLEMENTED | mir_interpreter:IMPLEMENTED | browser_runtime:IMPLEMENTED,IMPLEMENTED,IMPLEMENTED,IMPLEMENTED,IMPLEMENTED,IMPLEMENTED,src/parser/parser/parser_stmt_basic.fbs,KEEP_GATE_COVERAGE
UXB-SURFACE-179,POKED,builtin_function,lexer:IMPLEMENTED | parser:IMPLEMENTED | ast_contract:IMPLEMENTED | semantic:IMPLEMENTED | type_binding:MISSING | layout:IMPLEMENTED | hir:IMPLEMENTED | mir:IMPLEMENTED | mir_verify:IMPLEMENTED -> ast_interpreter:IMPLEMENTED | mir_interpreter:IMPLEMENTED | browser_runtime:IMPLEMENTED -> x64:IMPLEMENTED -> x86:IMPLEMENTED -> js:IMPLEMENTED -> wat:IMPLEMENTED -> wasm:IMPLEMENTED,codex-step1,lexer:IMPLEMENTED | parser:IMPLEMENTED | ast_contract:IMPLEMENTED | semantic:IMPLEMENTED | type_binding:MISSING | layout:IMPLEMENTED | hir:IMPLEMENTED | mir:IMPLEMENTED | mir_verify:IMPLEMENTED,ast_interpreter:IMPLEMENTED | mir_interpreter:IMPLEMENTED | browser_runtime:IMPLEMENTED,IMPLEMENTED,IMPLEMENTED,IMPLEMENTED,IMPLEMENTED,IMPLEMENTED,src/parser/parser/parser_stmt_basic.fbs,KEEP_GATE_COVERAGE
UXB-SURFACE-180,POKES,builtin_function,lexer:IMPLEMENTED | parser:IMPLEMENTED | ast_contract:IMPLEMENTED | semantic:IMPLEMENTED | type_binding:MISSING | layout:MISSING | hir:IMPLEMENTED | mir:IMPLEMENTED | mir_verify:IMPLEMENTED -> ast_interpreter:IMPLEMENTED | mir_interpreter:IMPLEMENTED | browser_runtime:IMPLEMENTED -> x64:IMPLEMENTED -> x86:IMPLEMENTED -> js:IMPLEMENTED -> wat:WASM_UNSUPPORTED -> wasm:WASM_UNSUPPORTED,codex-step1,lexer:IMPLEMENTED | parser:IMPLEMENTED | ast_contract:IMPLEMENTED | semantic:IMPLEMENTED | type_binding:MISSING | layout:MISSING | hir:IMPLEMENTED | mir:IMPLEMENTED | mir_verify:IMPLEMENTED,ast_interpreter:IMPLEMENTED | mir_interpreter:IMPLEMENTED | browser_runtime:IMPLEMENTED,IMPLEMENTED,IMPLEMENTED,IMPLEMENTED,WASM_UNSUPPORTED,WASM_UNSUPPORTED,src/parser/parser/parser_stmt_basic.fbs,KEEP_GATE_COVERAGE
UXB-SURFACE-181,POKEW,builtin_function,lexer:IMPLEMENTED | parser:IMPLEMENTED | ast_contract:IMPLEMENTED | semantic:IMPLEMENTED | type_binding:MISSING | layout:IMPLEMENTED | hir:IMPLEMENTED | mir:IMPLEMENTED | mir_verify:IMPLEMENTED -> ast_interpreter:IMPLEMENTED | mir_interpreter:IMPLEMENTED | browser_runtime:IMPLEMENTED -> x64:IMPLEMENTED -> x86:IMPLEMENTED -> js:IMPLEMENTED -> wat:IMPLEMENTED -> wasm:IMPLEMENTED,codex-step1,lexer:IMPLEMENTED | parser:IMPLEMENTED | ast_contract:IMPLEMENTED | semantic:IMPLEMENTED | type_binding:MISSING | layout:IMPLEMENTED | hir:IMPLEMENTED | mir:IMPLEMENTED | mir_verify:IMPLEMENTED,ast_interpreter:IMPLEMENTED | mir_interpreter:IMPLEMENTED | browser_runtime:IMPLEMENTED,IMPLEMENTED,IMPLEMENTED,IMPLEMENTED,IMPLEMENTED,IMPLEMENTED,src/parser/parser/parser_stmt_basic.fbs,KEEP_GATE_COVERAGE
UXB-SURFACE-182,SADD,builtin_function,lexer:IMPLEMENTED | parser:IMPLEMENTED | ast_contract:IMPLEMENTED | semantic:IMPLEMENTED | type_binding:MISSING | layout:MISSING | hir:IMPLEMENTED | mir:IMPLEMENTED | mir_verify:IMPLEMENTED -> ast_interpreter:IMPLEMENTED | mir_interpreter:IMPLEMENTED | browser_runtime:IMPLEMENTED -> x64:IMPLEMENTED -> x86:IMPLEMENTED -> js:NATIVE_ONLY -> wat:WASM_UNSUPPORTED -> wasm:WASM_UNSUPPORTED,codex-step1,lexer:IMPLEMENTED | parser:IMPLEMENTED | ast_contract:IMPLEMENTED | semantic:IMPLEMENTED | type_binding:MISSING | layout:MISSING | hir:IMPLEMENTED | mir:IMPLEMENTED | mir_verify:IMPLEMENTED,ast_interpreter:IMPLEMENTED | mir_interpreter:IMPLEMENTED | browser_runtime:IMPLEMENTED,IMPLEMENTED,IMPLEMENTED,NATIVE_ONLY,WASM_UNSUPPORTED,WASM_UNSUPPORTED,src/parser/parser/parser_shared.fbs,KEEP_GATE_COVERAGE
UXB-SURFACE-183,SETNEWOFFSET,builtin_function,lexer:IMPLEMENTED | parser:IMPLEMENTED | ast_contract:IMPLEMENTED | semantic:IMPLEMENTED | type_binding:MISSING | layout:MISSING | hir:IMPLEMENTED | mir:IMPLEMENTED | mir_verify:IMPLEMENTED -> ast_interpreter:IMPLEMENTED | mir_interpreter:IMPLEMENTED | browser_runtime:IMPLEMENTED -> x64:IMPLEMENTED -> x86:IMPLEMENTED -> js:IMPLEMENTED -> wat:WASM_UNSUPPORTED -> wasm:WASM_UNSUPPORTED,codex-step1,lexer:IMPLEMENTED | parser:IMPLEMENTED | ast_contract:IMPLEMENTED | semantic:IMPLEMENTED | type_binding:MISSING | layout:MISSING | hir:IMPLEMENTED | mir:IMPLEMENTED | mir_verify:IMPLEMENTED,ast_interpreter:IMPLEMENTED | mir_interpreter:IMPLEMENTED | browser_runtime:IMPLEMENTED,IMPLEMENTED,IMPLEMENTED,IMPLEMENTED,WASM_UNSUPPORTED,WASM_UNSUPPORTED,src/parser/parser/parser_stmt_basic.fbs,KEEP_GATE_COVERAGE
UXB-SURFACE-184,SIZEOF,builtin_function,lexer:IMPLEMENTED | parser:IMPLEMENTED | ast_contract:IMPLEMENTED | semantic:IMPLEMENTED | type_binding:MISSING | layout:IMPLEMENTED | hir:IMPLEMENTED | mir:IMPLEMENTED | mir_verify:IMPLEMENTED -> ast_interpreter:IMPLEMENTED | mir_interpreter:IMPLEMENTED | browser_runtime:IMPLEMENTED | library_binding:IMPLEMENTED -> x64:IMPLEMENTED -> x86:IMPLEMENTED -> js:IMPLEMENTED -> wat:WASM_UNSUPPORTED -> wasm:WASM_UNSUPPORTED,codex-step1,lexer:IMPLEMENTED | parser:IMPLEMENTED | ast_contract:IMPLEMENTED | semantic:IMPLEMENTED | type_binding:MISSING | layout:IMPLEMENTED | hir:IMPLEMENTED | mir:IMPLEMENTED | mir_verify:IMPLEMENTED,ast_interpreter:IMPLEMENTED | mir_interpreter:IMPLEMENTED | browser_runtime:IMPLEMENTED | library_binding:IMPLEMENTED,IMPLEMENTED,IMPLEMENTED,IMPLEMENTED,WASM_UNSUPPORTED,WASM_UNSUPPORTED,src/parser/parser/parser_shared.fbs,KEEP_GATE_COVERAGE
UXB-SURFACE-185,VARPTR,builtin_function,lexer:IMPLEMENTED | parser:IMPLEMENTED | ast_contract:IMPLEMENTED | semantic:IMPLEMENTED | type_binding:MISSING | layout:MISSING | hir:IMPLEMENTED | mir:IMPLEMENTED | mir_verify:IMPLEMENTED -> ast_interpreter:IMPLEMENTED | mir_interpreter:IMPLEMENTED | browser_runtime:IMPLEMENTED -> x64:IMPLEMENTED -> x86:IMPLEMENTED -> js:NATIVE_ONLY -> wat:WASM_UNSUPPORTED -> wasm:WASM_UNSUPPORTED,codex-step1,lexer:IMPLEMENTED | parser:IMPLEMENTED | ast_contract:IMPLEMENTED | semantic:IMPLEMENTED | type_binding:MISSING | layout:MISSING | hir:IMPLEMENTED | mir:IMPLEMENTED | mir_verify:IMPLEMENTED,ast_interpreter:IMPLEMENTED | mir_interpreter:IMPLEMENTED | browser_runtime:IMPLEMENTED,IMPLEMENTED,IMPLEMENTED,NATIVE_ONLY,WASM_UNSUPPORTED,WASM_UNSUPPORTED,src/parser/parser/parser_shared.fbs,KEEP_GATE_COVERAGE
UXB-SURFACE-186,MAIN,directive,lexer:IMPLEMENTED | parser:IMPLEMENTED | ast_contract:IMPLEMENTED | semantic:IMPLEMENTED | type_binding:MISSING | layout:MISSING | hir:IMPLEMENTED | mir:IMPLEMENTED | mir_verify:IMPLEMENTED -> ast_interpreter:IMPLEMENTED | mir_interpreter:IMPLEMENTED | browser_runtime:IMPLEMENTED | library_binding:IMPLEMENTED -> x64:IMPLEMENTED -> x86:IMPLEMENTED -> js:IMPLEMENTED -> wat:IMPLEMENTED -> wasm:IMPLEMENTED,codex-step1,lexer:IMPLEMENTED | parser:IMPLEMENTED | ast_contract:IMPLEMENTED | semantic:IMPLEMENTED | type_binding:MISSING | layout:MISSING | hir:IMPLEMENTED | mir:IMPLEMENTED | mir_verify:IMPLEMENTED,ast_interpreter:IMPLEMENTED | mir_interpreter:IMPLEMENTED | browser_runtime:IMPLEMENTED | library_binding:IMPLEMENTED,IMPLEMENTED,IMPLEMENTED,IMPLEMENTED,IMPLEMENTED,IMPLEMENTED,src/parser/parser/parser_stmt_decl_class_method.fbs,KEEP_COMPILE_TIME_CONTRACT
UXB-SURFACE-187,%,expression_operator,lexer:IMPLEMENTED | parser:IMPLEMENTED | ast_contract:IMPLEMENTED | semantic:IMPLEMENTED | type_binding:MISSING | layout:IMPLEMENTED | hir:IMPLEMENTED | mir:IMPLEMENTED | mir_verify:IMPLEMENTED -> ast_interpreter:IMPLEMENTED | browser_runtime:IMPLEMENTED | library_binding:IMPLEMENTED -> x64:IMPLEMENTED -> x86:IMPLEMENTED -> js:IMPLEMENTED -> wat:IMPLEMENTED -> wasm:IMPLEMENTED,codex-step1,lexer:IMPLEMENTED | parser:IMPLEMENTED | ast_contract:IMPLEMENTED | semantic:IMPLEMENTED | type_binding:MISSING | layout:IMPLEMENTED | hir:IMPLEMENTED | mir:IMPLEMENTED | mir_verify:IMPLEMENTED,ast_interpreter:IMPLEMENTED | browser_runtime:IMPLEMENTED | library_binding:IMPLEMENTED,IMPLEMENTED,IMPLEMENTED,IMPLEMENTED,IMPLEMENTED,IMPLEMENTED,src/parser/parser/parser_expr.fbs,KEEP_GATE_COVERAGE
UXB-SURFACE-188,%=,expression_operator,lexer:IMPLEMENTED | parser:IMPLEMENTED | ast_contract:IMPLEMENTED | semantic:IMPLEMENTED | type_binding:MISSING | layout:MISSING | hir:IMPLEMENTED | mir:IMPLEMENTED | mir_verify:IMPLEMENTED -> ast_interpreter:IMPLEMENTED -> x64:IMPLEMENTED -> x86:IMPLEMENTED -> js:IMPLEMENTED -> wat:WASM_UNSUPPORTED -> wasm:WASM_UNSUPPORTED,codex-step1,lexer:IMPLEMENTED | parser:IMPLEMENTED | ast_contract:IMPLEMENTED | semantic:IMPLEMENTED | type_binding:MISSING | layout:MISSING | hir:IMPLEMENTED | mir:IMPLEMENTED | mir_verify:IMPLEMENTED,ast_interpreter:IMPLEMENTED,IMPLEMENTED,IMPLEMENTED,IMPLEMENTED,WASM_UNSUPPORTED,WASM_UNSUPPORTED,src/parser/parser/parser_expr.fbs,KEEP_GATE_COVERAGE
UXB-SURFACE-189,&,expression_operator,lexer:IMPLEMENTED | parser:IMPLEMENTED | ast_contract:IMPLEMENTED | semantic:IMPLEMENTED | type_binding:IMPLEMENTED | layout:IMPLEMENTED | hir:IMPLEMENTED | mir:IMPLEMENTED | mir_verify:IMPLEMENTED -> ast_interpreter:IMPLEMENTED | mir_interpreter:IMPLEMENTED | browser_runtime:IMPLEMENTED | library_binding:IMPLEMENTED -> x64:IMPLEMENTED -> x86:IMPLEMENTED -> js:IMPLEMENTED -> wat:WASM_UNSUPPORTED -> wasm:WASM_UNSUPPORTED,codex-step1,lexer:IMPLEMENTED | parser:IMPLEMENTED | ast_contract:IMPLEMENTED | semantic:IMPLEMENTED | type_binding:IMPLEMENTED | layout:IMPLEMENTED | hir:IMPLEMENTED | mir:IMPLEMENTED | mir_verify:IMPLEMENTED,ast_interpreter:IMPLEMENTED | mir_interpreter:IMPLEMENTED | browser_runtime:IMPLEMENTED | library_binding:IMPLEMENTED,IMPLEMENTED,IMPLEMENTED,IMPLEMENTED,WASM_UNSUPPORTED,WASM_UNSUPPORTED,src/parser/parser/parser_expr.fbs,KEEP_GATE_COVERAGE
UXB-SURFACE-190,&=,expression_operator,lexer:IMPLEMENTED | parser:IMPLEMENTED | ast_contract:IMPLEMENTED | semantic:IMPLEMENTED | type_binding:MISSING | layout:MISSING | hir:IMPLEMENTED | mir:IMPLEMENTED | mir_verify:IMPLEMENTED -> ast_interpreter:IMPLEMENTED | mir_interpreter:IMPLEMENTED -> x64:IMPLEMENTED -> x86:IMPLEMENTED -> js:IMPLEMENTED -> wat:WASM_UNSUPPORTED -> wasm:WASM_UNSUPPORTED,codex-step1,lexer:IMPLEMENTED | parser:IMPLEMENTED | ast_contract:IMPLEMENTED | semantic:IMPLEMENTED | type_binding:MISSING | layout:MISSING | hir:IMPLEMENTED | mir:IMPLEMENTED | mir_verify:IMPLEMENTED,ast_interpreter:IMPLEMENTED | mir_interpreter:IMPLEMENTED,IMPLEMENTED,IMPLEMENTED,IMPLEMENTED,WASM_UNSUPPORTED,WASM_UNSUPPORTED,src/parser/parser/parser_expr.fbs,KEEP_GATE_COVERAGE
UXB-SURFACE-191,(,expression_operator,lexer:IMPLEMENTED | parser:IMPLEMENTED | ast_contract:IMPLEMENTED | semantic:IMPLEMENTED | type_binding:MISSING | layout:IMPLEMENTED | hir:IMPLEMENTED | mir:IMPLEMENTED | mir_verify:IMPLEMENTED -> ast_interpreter:IMPLEMENTED | mir_interpreter:IMPLEMENTED | browser_runtime:IMPLEMENTED | library_binding:IMPLEMENTED -> x64:IMPLEMENTED -> x86:IMPLEMENTED -> js:IMPLEMENTED -> wat:WASM_UNSUPPORTED -> wasm:WASM_UNSUPPORTED,codex-step1,lexer:IMPLEMENTED | parser:IMPLEMENTED | ast_contract:IMPLEMENTED | semantic:IMPLEMENTED | type_binding:MISSING | layout:IMPLEMENTED | hir:IMPLEMENTED | mir:IMPLEMENTED | mir_verify:IMPLEMENTED,ast_interpreter:IMPLEMENTED | mir_interpreter:IMPLEMENTED | browser_runtime:IMPLEMENTED | library_binding:IMPLEMENTED,IMPLEMENTED,IMPLEMENTED,IMPLEMENTED,WASM_UNSUPPORTED,WASM_UNSUPPORTED,src/parser/parser/parser_expr.fbs,KEEP_GATE_COVERAGE
UXB-SURFACE-192,),expression_operator,lexer:IMPLEMENTED | parser:IMPLEMENTED | ast_contract:IMPLEMENTED | semantic:IMPLEMENTED | type_binding:IMPLEMENTED | layout:IMPLEMENTED | hir:IMPLEMENTED | mir:IMPLEMENTED | mir_verify:IMPLEMENTED -> ast_interpreter:IMPLEMENTED | mir_interpreter:IMPLEMENTED | browser_runtime:IMPLEMENTED | library_binding:IMPLEMENTED -> x64:IMPLEMENTED -> x86:IMPLEMENTED -> js:IMPLEMENTED -> wat:WASM_UNSUPPORTED -> wasm:WASM_UNSUPPORTED,codex-step1,lexer:IMPLEMENTED | parser:IMPLEMENTED | ast_contract:IMPLEMENTED | semantic:IMPLEMENTED | type_binding:IMPLEMENTED | layout:IMPLEMENTED | hir:IMPLEMENTED | mir:IMPLEMENTED | mir_verify:IMPLEMENTED,ast_interpreter:IMPLEMENTED | mir_interpreter:IMPLEMENTED | browser_runtime:IMPLEMENTED | library_binding:IMPLEMENTED,IMPLEMENTED,IMPLEMENTED,IMPLEMENTED,WASM_UNSUPPORTED,WASM_UNSUPPORTED,src/parser/parser/parser_expr.fbs,KEEP_GATE_COVERAGE
UXB-SURFACE-193,*,expression_operator,lexer:IMPLEMENTED | parser:IMPLEMENTED | ast_contract:IMPLEMENTED | semantic:IMPLEMENTED | type_binding:MISSING | layout:IMPLEMENTED | hir:IMPLEMENTED | mir:IMPLEMENTED | mir_verify:IMPLEMENTED -> ast_interpreter:IMPLEMENTED | mir_interpreter:IMPLEMENTED | browser_runtime:IMPLEMENTED | library_binding:IMPLEMENTED -> x64:IMPLEMENTED -> x86:IMPLEMENTED -> js:IMPLEMENTED -> wat:IMPLEMENTED -> wasm:IMPLEMENTED,codex-step1,lexer:IMPLEMENTED | parser:IMPLEMENTED | ast_contract:IMPLEMENTED | semantic:IMPLEMENTED | type_binding:MISSING | layout:IMPLEMENTED | hir:IMPLEMENTED | mir:IMPLEMENTED | mir_verify:IMPLEMENTED,ast_interpreter:IMPLEMENTED | mir_interpreter:IMPLEMENTED | browser_runtime:IMPLEMENTED | library_binding:IMPLEMENTED,IMPLEMENTED,IMPLEMENTED,IMPLEMENTED,IMPLEMENTED,IMPLEMENTED,src/parser/parser/parser_expr.fbs,KEEP_GATE_COVERAGE
UXB-SURFACE-194,*=,expression_operator,lexer:IMPLEMENTED | parser:IMPLEMENTED | ast_contract:IMPLEMENTED | semantic:IMPLEMENTED | type_binding:MISSING | layout:MISSING | hir:IMPLEMENTED | mir:IMPLEMENTED | mir_verify:IMPLEMENTED -> ast_interpreter:IMPLEMENTED | browser_runtime:IMPLEMENTED -> x64:IMPLEMENTED -> x86:IMPLEMENTED -> js:IMPLEMENTED -> wat:WASM_UNSUPPORTED -> wasm:WASM_UNSUPPORTED,codex-step1,lexer:IMPLEMENTED | parser:IMPLEMENTED | ast_contract:IMPLEMENTED | semantic:IMPLEMENTED | type_binding:MISSING | layout:MISSING | hir:IMPLEMENTED | mir:IMPLEMENTED | mir_verify:IMPLEMENTED,ast_interpreter:IMPLEMENTED | browser_runtime:IMPLEMENTED,IMPLEMENTED,IMPLEMENTED,IMPLEMENTED,WASM_UNSUPPORTED,WASM_UNSUPPORTED,src/parser/parser/parser_expr.fbs,KEEP_GATE_COVERAGE
UXB-SURFACE-195,+,expression_operator,lexer:IMPLEMENTED | parser:IMPLEMENTED | ast_contract:IMPLEMENTED | semantic:IMPLEMENTED | type_binding:IMPLEMENTED | layout:IMPLEMENTED | hir:IMPLEMENTED | mir:IMPLEMENTED | mir_verify:IMPLEMENTED -> ast_interpreter:IMPLEMENTED | mir_interpreter:IMPLEMENTED | browser_runtime:IMPLEMENTED | library_binding:IMPLEMENTED -> x64:IMPLEMENTED -> x86:IMPLEMENTED -> js:IMPLEMENTED -> wat:IMPLEMENTED -> wasm:IMPLEMENTED,codex-step1,lexer:IMPLEMENTED | parser:IMPLEMENTED | ast_contract:IMPLEMENTED | semantic:IMPLEMENTED | type_binding:IMPLEMENTED | layout:IMPLEMENTED | hir:IMPLEMENTED | mir:IMPLEMENTED | mir_verify:IMPLEMENTED,ast_interpreter:IMPLEMENTED | mir_interpreter:IMPLEMENTED | browser_runtime:IMPLEMENTED | library_binding:IMPLEMENTED,IMPLEMENTED,IMPLEMENTED,IMPLEMENTED,IMPLEMENTED,IMPLEMENTED,src/parser/parser/parser_expr.fbs,KEEP_GATE_COVERAGE
UXB-SURFACE-196,++,expression_operator,lexer:IMPLEMENTED | parser:IMPLEMENTED | ast_contract:IMPLEMENTED | semantic:IMPLEMENTED | type_binding:MISSING | layout:MISSING | hir:IMPLEMENTED | mir:IMPLEMENTED | mir_verify:IMPLEMENTED -> ast_interpreter:IMPLEMENTED -> x64:IMPLEMENTED -> x86:IMPLEMENTED -> js:IMPLEMENTED -> wat:WASM_UNSUPPORTED -> wasm:WASM_UNSUPPORTED,codex-step1,lexer:IMPLEMENTED | parser:IMPLEMENTED | ast_contract:IMPLEMENTED | semantic:IMPLEMENTED | type_binding:MISSING | layout:MISSING | hir:IMPLEMENTED | mir:IMPLEMENTED | mir_verify:IMPLEMENTED,ast_interpreter:IMPLEMENTED,IMPLEMENTED,IMPLEMENTED,IMPLEMENTED,WASM_UNSUPPORTED,WASM_UNSUPPORTED,src/parser/parser/parser_expr.fbs,KEEP_GATE_COVERAGE
UXB-SURFACE-197,+=,expression_operator,lexer:IMPLEMENTED | parser:IMPLEMENTED | ast_contract:IMPLEMENTED | semantic:IMPLEMENTED | type_binding:IMPLEMENTED | layout:MISSING | hir:IMPLEMENTED | mir:IMPLEMENTED | mir_verify:IMPLEMENTED -> ast_interpreter:IMPLEMENTED | mir_interpreter:IMPLEMENTED | browser_runtime:IMPLEMENTED -> x64:IMPLEMENTED -> x86:IMPLEMENTED -> js:IMPLEMENTED -> wat:WASM_UNSUPPORTED -> wasm:WASM_UNSUPPORTED,codex-step1,lexer:IMPLEMENTED | parser:IMPLEMENTED | ast_contract:IMPLEMENTED | semantic:IMPLEMENTED | type_binding:IMPLEMENTED | layout:MISSING | hir:IMPLEMENTED | mir:IMPLEMENTED | mir_verify:IMPLEMENTED,ast_interpreter:IMPLEMENTED | mir_interpreter:IMPLEMENTED | browser_runtime:IMPLEMENTED,IMPLEMENTED,IMPLEMENTED,IMPLEMENTED,WASM_UNSUPPORTED,WASM_UNSUPPORTED,src/parser/parser/parser_expr.fbs,KEEP_GATE_COVERAGE
UXB-SURFACE-198,",",expression_operator,lexer:IMPLEMENTED | parser:IMPLEMENTED | ast_contract:IMPLEMENTED | semantic:IMPLEMENTED | type_binding:IMPLEMENTED | layout:IMPLEMENTED | hir:IMPLEMENTED | mir:IMPLEMENTED | mir_verify:IMPLEMENTED -> ast_interpreter:IMPLEMENTED | mir_interpreter:IMPLEMENTED | browser_runtime:IMPLEMENTED | library_binding:IMPLEMENTED -> x64:IMPLEMENTED -> x86:IMPLEMENTED -> js:IMPLEMENTED -> wat:WASM_UNSUPPORTED -> wasm:WASM_UNSUPPORTED,codex-step1,lexer:IMPLEMENTED | parser:IMPLEMENTED | ast_contract:IMPLEMENTED | semantic:IMPLEMENTED | type_binding:IMPLEMENTED | layout:IMPLEMENTED | hir:IMPLEMENTED | mir:IMPLEMENTED | mir_verify:IMPLEMENTED,ast_interpreter:IMPLEMENTED | mir_interpreter:IMPLEMENTED | browser_runtime:IMPLEMENTED | library_binding:IMPLEMENTED,IMPLEMENTED,IMPLEMENTED,IMPLEMENTED,WASM_UNSUPPORTED,WASM_UNSUPPORTED,src/parser/parser/parser_expr.fbs,KEEP_GATE_COVERAGE
UXB-SURFACE-199,-,expression_operator,lexer:IMPLEMENTED | parser:IMPLEMENTED | ast_contract:IMPLEMENTED | semantic:IMPLEMENTED | type_binding:IMPLEMENTED | layout:IMPLEMENTED | hir:IMPLEMENTED | mir:IMPLEMENTED | mir_verify:IMPLEMENTED -> ast_interpreter:IMPLEMENTED | mir_interpreter:IMPLEMENTED | browser_runtime:IMPLEMENTED | library_binding:IMPLEMENTED -> x64:IMPLEMENTED -> x86:IMPLEMENTED -> js:IMPLEMENTED -> wat:IMPLEMENTED -> wasm:IMPLEMENTED,codex-step1,lexer:IMPLEMENTED | parser:IMPLEMENTED | ast_contract:IMPLEMENTED | semantic:IMPLEMENTED | type_binding:IMPLEMENTED | layout:IMPLEMENTED | hir:IMPLEMENTED | mir:IMPLEMENTED | mir_verify:IMPLEMENTED,ast_interpreter:IMPLEMENTED | mir_interpreter:IMPLEMENTED | browser_runtime:IMPLEMENTED | library_binding:IMPLEMENTED,IMPLEMENTED,IMPLEMENTED,IMPLEMENTED,IMPLEMENTED,IMPLEMENTED,src/parser/parser/parser_expr.fbs,KEEP_GATE_COVERAGE
UXB-SURFACE-200,--,expression_operator,lexer:IMPLEMENTED | parser:IMPLEMENTED | ast_contract:IMPLEMENTED | semantic:IMPLEMENTED | type_binding:MISSING | layout:MISSING | hir:IMPLEMENTED | mir:IMPLEMENTED | mir_verify:IMPLEMENTED -> ast_interpreter:IMPLEMENTED -> x64:IMPLEMENTED -> x86:IMPLEMENTED -> js:IMPLEMENTED -> wat:WASM_UNSUPPORTED -> wasm:WASM_UNSUPPORTED,codex-step1,lexer:IMPLEMENTED | parser:IMPLEMENTED | ast_contract:IMPLEMENTED | semantic:IMPLEMENTED | type_binding:MISSING | layout:MISSING | hir:IMPLEMENTED | mir:IMPLEMENTED | mir_verify:IMPLEMENTED,ast_interpreter:IMPLEMENTED,IMPLEMENTED,IMPLEMENTED,IMPLEMENTED,WASM_UNSUPPORTED,WASM_UNSUPPORTED,src/parser/parser/parser_expr.fbs,KEEP_GATE_COVERAGE
UXB-SURFACE-201,-=,expression_operator,lexer:IMPLEMENTED | parser:IMPLEMENTED | ast_contract:IMPLEMENTED | semantic:IMPLEMENTED | type_binding:MISSING | layout:MISSING | hir:IMPLEMENTED | mir:IMPLEMENTED | mir_verify:IMPLEMENTED -> ast_interpreter:IMPLEMENTED | mir_interpreter:IMPLEMENTED -> x64:IMPLEMENTED -> x86:IMPLEMENTED -> js:IMPLEMENTED -> wat:WASM_UNSUPPORTED -> wasm:WASM_UNSUPPORTED,codex-step1,lexer:IMPLEMENTED | parser:IMPLEMENTED | ast_contract:IMPLEMENTED | semantic:IMPLEMENTED | type_binding:MISSING | layout:MISSING | hir:IMPLEMENTED | mir:IMPLEMENTED | mir_verify:IMPLEMENTED,ast_interpreter:IMPLEMENTED | mir_interpreter:IMPLEMENTED,IMPLEMENTED,IMPLEMENTED,IMPLEMENTED,WASM_UNSUPPORTED,WASM_UNSUPPORTED,src/parser/parser/parser_expr.fbs,KEEP_GATE_COVERAGE
UXB-SURFACE-202,.,expression_operator,lexer:IMPLEMENTED | parser:IMPLEMENTED | ast_contract:IMPLEMENTED | semantic:IMPLEMENTED | type_binding:MISSING | layout:IMPLEMENTED | hir:IMPLEMENTED | mir:IMPLEMENTED | mir_verify:IMPLEMENTED -> ast_interpreter:IMPLEMENTED | mir_interpreter:IMPLEMENTED | browser_runtime:IMPLEMENTED | library_binding:IMPLEMENTED -> x64:IMPLEMENTED -> x86:IMPLEMENTED -> js:IMPLEMENTED -> wat:WASM_UNSUPPORTED -> wasm:WASM_UNSUPPORTED,codex-step1,lexer:IMPLEMENTED | parser:IMPLEMENTED | ast_contract:IMPLEMENTED | semantic:IMPLEMENTED | type_binding:MISSING | layout:IMPLEMENTED | hir:IMPLEMENTED | mir:IMPLEMENTED | mir_verify:IMPLEMENTED,ast_interpreter:IMPLEMENTED | mir_interpreter:IMPLEMENTED | browser_runtime:IMPLEMENTED | library_binding:IMPLEMENTED,IMPLEMENTED,IMPLEMENTED,IMPLEMENTED,WASM_UNSUPPORTED,WASM_UNSUPPORTED,src/parser/parser/parser_expr.fbs,KEEP_GATE_COVERAGE
UXB-SURFACE-203,/,expression_operator,lexer:IMPLEMENTED | parser:IMPLEMENTED | ast_contract:IMPLEMENTED | semantic:IMPLEMENTED | type_binding:MISSING | layout:IMPLEMENTED | hir:IMPLEMENTED | mir:IMPLEMENTED | mir_verify:IMPLEMENTED -> ast_interpreter:IMPLEMENTED | mir_interpreter:IMPLEMENTED | browser_runtime:IMPLEMENTED | library_binding:IMPLEMENTED -> x64:IMPLEMENTED -> x86:IMPLEMENTED -> js:IMPLEMENTED -> wat:IMPLEMENTED -> wasm:IMPLEMENTED,codex-step1,lexer:IMPLEMENTED | parser:IMPLEMENTED | ast_contract:IMPLEMENTED | semantic:IMPLEMENTED | type_binding:MISSING | layout:IMPLEMENTED | hir:IMPLEMENTED | mir:IMPLEMENTED | mir_verify:IMPLEMENTED,ast_interpreter:IMPLEMENTED | mir_interpreter:IMPLEMENTED | browser_runtime:IMPLEMENTED | library_binding:IMPLEMENTED,IMPLEMENTED,IMPLEMENTED,IMPLEMENTED,IMPLEMENTED,IMPLEMENTED,src/parser/parser/parser_expr.fbs,KEEP_GATE_COVERAGE
UXB-SURFACE-204,/=,expression_operator,lexer:IMPLEMENTED | parser:IMPLEMENTED | ast_contract:IMPLEMENTED | semantic:IMPLEMENTED | type_binding:MISSING | layout:MISSING | hir:IMPLEMENTED | mir:IMPLEMENTED | mir_verify:IMPLEMENTED -> ast_interpreter:IMPLEMENTED -> x64:IMPLEMENTED -> x86:IMPLEMENTED -> js:IMPLEMENTED -> wat:WASM_UNSUPPORTED -> wasm:WASM_UNSUPPORTED,codex-step1,lexer:IMPLEMENTED | parser:IMPLEMENTED | ast_contract:IMPLEMENTED | semantic:IMPLEMENTED | type_binding:MISSING | layout:MISSING | hir:IMPLEMENTED | mir:IMPLEMENTED | mir_verify:IMPLEMENTED,ast_interpreter:IMPLEMENTED,IMPLEMENTED,IMPLEMENTED,IMPLEMENTED,WASM_UNSUPPORTED,WASM_UNSUPPORTED,src/parser/parser/parser_expr.fbs,KEEP_GATE_COVERAGE
UXB-SURFACE-205,:,expression_operator,lexer:IMPLEMENTED | parser:IMPLEMENTED | ast_contract:IMPLEMENTED | semantic:IMPLEMENTED | type_binding:MISSING | layout:MISSING | hir:IMPLEMENTED | mir:IMPLEMENTED | mir_verify:IMPLEMENTED -> ast_interpreter:IMPLEMENTED | mir_interpreter:IMPLEMENTED | browser_runtime:IMPLEMENTED | library_binding:IMPLEMENTED -> x64:IMPLEMENTED -> x86:IMPLEMENTED -> js:IMPLEMENTED -> wat:WASM_UNSUPPORTED -> wasm:WASM_UNSUPPORTED,codex-step1,lexer:IMPLEMENTED | parser:IMPLEMENTED | ast_contract:IMPLEMENTED | semantic:IMPLEMENTED | type_binding:MISSING | layout:MISSING | hir:IMPLEMENTED | mir:IMPLEMENTED | mir_verify:IMPLEMENTED,ast_interpreter:IMPLEMENTED | mir_interpreter:IMPLEMENTED | browser_runtime:IMPLEMENTED | library_binding:IMPLEMENTED,IMPLEMENTED,IMPLEMENTED,IMPLEMENTED,WASM_UNSUPPORTED,WASM_UNSUPPORTED,src/parser/parser/parser_expr.fbs,KEEP_GATE_COVERAGE
UXB-SURFACE-206,<,expression_operator,lexer:IMPLEMENTED | parser:IMPLEMENTED | ast_contract:IMPLEMENTED | semantic:IMPLEMENTED | type_binding:IMPLEMENTED | layout:IMPLEMENTED | hir:IMPLEMENTED | mir:IMPLEMENTED | mir_verify:IMPLEMENTED -> ast_interpreter:IMPLEMENTED | mir_interpreter:IMPLEMENTED | browser_runtime:IMPLEMENTED | library_binding:IMPLEMENTED -> x64:IMPLEMENTED -> x86:IMPLEMENTED -> js:IMPLEMENTED -> wat:IMPLEMENTED -> wasm:IMPLEMENTED,codex-step1,lexer:IMPLEMENTED | parser:IMPLEMENTED | ast_contract:IMPLEMENTED | semantic:IMPLEMENTED | type_binding:IMPLEMENTED | layout:IMPLEMENTED | hir:IMPLEMENTED | mir:IMPLEMENTED | mir_verify:IMPLEMENTED,ast_interpreter:IMPLEMENTED | mir_interpreter:IMPLEMENTED | browser_runtime:IMPLEMENTED | library_binding:IMPLEMENTED,IMPLEMENTED,IMPLEMENTED,IMPLEMENTED,IMPLEMENTED,IMPLEMENTED,src/parser/parser/parser_expr.fbs,KEEP_GATE_COVERAGE
UXB-SURFACE-207,<<,expression_operator,lexer:IMPLEMENTED | parser:IMPLEMENTED | ast_contract:IMPLEMENTED | semantic:IMPLEMENTED | type_binding:MISSING | layout:MISSING | hir:IMPLEMENTED | mir:IMPLEMENTED | mir_verify:IMPLEMENTED -> ast_interpreter:IMPLEMENTED | browser_runtime:IMPLEMENTED -> x64:IMPLEMENTED -> x86:IMPLEMENTED -> js:IMPLEMENTED -> wat:WASM_UNSUPPORTED -> wasm:WASM_UNSUPPORTED,codex-step1,lexer:IMPLEMENTED | parser:IMPLEMENTED | ast_contract:IMPLEMENTED | semantic:IMPLEMENTED | type_binding:MISSING | layout:MISSING | hir:IMPLEMENTED | mir:IMPLEMENTED | mir_verify:IMPLEMENTED,ast_interpreter:IMPLEMENTED | browser_runtime:IMPLEMENTED,IMPLEMENTED,IMPLEMENTED,IMPLEMENTED,WASM_UNSUPPORTED,WASM_UNSUPPORTED,src/parser/parser/parser_expr.fbs,KEEP_GATE_COVERAGE
UXB-SURFACE-208,<<=,expression_operator,lexer:IMPLEMENTED | parser:IMPLEMENTED | ast_contract:IMPLEMENTED | semantic:IMPLEMENTED | type_binding:MISSING | layout:MISSING | hir:IMPLEMENTED | mir:IMPLEMENTED | mir_verify:IMPLEMENTED -> ast_interpreter:IMPLEMENTED -> x64:IMPLEMENTED -> x86:IMPLEMENTED -> js:IMPLEMENTED -> wat:WASM_UNSUPPORTED -> wasm:WASM_UNSUPPORTED,codex-step1,lexer:IMPLEMENTED | parser:IMPLEMENTED | ast_contract:IMPLEMENTED | semantic:IMPLEMENTED | type_binding:MISSING | layout:MISSING | hir:IMPLEMENTED | mir:IMPLEMENTED | mir_verify:IMPLEMENTED,ast_interpreter:IMPLEMENTED,IMPLEMENTED,IMPLEMENTED,IMPLEMENTED,WASM_UNSUPPORTED,WASM_UNSUPPORTED,src/parser/parser/parser_expr.fbs,KEEP_GATE_COVERAGE
UXB-SURFACE-209,<=,expression_operator,lexer:IMPLEMENTED | parser:IMPLEMENTED | ast_contract:IMPLEMENTED | semantic:IMPLEMENTED | type_binding:MISSING | layout:IMPLEMENTED | hir:IMPLEMENTED | mir:IMPLEMENTED | mir_verify:IMPLEMENTED -> ast_interpreter:IMPLEMENTED | mir_interpreter:IMPLEMENTED | browser_runtime:IMPLEMENTED | library_binding:IMPLEMENTED -> x64:IMPLEMENTED -> x86:IMPLEMENTED -> js:IMPLEMENTED -> wat:IMPLEMENTED -> wasm:IMPLEMENTED,codex-step1,lexer:IMPLEMENTED | parser:IMPLEMENTED | ast_contract:IMPLEMENTED | semantic:IMPLEMENTED | type_binding:MISSING | layout:IMPLEMENTED | hir:IMPLEMENTED | mir:IMPLEMENTED | mir_verify:IMPLEMENTED,ast_interpreter:IMPLEMENTED | mir_interpreter:IMPLEMENTED | browser_runtime:IMPLEMENTED | library_binding:IMPLEMENTED,IMPLEMENTED,IMPLEMENTED,IMPLEMENTED,IMPLEMENTED,IMPLEMENTED,src/parser/parser/parser_expr.fbs,KEEP_GATE_COVERAGE
UXB-SURFACE-210,<>,expression_operator,lexer:IMPLEMENTED | parser:IMPLEMENTED | ast_contract:IMPLEMENTED | semantic:IMPLEMENTED | type_binding:IMPLEMENTED | layout:IMPLEMENTED | hir:IMPLEMENTED | mir:IMPLEMENTED | mir_verify:IMPLEMENTED -> ast_interpreter:IMPLEMENTED | mir_interpreter:IMPLEMENTED | browser_runtime:IMPLEMENTED -> x64:IMPLEMENTED -> x86:IMPLEMENTED -> js:IMPLEMENTED -> wat:IMPLEMENTED -> wasm:IMPLEMENTED,codex-step1,lexer:IMPLEMENTED | parser:IMPLEMENTED | ast_contract:IMPLEMENTED | semantic:IMPLEMENTED | type_binding:IMPLEMENTED | layout:IMPLEMENTED | hir:IMPLEMENTED | mir:IMPLEMENTED | mir_verify:IMPLEMENTED,ast_interpreter:IMPLEMENTED | mir_interpreter:IMPLEMENTED | browser_runtime:IMPLEMENTED,IMPLEMENTED,IMPLEMENTED,IMPLEMENTED,IMPLEMENTED,IMPLEMENTED,src/parser/parser/parser_expr.fbs,KEEP_GATE_COVERAGE
UXB-SURFACE-211,=,expression_operator,lexer:IMPLEMENTED | parser:IMPLEMENTED | ast_contract:IMPLEMENTED | semantic:IMPLEMENTED | type_binding:IMPLEMENTED | layout:IMPLEMENTED | hir:IMPLEMENTED | mir:IMPLEMENTED | mir_verify:IMPLEMENTED -> ast_interpreter:IMPLEMENTED | mir_interpreter:IMPLEMENTED | browser_runtime:IMPLEMENTED | library_binding:IMPLEMENTED -> x64:IMPLEMENTED -> x86:IMPLEMENTED -> js:IMPLEMENTED -> wat:IMPLEMENTED -> wasm:IMPLEMENTED,codex-step1,lexer:IMPLEMENTED | parser:IMPLEMENTED | ast_contract:IMPLEMENTED | semantic:IMPLEMENTED | type_binding:IMPLEMENTED | layout:IMPLEMENTED | hir:IMPLEMENTED | mir:IMPLEMENTED | mir_verify:IMPLEMENTED,ast_interpreter:IMPLEMENTED | mir_interpreter:IMPLEMENTED | browser_runtime:IMPLEMENTED | library_binding:IMPLEMENTED,IMPLEMENTED,IMPLEMENTED,IMPLEMENTED,IMPLEMENTED,IMPLEMENTED,src/parser/parser/parser_expr.fbs,KEEP_GATE_COVERAGE
UXB-SURFACE-212,>,expression_operator,lexer:IMPLEMENTED | parser:IMPLEMENTED | ast_contract:IMPLEMENTED | semantic:IMPLEMENTED | type_binding:IMPLEMENTED | layout:IMPLEMENTED | hir:IMPLEMENTED | mir:IMPLEMENTED | mir_verify:IMPLEMENTED -> ast_interpreter:IMPLEMENTED | mir_interpreter:IMPLEMENTED | browser_runtime:IMPLEMENTED | library_binding:IMPLEMENTED -> x64:IMPLEMENTED -> x86:IMPLEMENTED -> js:IMPLEMENTED -> wat:IMPLEMENTED -> wasm:IMPLEMENTED,codex-step1,lexer:IMPLEMENTED | parser:IMPLEMENTED | ast_contract:IMPLEMENTED | semantic:IMPLEMENTED | type_binding:IMPLEMENTED | layout:IMPLEMENTED | hir:IMPLEMENTED | mir:IMPLEMENTED | mir_verify:IMPLEMENTED,ast_interpreter:IMPLEMENTED | mir_interpreter:IMPLEMENTED | browser_runtime:IMPLEMENTED | library_binding:IMPLEMENTED,IMPLEMENTED,IMPLEMENTED,IMPLEMENTED,IMPLEMENTED,IMPLEMENTED,src/parser/parser/parser_expr.fbs,KEEP_GATE_COVERAGE
UXB-SURFACE-213,>=,expression_operator,lexer:IMPLEMENTED | parser:IMPLEMENTED | ast_contract:IMPLEMENTED | semantic:IMPLEMENTED | type_binding:IMPLEMENTED | layout:IMPLEMENTED | hir:IMPLEMENTED | mir:IMPLEMENTED | mir_verify:IMPLEMENTED -> ast_interpreter:IMPLEMENTED | mir_interpreter:IMPLEMENTED | browser_runtime:IMPLEMENTED | library_binding:IMPLEMENTED -> x64:IMPLEMENTED -> x86:IMPLEMENTED -> js:IMPLEMENTED -> wat:IMPLEMENTED -> wasm:IMPLEMENTED,codex-step1,lexer:IMPLEMENTED | parser:IMPLEMENTED | ast_contract:IMPLEMENTED | semantic:IMPLEMENTED | type_binding:IMPLEMENTED | layout:IMPLEMENTED | hir:IMPLEMENTED | mir:IMPLEMENTED | mir_verify:IMPLEMENTED,ast_interpreter:IMPLEMENTED | mir_interpreter:IMPLEMENTED | browser_runtime:IMPLEMENTED | library_binding:IMPLEMENTED,IMPLEMENTED,IMPLEMENTED,IMPLEMENTED,IMPLEMENTED,IMPLEMENTED,src/parser/parser/parser_expr.fbs,KEEP_GATE_COVERAGE
UXB-SURFACE-214,>>,expression_operator,lexer:IMPLEMENTED | parser:IMPLEMENTED | ast_contract:IMPLEMENTED | semantic:IMPLEMENTED | type_binding:MISSING | layout:MISSING | hir:IMPLEMENTED | mir:IMPLEMENTED | mir_verify:IMPLEMENTED -> ast_interpreter:IMPLEMENTED | browser_runtime:IMPLEMENTED -> x64:IMPLEMENTED -> x86:IMPLEMENTED -> js:IMPLEMENTED -> wat:WASM_UNSUPPORTED -> wasm:WASM_UNSUPPORTED,codex-step1,lexer:IMPLEMENTED | parser:IMPLEMENTED | ast_contract:IMPLEMENTED | semantic:IMPLEMENTED | type_binding:MISSING | layout:MISSING | hir:IMPLEMENTED | mir:IMPLEMENTED | mir_verify:IMPLEMENTED,ast_interpreter:IMPLEMENTED | browser_runtime:IMPLEMENTED,IMPLEMENTED,IMPLEMENTED,IMPLEMENTED,WASM_UNSUPPORTED,WASM_UNSUPPORTED,src/parser/parser/parser_expr.fbs,KEEP_GATE_COVERAGE
UXB-SURFACE-215,>>=,expression_operator,lexer:IMPLEMENTED | parser:IMPLEMENTED | ast_contract:IMPLEMENTED | semantic:IMPLEMENTED | type_binding:MISSING | layout:MISSING | hir:IMPLEMENTED | mir:IMPLEMENTED | mir_verify:IMPLEMENTED -> ast_interpreter:IMPLEMENTED -> x64:IMPLEMENTED -> x86:IMPLEMENTED -> js:IMPLEMENTED -> wat:WASM_UNSUPPORTED -> wasm:WASM_UNSUPPORTED,codex-step1,lexer:IMPLEMENTED | parser:IMPLEMENTED | ast_contract:IMPLEMENTED | semantic:IMPLEMENTED | type_binding:MISSING | layout:MISSING | hir:IMPLEMENTED | mir:IMPLEMENTED | mir_verify:IMPLEMENTED,ast_interpreter:IMPLEMENTED,IMPLEMENTED,IMPLEMENTED,IMPLEMENTED,WASM_UNSUPPORTED,WASM_UNSUPPORTED,src/parser/parser/parser_expr.fbs,KEEP_GATE_COVERAGE
UXB-SURFACE-216,@,expression_operator,lexer:IMPLEMENTED | parser:IMPLEMENTED | ast_contract:IMPLEMENTED | semantic:IMPLEMENTED | type_binding:MISSING | layout:MISSING | hir:IMPLEMENTED | mir:IMPLEMENTED | mir_verify:IMPLEMENTED -> ast_interpreter:IMPLEMENTED | browser_runtime:IMPLEMENTED | library_binding:IMPLEMENTED -> x64:IMPLEMENTED -> x86:IMPLEMENTED -> js:IMPLEMENTED -> wat:WASM_UNSUPPORTED -> wasm:WASM_UNSUPPORTED,codex-step1,lexer:IMPLEMENTED | parser:IMPLEMENTED | ast_contract:IMPLEMENTED | semantic:IMPLEMENTED | type_binding:MISSING | layout:MISSING | hir:IMPLEMENTED | mir:IMPLEMENTED | mir_verify:IMPLEMENTED,ast_interpreter:IMPLEMENTED | browser_runtime:IMPLEMENTED | library_binding:IMPLEMENTED,IMPLEMENTED,IMPLEMENTED,IMPLEMENTED,WASM_UNSUPPORTED,WASM_UNSUPPORTED,src/parser/parser/parser_expr.fbs,KEEP_GATE_COVERAGE
UXB-SURFACE-217,AND,expression_operator,lexer:IMPLEMENTED | parser:IMPLEMENTED | ast_contract:IMPLEMENTED | semantic:IMPLEMENTED | type_binding:IMPLEMENTED | layout:IMPLEMENTED | hir:IMPLEMENTED | mir:IMPLEMENTED | mir_verify:IMPLEMENTED -> ast_interpreter:IMPLEMENTED | mir_interpreter:IMPLEMENTED | browser_runtime:IMPLEMENTED | library_binding:IMPLEMENTED -> x64:IMPLEMENTED -> x86:IMPLEMENTED -> js:IMPLEMENTED -> wat:WASM_UNSUPPORTED -> wasm:WASM_UNSUPPORTED,codex-step1,lexer:IMPLEMENTED | parser:IMPLEMENTED | ast_contract:IMPLEMENTED | semantic:IMPLEMENTED | type_binding:IMPLEMENTED | layout:IMPLEMENTED | hir:IMPLEMENTED | mir:IMPLEMENTED | mir_verify:IMPLEMENTED,ast_interpreter:IMPLEMENTED | mir_interpreter:IMPLEMENTED | browser_runtime:IMPLEMENTED | library_binding:IMPLEMENTED,IMPLEMENTED,IMPLEMENTED,IMPLEMENTED,WASM_UNSUPPORTED,WASM_UNSUPPORTED,src/parser/parser/parser_expr.fbs,KEEP_GATE_COVERAGE
UXB-SURFACE-218,MOD,expression_operator,lexer:IMPLEMENTED | parser:IMPLEMENTED | ast_contract:IMPLEMENTED | semantic:IMPLEMENTED | type_binding:MISSING | layout:IMPLEMENTED | hir:IMPLEMENTED | mir:IMPLEMENTED | mir_verify:IMPLEMENTED -> ast_interpreter:IMPLEMENTED | mir_interpreter:IMPLEMENTED | browser_runtime:IMPLEMENTED | library_binding:IMPLEMENTED -> x64:IMPLEMENTED -> x86:IMPLEMENTED -> js:IMPLEMENTED -> wat:WASM_UNSUPPORTED -> wasm:WASM_UNSUPPORTED,codex-step1,lexer:IMPLEMENTED | parser:IMPLEMENTED | ast_contract:IMPLEMENTED | semantic:IMPLEMENTED | type_binding:MISSING | layout:IMPLEMENTED | hir:IMPLEMENTED | mir:IMPLEMENTED | mir_verify:IMPLEMENTED,ast_interpreter:IMPLEMENTED | mir_interpreter:IMPLEMENTED | browser_runtime:IMPLEMENTED | library_binding:IMPLEMENTED,IMPLEMENTED,IMPLEMENTED,IMPLEMENTED,WASM_UNSUPPORTED,WASM_UNSUPPORTED,src/parser/parser/parser_expr.fbs,KEEP_GATE_COVERAGE
UXB-SURFACE-219,NOT,expression_operator,lexer:IMPLEMENTED | parser:IMPLEMENTED | ast_contract:IMPLEMENTED | semantic:IMPLEMENTED | type_binding:MISSING | layout:IMPLEMENTED | hir:IMPLEMENTED | mir:IMPLEMENTED | mir_verify:IMPLEMENTED -> ast_interpreter:IMPLEMENTED | mir_interpreter:IMPLEMENTED | browser_runtime:IMPLEMENTED | library_binding:IMPLEMENTED -> x64:IMPLEMENTED -> x86:IMPLEMENTED -> js:IMPLEMENTED -> wat:WASM_UNSUPPORTED -> wasm:WASM_UNSUPPORTED,codex-step1,lexer:IMPLEMENTED | parser:IMPLEMENTED | ast_contract:IMPLEMENTED | semantic:IMPLEMENTED | type_binding:MISSING | layout:IMPLEMENTED | hir:IMPLEMENTED | mir:IMPLEMENTED | mir_verify:IMPLEMENTED,ast_interpreter:IMPLEMENTED | mir_interpreter:IMPLEMENTED | browser_runtime:IMPLEMENTED | library_binding:IMPLEMENTED,IMPLEMENTED,IMPLEMENTED,IMPLEMENTED,WASM_UNSUPPORTED,WASM_UNSUPPORTED,src/parser/parser/parser_expr.fbs,KEEP_GATE_COVERAGE
UXB-SURFACE-220,OR,expression_operator,lexer:IMPLEMENTED | parser:IMPLEMENTED | ast_contract:IMPLEMENTED | semantic:IMPLEMENTED | type_binding:IMPLEMENTED | layout:IMPLEMENTED | hir:IMPLEMENTED | mir:IMPLEMENTED | mir_verify:IMPLEMENTED -> ast_interpreter:IMPLEMENTED | mir_interpreter:IMPLEMENTED | browser_runtime:IMPLEMENTED | library_binding:IMPLEMENTED -> x64:IMPLEMENTED -> x86:IMPLEMENTED -> js:IMPLEMENTED -> wat:WASM_UNSUPPORTED -> wasm:WASM_UNSUPPORTED,codex-step1,lexer:IMPLEMENTED | parser:IMPLEMENTED | ast_contract:IMPLEMENTED | semantic:IMPLEMENTED | type_binding:IMPLEMENTED | layout:IMPLEMENTED | hir:IMPLEMENTED | mir:IMPLEMENTED | mir_verify:IMPLEMENTED,ast_interpreter:IMPLEMENTED | mir_interpreter:IMPLEMENTED | browser_runtime:IMPLEMENTED | library_binding:IMPLEMENTED,IMPLEMENTED,IMPLEMENTED,IMPLEMENTED,WASM_UNSUPPORTED,WASM_UNSUPPORTED,src/parser/parser/parser_expr.fbs,KEEP_GATE_COVERAGE
UXB-SURFACE-221,ROL,expression_operator,lexer:IMPLEMENTED | parser:IMPLEMENTED | ast_contract:IMPLEMENTED | semantic:IMPLEMENTED | type_binding:MISSING | layout:MISSING | hir:IMPLEMENTED | mir:IMPLEMENTED | mir_verify:IMPLEMENTED -> ast_interpreter:IMPLEMENTED | mir_interpreter:IMPLEMENTED | browser_runtime:IMPLEMENTED | library_binding:IMPLEMENTED -> x64:IMPLEMENTED -> x86:IMPLEMENTED -> js:IMPLEMENTED -> wat:WASM_UNSUPPORTED -> wasm:WASM_UNSUPPORTED,codex-step1,lexer:IMPLEMENTED | parser:IMPLEMENTED | ast_contract:IMPLEMENTED | semantic:IMPLEMENTED | type_binding:MISSING | layout:MISSING | hir:IMPLEMENTED | mir:IMPLEMENTED | mir_verify:IMPLEMENTED,ast_interpreter:IMPLEMENTED | mir_interpreter:IMPLEMENTED | browser_runtime:IMPLEMENTED | library_binding:IMPLEMENTED,IMPLEMENTED,IMPLEMENTED,IMPLEMENTED,WASM_UNSUPPORTED,WASM_UNSUPPORTED,src/parser/parser/parser_expr.fbs,KEEP_GATE_COVERAGE
UXB-SURFACE-222,ROR,expression_operator,lexer:IMPLEMENTED | parser:IMPLEMENTED | ast_contract:IMPLEMENTED | semantic:IMPLEMENTED | type_binding:MISSING | layout:IMPLEMENTED | hir:IMPLEMENTED | mir:IMPLEMENTED | mir_verify:IMPLEMENTED -> ast_interpreter:IMPLEMENTED | mir_interpreter:IMPLEMENTED | browser_runtime:IMPLEMENTED | library_binding:IMPLEMENTED -> x64:IMPLEMENTED -> x86:IMPLEMENTED -> js:IMPLEMENTED -> wat:WASM_UNSUPPORTED -> wasm:WASM_UNSUPPORTED,codex-step1,lexer:IMPLEMENTED | parser:IMPLEMENTED | ast_contract:IMPLEMENTED | semantic:IMPLEMENTED | type_binding:MISSING | layout:IMPLEMENTED | hir:IMPLEMENTED | mir:IMPLEMENTED | mir_verify:IMPLEMENTED,ast_interpreter:IMPLEMENTED | mir_interpreter:IMPLEMENTED | browser_runtime:IMPLEMENTED | library_binding:IMPLEMENTED,IMPLEMENTED,IMPLEMENTED,IMPLEMENTED,WASM_UNSUPPORTED,WASM_UNSUPPORTED,src/parser/parser/parser_expr.fbs,KEEP_GATE_COVERAGE
UXB-SURFACE-223,SHL,expression_operator,lexer:IMPLEMENTED | parser:IMPLEMENTED | ast_contract:IMPLEMENTED | semantic:IMPLEMENTED | type_binding:MISSING | layout:MISSING | hir:IMPLEMENTED | mir:IMPLEMENTED | mir_verify:IMPLEMENTED -> ast_interpreter:IMPLEMENTED | mir_interpreter:IMPLEMENTED | browser_runtime:IMPLEMENTED -> x64:IMPLEMENTED -> x86:IMPLEMENTED -> js:IMPLEMENTED -> wat:WASM_UNSUPPORTED -> wasm:WASM_UNSUPPORTED,codex-step1,lexer:IMPLEMENTED | parser:IMPLEMENTED | ast_contract:IMPLEMENTED | semantic:IMPLEMENTED | type_binding:MISSING | layout:MISSING | hir:IMPLEMENTED | mir:IMPLEMENTED | mir_verify:IMPLEMENTED,ast_interpreter:IMPLEMENTED | mir_interpreter:IMPLEMENTED | browser_runtime:IMPLEMENTED,IMPLEMENTED,IMPLEMENTED,IMPLEMENTED,WASM_UNSUPPORTED,WASM_UNSUPPORTED,src/parser/parser/parser_expr.fbs,KEEP_GATE_COVERAGE
UXB-SURFACE-224,SHR,expression_operator,lexer:IMPLEMENTED | parser:IMPLEMENTED | ast_contract:IMPLEMENTED | semantic:IMPLEMENTED | type_binding:MISSING | layout:MISSING | hir:IMPLEMENTED | mir:IMPLEMENTED | mir_verify:IMPLEMENTED -> ast_interpreter:IMPLEMENTED | mir_interpreter:IMPLEMENTED | browser_runtime:IMPLEMENTED -> x64:IMPLEMENTED -> x86:IMPLEMENTED -> js:IMPLEMENTED -> wat:WASM_UNSUPPORTED -> wasm:WASM_UNSUPPORTED,codex-step1,lexer:IMPLEMENTED | parser:IMPLEMENTED | ast_contract:IMPLEMENTED | semantic:IMPLEMENTED | type_binding:MISSING | layout:MISSING | hir:IMPLEMENTED | mir:IMPLEMENTED | mir_verify:IMPLEMENTED,ast_interpreter:IMPLEMENTED | mir_interpreter:IMPLEMENTED | browser_runtime:IMPLEMENTED,IMPLEMENTED,IMPLEMENTED,IMPLEMENTED,WASM_UNSUPPORTED,WASM_UNSUPPORTED,src/parser/parser/parser_expr.fbs,KEEP_GATE_COVERAGE
UXB-SURFACE-225,XOR,expression_operator,lexer:IMPLEMENTED | parser:IMPLEMENTED | ast_contract:IMPLEMENTED | semantic:IMPLEMENTED | type_binding:MISSING | layout:MISSING | hir:IMPLEMENTED | mir:IMPLEMENTED | mir_verify:IMPLEMENTED -> ast_interpreter:IMPLEMENTED | mir_interpreter:IMPLEMENTED | browser_runtime:IMPLEMENTED -> x64:IMPLEMENTED -> x86:IMPLEMENTED -> js:IMPLEMENTED -> wat:WASM_UNSUPPORTED -> wasm:WASM_UNSUPPORTED,codex-step1,lexer:IMPLEMENTED | parser:IMPLEMENTED | ast_contract:IMPLEMENTED | semantic:IMPLEMENTED | type_binding:MISSING | layout:MISSING | hir:IMPLEMENTED | mir:IMPLEMENTED | mir_verify:IMPLEMENTED,ast_interpreter:IMPLEMENTED | mir_interpreter:IMPLEMENTED | browser_runtime:IMPLEMENTED,IMPLEMENTED,IMPLEMENTED,IMPLEMENTED,WASM_UNSUPPORTED,WASM_UNSUPPORTED,src/parser/parser/parser_expr.fbs,KEEP_GATE_COVERAGE
UXB-SURFACE-226,[,expression_operator,lexer:IMPLEMENTED | parser:IMPLEMENTED | ast_contract:IMPLEMENTED | semantic:IMPLEMENTED | type_binding:MISSING | layout:MISSING | hir:IMPLEMENTED | mir:IMPLEMENTED | mir_verify:IMPLEMENTED -> ast_interpreter:IMPLEMENTED | mir_interpreter:IMPLEMENTED | browser_runtime:IMPLEMENTED | library_binding:IMPLEMENTED -> x64:IMPLEMENTED -> x86:IMPLEMENTED -> js:IMPLEMENTED -> wat:WASM_UNSUPPORTED -> wasm:WASM_UNSUPPORTED,codex-step1,lexer:IMPLEMENTED | parser:IMPLEMENTED | ast_contract:IMPLEMENTED | semantic:IMPLEMENTED | type_binding:MISSING | layout:MISSING | hir:IMPLEMENTED | mir:IMPLEMENTED | mir_verify:IMPLEMENTED,ast_interpreter:IMPLEMENTED | mir_interpreter:IMPLEMENTED | browser_runtime:IMPLEMENTED | library_binding:IMPLEMENTED,IMPLEMENTED,IMPLEMENTED,IMPLEMENTED,WASM_UNSUPPORTED,WASM_UNSUPPORTED,src/parser/parser/parser_stmt_dispatch.fbs,KEEP_GATE_COVERAGE
UXB-SURFACE-227,\,expression_operator,lexer:IMPLEMENTED | parser:IMPLEMENTED | ast_contract:IMPLEMENTED | semantic:IMPLEMENTED | type_binding:MISSING | layout:IMPLEMENTED | hir:IMPLEMENTED | mir:IMPLEMENTED | mir_verify:IMPLEMENTED -> ast_interpreter:IMPLEMENTED | mir_interpreter:IMPLEMENTED | browser_runtime:IMPLEMENTED | library_binding:IMPLEMENTED -> x64:IMPLEMENTED -> x86:IMPLEMENTED -> js:IMPLEMENTED -> wat:IMPLEMENTED -> wasm:IMPLEMENTED,codex-step1,lexer:IMPLEMENTED | parser:IMPLEMENTED | ast_contract:IMPLEMENTED | semantic:IMPLEMENTED | type_binding:MISSING | layout:IMPLEMENTED | hir:IMPLEMENTED | mir:IMPLEMENTED | mir_verify:IMPLEMENTED,ast_interpreter:IMPLEMENTED | mir_interpreter:IMPLEMENTED | browser_runtime:IMPLEMENTED | library_binding:IMPLEMENTED,IMPLEMENTED,IMPLEMENTED,IMPLEMENTED,IMPLEMENTED,IMPLEMENTED,src/parser/parser/parser_expr.fbs,KEEP_GATE_COVERAGE
UXB-SURFACE-228,\=,expression_operator,lexer:IMPLEMENTED | parser:IMPLEMENTED | ast_contract:IMPLEMENTED | semantic:IMPLEMENTED | type_binding:MISSING | layout:MISSING | hir:IMPLEMENTED | mir:IMPLEMENTED | mir_verify:IMPLEMENTED -> ast_interpreter:IMPLEMENTED | browser_runtime:IMPLEMENTED -> x64:IMPLEMENTED -> x86:IMPLEMENTED -> js:IMPLEMENTED -> wat:WASM_UNSUPPORTED -> wasm:WASM_UNSUPPORTED,codex-step1,lexer:IMPLEMENTED | parser:IMPLEMENTED | ast_contract:IMPLEMENTED | semantic:IMPLEMENTED | type_binding:MISSING | layout:MISSING | hir:IMPLEMENTED | mir:IMPLEMENTED | mir_verify:IMPLEMENTED,ast_interpreter:IMPLEMENTED | browser_runtime:IMPLEMENTED,IMPLEMENTED,IMPLEMENTED,IMPLEMENTED,WASM_UNSUPPORTED,WASM_UNSUPPORTED,src/parser/parser/parser_expr.fbs,KEEP_GATE_COVERAGE
UXB-SURFACE-229,],expression_operator,lexer:IMPLEMENTED | parser:IMPLEMENTED | ast_contract:IMPLEMENTED | semantic:IMPLEMENTED | type_binding:MISSING | layout:MISSING | hir:IMPLEMENTED | mir:IMPLEMENTED | mir_verify:IMPLEMENTED -> ast_interpreter:IMPLEMENTED | mir_interpreter:IMPLEMENTED | browser_runtime:IMPLEMENTED | library_binding:IMPLEMENTED -> x64:IMPLEMENTED -> x86:IMPLEMENTED -> js:IMPLEMENTED -> wat:WASM_UNSUPPORTED -> wasm:WASM_UNSUPPORTED,codex-step1,lexer:IMPLEMENTED | parser:IMPLEMENTED | ast_contract:IMPLEMENTED | semantic:IMPLEMENTED | type_binding:MISSING | layout:MISSING | hir:IMPLEMENTED | mir:IMPLEMENTED | mir_verify:IMPLEMENTED,ast_interpreter:IMPLEMENTED | mir_interpreter:IMPLEMENTED | browser_runtime:IMPLEMENTED | library_binding:IMPLEMENTED,IMPLEMENTED,IMPLEMENTED,IMPLEMENTED,WASM_UNSUPPORTED,WASM_UNSUPPORTED,src/parser/parser/parser_stmt_dispatch.fbs,KEEP_GATE_COVERAGE
UXB-SURFACE-230,^,expression_operator,lexer:IMPLEMENTED | parser:IMPLEMENTED | ast_contract:IMPLEMENTED | semantic:IMPLEMENTED | type_binding:MISSING | layout:MISSING | hir:IMPLEMENTED | mir:IMPLEMENTED | mir_verify:IMPLEMENTED -> ast_interpreter:IMPLEMENTED | browser_runtime:IMPLEMENTED -> x64:IMPLEMENTED -> x86:IMPLEMENTED -> js:IMPLEMENTED -> wat:WASM_UNSUPPORTED -> wasm:WASM_UNSUPPORTED,codex-step1,lexer:IMPLEMENTED | parser:IMPLEMENTED | ast_contract:IMPLEMENTED | semantic:IMPLEMENTED | type_binding:MISSING | layout:MISSING | hir:IMPLEMENTED | mir:IMPLEMENTED | mir_verify:IMPLEMENTED,ast_interpreter:IMPLEMENTED | browser_runtime:IMPLEMENTED,IMPLEMENTED,IMPLEMENTED,IMPLEMENTED,WASM_UNSUPPORTED,WASM_UNSUPPORTED,src/parser/parser/parser_expr.fbs,KEEP_GATE_COVERAGE
UXB-SURFACE-231,^=,expression_operator,lexer:IMPLEMENTED | parser:IMPLEMENTED | ast_contract:IMPLEMENTED | semantic:IMPLEMENTED | type_binding:MISSING | layout:MISSING | hir:IMPLEMENTED | mir:IMPLEMENTED | mir_verify:IMPLEMENTED -> ast_interpreter:IMPLEMENTED -> x64:IMPLEMENTED -> x86:IMPLEMENTED -> js:IMPLEMENTED -> wat:WASM_UNSUPPORTED -> wasm:WASM_UNSUPPORTED,codex-step1,lexer:IMPLEMENTED | parser:IMPLEMENTED | ast_contract:IMPLEMENTED | semantic:IMPLEMENTED | type_binding:MISSING | layout:MISSING | hir:IMPLEMENTED | mir:IMPLEMENTED | mir_verify:IMPLEMENTED,ast_interpreter:IMPLEMENTED,IMPLEMENTED,IMPLEMENTED,IMPLEMENTED,WASM_UNSUPPORTED,WASM_UNSUPPORTED,src/parser/parser/parser_expr.fbs,KEEP_GATE_COVERAGE
UXB-SURFACE-232,|,expression_operator,lexer:IMPLEMENTED | parser:IMPLEMENTED | ast_contract:IMPLEMENTED | semantic:IMPLEMENTED | type_binding:MISSING | layout:MISSING | hir:IMPLEMENTED | mir:IMPLEMENTED | mir_verify:IMPLEMENTED -> ast_interpreter:IMPLEMENTED | browser_runtime:IMPLEMENTED | library_binding:IMPLEMENTED -> x64:IMPLEMENTED -> x86:IMPLEMENTED -> js:IMPLEMENTED -> wat:WASM_UNSUPPORTED -> wasm:WASM_UNSUPPORTED,codex-step1,lexer:IMPLEMENTED | parser:IMPLEMENTED | ast_contract:IMPLEMENTED | semantic:IMPLEMENTED | type_binding:MISSING | layout:MISSING | hir:IMPLEMENTED | mir:IMPLEMENTED | mir_verify:IMPLEMENTED,ast_interpreter:IMPLEMENTED | browser_runtime:IMPLEMENTED | library_binding:IMPLEMENTED,IMPLEMENTED,IMPLEMENTED,IMPLEMENTED,WASM_UNSUPPORTED,WASM_UNSUPPORTED,src/parser/parser/parser_expr.fbs,KEEP_GATE_COVERAGE
UXB-SURFACE-233,|=,expression_operator,lexer:IMPLEMENTED | parser:IMPLEMENTED | ast_contract:IMPLEMENTED | semantic:IMPLEMENTED | type_binding:MISSING | layout:MISSING | hir:IMPLEMENTED | mir:IMPLEMENTED | mir_verify:IMPLEMENTED -> ast_interpreter:IMPLEMENTED -> x64:IMPLEMENTED -> x86:IMPLEMENTED -> js:IMPLEMENTED -> wat:WASM_UNSUPPORTED -> wasm:WASM_UNSUPPORTED,codex-step1,lexer:IMPLEMENTED | parser:IMPLEMENTED | ast_contract:IMPLEMENTED | semantic:IMPLEMENTED | type_binding:MISSING | layout:MISSING | hir:IMPLEMENTED | mir:IMPLEMENTED | mir_verify:IMPLEMENTED,ast_interpreter:IMPLEMENTED,IMPLEMENTED,IMPLEMENTED,IMPLEMENTED,WASM_UNSUPPORTED,WASM_UNSUPPORTED,src/parser/parser/parser_expr.fbs,KEEP_GATE_COVERAGE
UXB-SURFACE-234,CALL,basic_statement,lexer:IMPLEMENTED | parser:IMPLEMENTED | ast_contract:IMPLEMENTED | semantic:IMPLEMENTED | type_binding:MISSING | layout:IMPLEMENTED | hir:IMPLEMENTED | mir:IMPLEMENTED | mir_verify:IMPLEMENTED -> ast_interpreter:IMPLEMENTED | mir_interpreter:IMPLEMENTED | browser_runtime:IMPLEMENTED | library_binding:IMPLEMENTED -> x64:IMPLEMENTED -> x86:IMPLEMENTED -> js:IMPLEMENTED -> wat:WASM_UNSUPPORTED -> wasm:WASM_UNSUPPORTED,codex-step1,lexer:IMPLEMENTED | parser:IMPLEMENTED | ast_contract:IMPLEMENTED | semantic:IMPLEMENTED | type_binding:MISSING | layout:IMPLEMENTED | hir:IMPLEMENTED | mir:IMPLEMENTED | mir_verify:IMPLEMENTED,ast_interpreter:IMPLEMENTED | mir_interpreter:IMPLEMENTED | browser_runtime:IMPLEMENTED | library_binding:IMPLEMENTED,IMPLEMENTED,IMPLEMENTED,IMPLEMENTED,WASM_UNSUPPORTED,WASM_UNSUPPORTED,src/parser/parser/parser_expr.fbs,KEEP_GATE_COVERAGE
UXB-SURFACE-235,CLASS,basic_statement,lexer:IMPLEMENTED | parser:IMPLEMENTED | ast_contract:IMPLEMENTED | semantic:IMPLEMENTED | type_binding:IMPLEMENTED | layout:IMPLEMENTED | hir:IMPLEMENTED | mir:IMPLEMENTED | mir_verify:IMPLEMENTED -> ast_interpreter:IMPLEMENTED | mir_interpreter:IMPLEMENTED | browser_runtime:IMPLEMENTED -> x64:IMPLEMENTED -> x86:IMPLEMENTED -> js:IMPLEMENTED -> wat:WASM_UNSUPPORTED -> wasm:WASM_UNSUPPORTED,codex-step1,lexer:IMPLEMENTED | parser:IMPLEMENTED | ast_contract:IMPLEMENTED | semantic:IMPLEMENTED | type_binding:IMPLEMENTED | layout:IMPLEMENTED | hir:IMPLEMENTED | mir:IMPLEMENTED | mir_verify:IMPLEMENTED,ast_interpreter:IMPLEMENTED | mir_interpreter:IMPLEMENTED | browser_runtime:IMPLEMENTED,IMPLEMENTED,IMPLEMENTED,IMPLEMENTED,WASM_UNSUPPORTED,WASM_UNSUPPORTED,src/parser/parser/parser_expr.fbs,KEEP_GATE_COVERAGE
UXB-SURFACE-236,CONSTRUCTOR,basic_statement,lexer:IMPLEMENTED | parser:IMPLEMENTED | ast_contract:IMPLEMENTED | semantic:IMPLEMENTED | type_binding:MISSING | layout:MISSING | hir:IMPLEMENTED | mir:IMPLEMENTED | mir_verify:IMPLEMENTED -> ast_interpreter:IMPLEMENTED | mir_interpreter:IMPLEMENTED | browser_runtime:IMPLEMENTED -> x64:IMPLEMENTED -> x86:IMPLEMENTED -> js:IMPLEMENTED -> wat:WASM_UNSUPPORTED -> wasm:WASM_UNSUPPORTED,codex-step1,lexer:IMPLEMENTED | parser:IMPLEMENTED | ast_contract:IMPLEMENTED | semantic:IMPLEMENTED | type_binding:MISSING | layout:MISSING | hir:IMPLEMENTED | mir:IMPLEMENTED | mir_verify:IMPLEMENTED,ast_interpreter:IMPLEMENTED | mir_interpreter:IMPLEMENTED | browser_runtime:IMPLEMENTED,IMPLEMENTED,IMPLEMENTED,IMPLEMENTED,WASM_UNSUPPORTED,WASM_UNSUPPORTED,src/parser/parser/parser_stmt_decl_class_method.fbs,KEEP_GATE_COVERAGE
UXB-SURFACE-237,DECLARE,basic_statement,lexer:IMPLEMENTED | parser:IMPLEMENTED | ast_contract:IMPLEMENTED | semantic:IMPLEMENTED | type_binding:MISSING | layout:MISSING | hir:IMPLEMENTED | mir:IMPLEMENTED | mir_verify:IMPLEMENTED -> ast_interpreter:IMPLEMENTED | mir_interpreter:IMPLEMENTED | browser_runtime:IMPLEMENTED | library_binding:IMPLEMENTED -> x64:IMPLEMENTED -> x86:IMPLEMENTED -> js:IMPLEMENTED -> wat:IMPLEMENTED -> wasm:IMPLEMENTED,codex-step1,lexer:IMPLEMENTED | parser:IMPLEMENTED | ast_contract:IMPLEMENTED | semantic:IMPLEMENTED | type_binding:MISSING | layout:MISSING | hir:IMPLEMENTED | mir:IMPLEMENTED | mir_verify:IMPLEMENTED,ast_interpreter:IMPLEMENTED | mir_interpreter:IMPLEMENTED | browser_runtime:IMPLEMENTED | library_binding:IMPLEMENTED,IMPLEMENTED,IMPLEMENTED,IMPLEMENTED,IMPLEMENTED,IMPLEMENTED,src/parser/parser/parser_expr.fbs,KEEP_COMPILE_TIME_CONTRACT
UXB-SURFACE-238,DELETE,basic_statement,lexer:IMPLEMENTED | parser:IMPLEMENTED | ast_contract:IMPLEMENTED | semantic:IMPLEMENTED | type_binding:MISSING | layout:MISSING | hir:IMPLEMENTED | mir:IMPLEMENTED | mir_verify:IMPLEMENTED -> ast_interpreter:IMPLEMENTED | browser_runtime:IMPLEMENTED -> x64:IMPLEMENTED -> x86:IMPLEMENTED -> js:IMPLEMENTED -> wat:WASM_UNSUPPORTED -> wasm:WASM_UNSUPPORTED,codex-step1,lexer:IMPLEMENTED | parser:IMPLEMENTED | ast_contract:IMPLEMENTED | semantic:IMPLEMENTED | type_binding:MISSING | layout:MISSING | hir:IMPLEMENTED | mir:IMPLEMENTED | mir_verify:IMPLEMENTED,ast_interpreter:IMPLEMENTED | browser_runtime:IMPLEMENTED,IMPLEMENTED,IMPLEMENTED,IMPLEMENTED,WASM_UNSUPPORTED,WASM_UNSUPPORTED,src/parser/parser/parser_stmt_basic.fbs,KEEP_GATE_COVERAGE
UXB-SURFACE-239,DESTRUCTOR,basic_statement,lexer:IMPLEMENTED | parser:IMPLEMENTED | ast_contract:IMPLEMENTED | semantic:IMPLEMENTED | type_binding:MISSING | layout:MISSING | hir:IMPLEMENTED | mir:IMPLEMENTED | mir_verify:IMPLEMENTED -> ast_interpreter:IMPLEMENTED | browser_runtime:IMPLEMENTED -> x64:IMPLEMENTED -> x86:IMPLEMENTED -> js:IMPLEMENTED -> wat:WASM_UNSUPPORTED -> wasm:WASM_UNSUPPORTED,codex-step1,lexer:IMPLEMENTED | parser:IMPLEMENTED | ast_contract:IMPLEMENTED | semantic:IMPLEMENTED | type_binding:MISSING | layout:MISSING | hir:IMPLEMENTED | mir:IMPLEMENTED | mir_verify:IMPLEMENTED,ast_interpreter:IMPLEMENTED | browser_runtime:IMPLEMENTED,IMPLEMENTED,IMPLEMENTED,IMPLEMENTED,WASM_UNSUPPORTED,WASM_UNSUPPORTED,src/parser/parser/parser_stmt_decl_class_method.fbs,KEEP_GATE_COVERAGE
UXB-SURFACE-240,FUNCTION,basic_statement,lexer:IMPLEMENTED | parser:IMPLEMENTED | ast_contract:IMPLEMENTED | semantic:IMPLEMENTED | type_binding:IMPLEMENTED | layout:IMPLEMENTED | hir:IMPLEMENTED | mir:IMPLEMENTED | mir_verify:IMPLEMENTED -> ast_interpreter:IMPLEMENTED | mir_interpreter:IMPLEMENTED | browser_runtime:IMPLEMENTED | library_binding:IMPLEMENTED -> x64:IMPLEMENTED -> x86:IMPLEMENTED -> js:IMPLEMENTED -> wat:IMPLEMENTED -> wasm:IMPLEMENTED,codex-step1,lexer:IMPLEMENTED | parser:IMPLEMENTED | ast_contract:IMPLEMENTED | semantic:IMPLEMENTED | type_binding:IMPLEMENTED | layout:IMPLEMENTED | hir:IMPLEMENTED | mir:IMPLEMENTED | mir_verify:IMPLEMENTED,ast_interpreter:IMPLEMENTED | mir_interpreter:IMPLEMENTED | browser_runtime:IMPLEMENTED | library_binding:IMPLEMENTED,IMPLEMENTED,IMPLEMENTED,IMPLEMENTED,IMPLEMENTED,IMPLEMENTED,src/parser/parser/parser_expr.fbs,KEEP_GATE_COVERAGE
UXB-SURFACE-241,IMPLEMENTS,basic_statement,lexer:IMPLEMENTED | parser:IMPLEMENTED | ast_contract:IMPLEMENTED | semantic:IMPLEMENTED | type_binding:MISSING | layout:MISSING | hir:IMPLEMENTED | mir:IMPLEMENTED | mir_verify:IMPLEMENTED -> ast_interpreter:IMPLEMENTED | browser_runtime:IMPLEMENTED -> x64:IMPLEMENTED -> x86:IMPLEMENTED -> js:IMPLEMENTED -> wat:WASM_UNSUPPORTED -> wasm:WASM_UNSUPPORTED,codex-step1,lexer:IMPLEMENTED | parser:IMPLEMENTED | ast_contract:IMPLEMENTED | semantic:IMPLEMENTED | type_binding:MISSING | layout:MISSING | hir:IMPLEMENTED | mir:IMPLEMENTED | mir_verify:IMPLEMENTED,ast_interpreter:IMPLEMENTED | browser_runtime:IMPLEMENTED,IMPLEMENTED,IMPLEMENTED,IMPLEMENTED,WASM_UNSUPPORTED,WASM_UNSUPPORTED,src/parser/parser/parser_stmt_decl_core.fbs,KEEP_GATE_COVERAGE
UXB-SURFACE-242,INTERFACE,basic_statement,lexer:IMPLEMENTED | parser:IMPLEMENTED | ast_contract:IMPLEMENTED | semantic:IMPLEMENTED | type_binding:IMPLEMENTED | layout:MISSING | hir:IMPLEMENTED | mir:IMPLEMENTED | mir_verify:IMPLEMENTED -> ast_interpreter:IMPLEMENTED | browser_runtime:IMPLEMENTED -> x64:IMPLEMENTED -> x86:IMPLEMENTED -> js:IMPLEMENTED -> wat:WASM_UNSUPPORTED -> wasm:WASM_UNSUPPORTED,codex-step1,lexer:IMPLEMENTED | parser:IMPLEMENTED | ast_contract:IMPLEMENTED | semantic:IMPLEMENTED | type_binding:IMPLEMENTED | layout:MISSING | hir:IMPLEMENTED | mir:IMPLEMENTED | mir_verify:IMPLEMENTED,ast_interpreter:IMPLEMENTED | browser_runtime:IMPLEMENTED,IMPLEMENTED,IMPLEMENTED,IMPLEMENTED,WASM_UNSUPPORTED,WASM_UNSUPPORTED,src/parser/parser/parser_stmt_decl_core.fbs,KEEP_GATE_COVERAGE
UXB-SURFACE-243,METHOD,basic_statement,lexer:IMPLEMENTED | parser:IMPLEMENTED | ast_contract:IMPLEMENTED | semantic:IMPLEMENTED | type_binding:MISSING | layout:MISSING | hir:IMPLEMENTED | mir:IMPLEMENTED | mir_verify:IMPLEMENTED -> ast_interpreter:IMPLEMENTED | browser_runtime:IMPLEMENTED | library_binding:IMPLEMENTED -> x64:IMPLEMENTED -> x86:IMPLEMENTED -> js:IMPLEMENTED -> wat:WASM_UNSUPPORTED -> wasm:WASM_UNSUPPORTED,codex-step1,lexer:IMPLEMENTED | parser:IMPLEMENTED | ast_contract:IMPLEMENTED | semantic:IMPLEMENTED | type_binding:MISSING | layout:MISSING | hir:IMPLEMENTED | mir:IMPLEMENTED | mir_verify:IMPLEMENTED,ast_interpreter:IMPLEMENTED | browser_runtime:IMPLEMENTED | library_binding:IMPLEMENTED,IMPLEMENTED,IMPLEMENTED,IMPLEMENTED,WASM_UNSUPPORTED,WASM_UNSUPPORTED,src/parser/parser/parser_expr.fbs,KEEP_GATE_COVERAGE
UXB-SURFACE-244,NEW,basic_statement,lexer:IMPLEMENTED | parser:IMPLEMENTED | ast_contract:IMPLEMENTED | semantic:IMPLEMENTED | type_binding:MISSING | layout:MISSING | hir:IMPLEMENTED | mir:IMPLEMENTED | mir_verify:IMPLEMENTED -> ast_interpreter:IMPLEMENTED | mir_interpreter:IMPLEMENTED | browser_runtime:IMPLEMENTED | library_binding:IMPLEMENTED -> x64:IMPLEMENTED -> x86:IMPLEMENTED -> js:IMPLEMENTED -> wat:WASM_UNSUPPORTED -> wasm:WASM_UNSUPPORTED,codex-step1,lexer:IMPLEMENTED | parser:IMPLEMENTED | ast_contract:IMPLEMENTED | semantic:IMPLEMENTED | type_binding:MISSING | layout:MISSING | hir:IMPLEMENTED | mir:IMPLEMENTED | mir_verify:IMPLEMENTED,ast_interpreter:IMPLEMENTED | mir_interpreter:IMPLEMENTED | browser_runtime:IMPLEMENTED | library_binding:IMPLEMENTED,IMPLEMENTED,IMPLEMENTED,IMPLEMENTED,WASM_UNSUPPORTED,WASM_UNSUPPORTED,src/parser/parser/parser_expr.fbs,KEEP_GATE_COVERAGE
UXB-SURFACE-245,OPERATOR,basic_statement,lexer:IMPLEMENTED | parser:IMPLEMENTED | ast_contract:IMPLEMENTED | semantic:IMPLEMENTED | type_binding:MISSING | layout:MISSING | hir:IMPLEMENTED | mir:IMPLEMENTED | mir_verify:IMPLEMENTED -> ast_interpreter:IMPLEMENTED | browser_runtime:IMPLEMENTED -> x64:IMPLEMENTED -> x86:IMPLEMENTED -> js:IMPLEMENTED -> wat:WASM_UNSUPPORTED -> wasm:WASM_UNSUPPORTED,codex-step1,lexer:IMPLEMENTED | parser:IMPLEMENTED | ast_contract:IMPLEMENTED | semantic:IMPLEMENTED | type_binding:MISSING | layout:MISSING | hir:IMPLEMENTED | mir:IMPLEMENTED | mir_verify:IMPLEMENTED,ast_interpreter:IMPLEMENTED | browser_runtime:IMPLEMENTED,IMPLEMENTED,IMPLEMENTED,IMPLEMENTED,WASM_UNSUPPORTED,WASM_UNSUPPORTED,src/parser/parser/parser_stmt_decl_class_method.fbs,KEEP_GATE_COVERAGE
UXB-SURFACE-246,PROPERTY,basic_statement,lexer:IMPLEMENTED | parser:IMPLEMENTED | ast_contract:IMPLEMENTED | semantic:IMPLEMENTED | type_binding:MISSING | layout:IMPLEMENTED | hir:IMPLEMENTED | mir:IMPLEMENTED | mir_verify:IMPLEMENTED -> ast_interpreter:IMPLEMENTED | browser_runtime:IMPLEMENTED -> x64:IMPLEMENTED -> x86:IMPLEMENTED -> js:IMPLEMENTED -> wat:WASM_UNSUPPORTED -> wasm:WASM_UNSUPPORTED,codex-step1,lexer:IMPLEMENTED | parser:IMPLEMENTED | ast_contract:IMPLEMENTED | semantic:IMPLEMENTED | type_binding:MISSING | layout:IMPLEMENTED | hir:IMPLEMENTED | mir:IMPLEMENTED | mir_verify:IMPLEMENTED,ast_interpreter:IMPLEMENTED | browser_runtime:IMPLEMENTED,IMPLEMENTED,IMPLEMENTED,IMPLEMENTED,WASM_UNSUPPORTED,WASM_UNSUPPORTED,src/parser/parser/parser_stmt_decl_class_method.fbs,KEEP_GATE_COVERAGE
UXB-SURFACE-247,SUB,basic_statement,lexer:IMPLEMENTED | parser:IMPLEMENTED | ast_contract:IMPLEMENTED | semantic:IMPLEMENTED | type_binding:IMPLEMENTED | layout:IMPLEMENTED | hir:IMPLEMENTED | mir:IMPLEMENTED | mir_verify:IMPLEMENTED -> ast_interpreter:IMPLEMENTED | mir_interpreter:IMPLEMENTED | browser_runtime:IMPLEMENTED | library_binding:IMPLEMENTED -> x64:IMPLEMENTED -> x86:IMPLEMENTED -> js:IMPLEMENTED -> wat:WASM_UNSUPPORTED -> wasm:WASM_UNSUPPORTED,codex-step1,lexer:IMPLEMENTED | parser:IMPLEMENTED | ast_contract:IMPLEMENTED | semantic:IMPLEMENTED | type_binding:IMPLEMENTED | layout:IMPLEMENTED | hir:IMPLEMENTED | mir:IMPLEMENTED | mir_verify:IMPLEMENTED,ast_interpreter:IMPLEMENTED | mir_interpreter:IMPLEMENTED | browser_runtime:IMPLEMENTED | library_binding:IMPLEMENTED,IMPLEMENTED,IMPLEMENTED,IMPLEMENTED,WASM_UNSUPPORTED,WASM_UNSUPPORTED,src/parser/parser/parser_shared.fbs,KEEP_GATE_COVERAGE
UXB-SURFACE-248,TYPE,basic_statement,lexer:IMPLEMENTED | parser:IMPLEMENTED | ast_contract:IMPLEMENTED | semantic:IMPLEMENTED | type_binding:IMPLEMENTED | layout:IMPLEMENTED | hir:IMPLEMENTED | mir:IMPLEMENTED | mir_verify:IMPLEMENTED -> ast_interpreter:IMPLEMENTED | mir_interpreter:IMPLEMENTED | browser_runtime:IMPLEMENTED | library_binding:IMPLEMENTED -> x64:IMPLEMENTED -> x86:IMPLEMENTED -> js:IMPLEMENTED -> wat:WASM_UNSUPPORTED -> wasm:WASM_UNSUPPORTED,codex-step1,lexer:IMPLEMENTED | parser:IMPLEMENTED | ast_contract:IMPLEMENTED | semantic:IMPLEMENTED | type_binding:IMPLEMENTED | layout:IMPLEMENTED | hir:IMPLEMENTED | mir:IMPLEMENTED | mir_verify:IMPLEMENTED,ast_interpreter:IMPLEMENTED | mir_interpreter:IMPLEMENTED | browser_runtime:IMPLEMENTED | library_binding:IMPLEMENTED,IMPLEMENTED,IMPLEMENTED,IMPLEMENTED,WASM_UNSUPPORTED,WASM_UNSUPPORTED,src/parser/parser/parser_expr.fbs,KEEP_GATE_COVERAGE
UXB-SURFACE-249,BALL,data_type,lexer:IMPLEMENTED | parser:IMPLEMENTED | ast_contract:IMPLEMENTED | semantic:IMPLEMENTED | type_binding:IMPLEMENTED | layout:IMPLEMENTED | hir:IMPLEMENTED | mir:IMPLEMENTED | mir_verify:IMPLEMENTED -> ast_interpreter:IMPLEMENTED | browser_runtime:IMPLEMENTED | library_binding:IMPLEMENTED -> x64:IMPLEMENTED -> x86:IMPLEMENTED -> js:IMPLEMENTED -> wat:WASM_UNSUPPORTED -> wasm:WASM_UNSUPPORTED,codex-step1,lexer:IMPLEMENTED | parser:IMPLEMENTED | ast_contract:IMPLEMENTED | semantic:IMPLEMENTED | type_binding:IMPLEMENTED | layout:IMPLEMENTED | hir:IMPLEMENTED | mir:IMPLEMENTED | mir_verify:IMPLEMENTED,ast_interpreter:IMPLEMENTED | browser_runtime:IMPLEMENTED | library_binding:IMPLEMENTED,IMPLEMENTED,IMPLEMENTED,IMPLEMENTED,WASM_UNSUPPORTED,WASM_UNSUPPORTED,src/parser/parser/parser_shared.fbs,KEEP_GATE_COVERAGE
UXB-SURFACE-250,BIGD,data_type,lexer:IMPLEMENTED | parser:IMPLEMENTED | ast_contract:IMPLEMENTED | semantic:IMPLEMENTED | type_binding:IMPLEMENTED | layout:IMPLEMENTED | hir:IMPLEMENTED | mir:IMPLEMENTED | mir_verify:IMPLEMENTED -> ast_interpreter:IMPLEMENTED | browser_runtime:IMPLEMENTED | library_binding:IMPLEMENTED -> x64:IMPLEMENTED -> x86:IMPLEMENTED -> js:IMPLEMENTED -> wat:WASM_UNSUPPORTED -> wasm:WASM_UNSUPPORTED,codex-step1,lexer:IMPLEMENTED | parser:IMPLEMENTED | ast_contract:IMPLEMENTED | semantic:IMPLEMENTED | type_binding:IMPLEMENTED | layout:IMPLEMENTED | hir:IMPLEMENTED | mir:IMPLEMENTED | mir_verify:IMPLEMENTED,ast_interpreter:IMPLEMENTED | browser_runtime:IMPLEMENTED | library_binding:IMPLEMENTED,IMPLEMENTED,IMPLEMENTED,IMPLEMENTED,WASM_UNSUPPORTED,WASM_UNSUPPORTED,src/parser/parser/parser_shared.fbs,KEEP_GATE_COVERAGE
UXB-SURFACE-251,BIGF,data_type,lexer:IMPLEMENTED | parser:IMPLEMENTED | ast_contract:IMPLEMENTED | semantic:IMPLEMENTED | type_binding:IMPLEMENTED | layout:IMPLEMENTED | hir:IMPLEMENTED | mir:IMPLEMENTED | mir_verify:IMPLEMENTED -> ast_interpreter:IMPLEMENTED | browser_runtime:IMPLEMENTED | library_binding:IMPLEMENTED -> x64:IMPLEMENTED -> x86:IMPLEMENTED -> js:IMPLEMENTED -> wat:WASM_UNSUPPORTED -> wasm:WASM_UNSUPPORTED,codex-step1,lexer:IMPLEMENTED | parser:IMPLEMENTED | ast_contract:IMPLEMENTED | semantic:IMPLEMENTED | type_binding:IMPLEMENTED | layout:IMPLEMENTED | hir:IMPLEMENTED | mir:IMPLEMENTED | mir_verify:IMPLEMENTED,ast_interpreter:IMPLEMENTED | browser_runtime:IMPLEMENTED | library_binding:IMPLEMENTED,IMPLEMENTED,IMPLEMENTED,IMPLEMENTED,WASM_UNSUPPORTED,WASM_UNSUPPORTED,src/parser/parser/parser_shared.fbs,KEEP_GATE_COVERAGE
UXB-SURFACE-252,BOOLEAN,data_type,lexer:IMPLEMENTED | parser:IMPLEMENTED | ast_contract:IMPLEMENTED | semantic:IMPLEMENTED | type_binding:IMPLEMENTED | layout:IMPLEMENTED | hir:IMPLEMENTED | mir:IMPLEMENTED | mir_verify:IMPLEMENTED -> mir_interpreter:IMPLEMENTED | browser_runtime:IMPLEMENTED -> x64:IMPLEMENTED -> x86:IMPLEMENTED -> js:IMPLEMENTED -> wat:WASM_UNSUPPORTED -> wasm:WASM_UNSUPPORTED,codex-step1,lexer:IMPLEMENTED | parser:IMPLEMENTED | ast_contract:IMPLEMENTED | semantic:IMPLEMENTED | type_binding:IMPLEMENTED | layout:IMPLEMENTED | hir:IMPLEMENTED | mir:IMPLEMENTED | mir_verify:IMPLEMENTED,mir_interpreter:IMPLEMENTED | browser_runtime:IMPLEMENTED,IMPLEMENTED,IMPLEMENTED,IMPLEMENTED,WASM_UNSUPPORTED,WASM_UNSUPPORTED,src/parser/parser/parser_shared.fbs,KEEP_GATE_COVERAGE
UXB-SURFACE-253,BYTE,data_type,lexer:IMPLEMENTED | parser:IMPLEMENTED | ast_contract:IMPLEMENTED | semantic:IMPLEMENTED | type_binding:IMPLEMENTED | layout:IMPLEMENTED | hir:IMPLEMENTED | mir:IMPLEMENTED | mir_verify:IMPLEMENTED -> ast_interpreter:IMPLEMENTED | mir_interpreter:IMPLEMENTED | browser_runtime:IMPLEMENTED | library_binding:IMPLEMENTED -> x64:IMPLEMENTED -> x86:IMPLEMENTED -> js:IMPLEMENTED -> wat:WASM_UNSUPPORTED -> wasm:WASM_UNSUPPORTED,codex-step1,lexer:IMPLEMENTED | parser:IMPLEMENTED | ast_contract:IMPLEMENTED | semantic:IMPLEMENTED | type_binding:IMPLEMENTED | layout:IMPLEMENTED | hir:IMPLEMENTED | mir:IMPLEMENTED | mir_verify:IMPLEMENTED,ast_interpreter:IMPLEMENTED | mir_interpreter:IMPLEMENTED | browser_runtime:IMPLEMENTED | library_binding:IMPLEMENTED,IMPLEMENTED,IMPLEMENTED,IMPLEMENTED,WASM_UNSUPPORTED,WASM_UNSUPPORTED,src/parser/parser/parser_stmt_event_pipe.fbs,KEEP_GATE_COVERAGE
UXB-SURFACE-254,F128,data_type,lexer:IMPLEMENTED | parser:IMPLEMENTED | ast_contract:IMPLEMENTED | semantic:IMPLEMENTED | type_binding:IMPLEMENTED | layout:IMPLEMENTED | hir:IMPLEMENTED | mir:IMPLEMENTED | mir_verify:IMPLEMENTED -> ast_interpreter:IMPLEMENTED | browser_runtime:IMPLEMENTED | library_binding:IMPLEMENTED -> x64:IMPLEMENTED -> x86:IMPLEMENTED -> js:IMPLEMENTED -> wat:WASM_UNSUPPORTED -> wasm:WASM_UNSUPPORTED,codex-step1,lexer:IMPLEMENTED | parser:IMPLEMENTED | ast_contract:IMPLEMENTED | semantic:IMPLEMENTED | type_binding:IMPLEMENTED | layout:IMPLEMENTED | hir:IMPLEMENTED | mir:IMPLEMENTED | mir_verify:IMPLEMENTED,ast_interpreter:IMPLEMENTED | browser_runtime:IMPLEMENTED | library_binding:IMPLEMENTED,IMPLEMENTED,IMPLEMENTED,IMPLEMENTED,WASM_UNSUPPORTED,WASM_UNSUPPORTED,src/parser/parser/parser_shared.fbs,KEEP_GATE_COVERAGE
UXB-SURFACE-255,F32,data_type,lexer:IMPLEMENTED | parser:IMPLEMENTED | ast_contract:IMPLEMENTED | semantic:IMPLEMENTED | type_binding:IMPLEMENTED | layout:IMPLEMENTED | hir:IMPLEMENTED | mir:IMPLEMENTED | mir_verify:IMPLEMENTED -> ast_interpreter:IMPLEMENTED | browser_runtime:IMPLEMENTED -> x64:IMPLEMENTED -> x86:IMPLEMENTED -> js:IMPLEMENTED -> wat:IMPLEMENTED -> wasm:IMPLEMENTED,codex-step1,lexer:IMPLEMENTED | parser:IMPLEMENTED | ast_contract:IMPLEMENTED | semantic:IMPLEMENTED | type_binding:IMPLEMENTED | layout:IMPLEMENTED | hir:IMPLEMENTED | mir:IMPLEMENTED | mir_verify:IMPLEMENTED,ast_interpreter:IMPLEMENTED | browser_runtime:IMPLEMENTED,IMPLEMENTED,IMPLEMENTED,IMPLEMENTED,IMPLEMENTED,IMPLEMENTED,src/parser/parser/parser_shared.fbs,KEEP_GATE_COVERAGE
UXB-SURFACE-256,F64,data_type,lexer:IMPLEMENTED | parser:IMPLEMENTED | ast_contract:IMPLEMENTED | semantic:IMPLEMENTED | type_binding:IMPLEMENTED | layout:IMPLEMENTED | hir:IMPLEMENTED | mir:IMPLEMENTED | mir_verify:IMPLEMENTED -> ast_interpreter:IMPLEMENTED | mir_interpreter:IMPLEMENTED | browser_runtime:IMPLEMENTED -> x64:IMPLEMENTED -> x86:IMPLEMENTED -> js:IMPLEMENTED -> wat:IMPLEMENTED -> wasm:IMPLEMENTED,codex-step1,lexer:IMPLEMENTED | parser:IMPLEMENTED | ast_contract:IMPLEMENTED | semantic:IMPLEMENTED | type_binding:IMPLEMENTED | layout:IMPLEMENTED | hir:IMPLEMENTED | mir:IMPLEMENTED | mir_verify:IMPLEMENTED,ast_interpreter:IMPLEMENTED | mir_interpreter:IMPLEMENTED | browser_runtime:IMPLEMENTED,IMPLEMENTED,IMPLEMENTED,IMPLEMENTED,IMPLEMENTED,IMPLEMENTED,src/parser/parser/parser_shared.fbs,KEEP_GATE_COVERAGE
UXB-SURFACE-257,F80,data_type,lexer:IMPLEMENTED | parser:IMPLEMENTED | ast_contract:IMPLEMENTED | semantic:IMPLEMENTED | type_binding:IMPLEMENTED | layout:IMPLEMENTED | hir:IMPLEMENTED | mir:IMPLEMENTED | mir_verify:IMPLEMENTED -> ast_interpreter:IMPLEMENTED | browser_runtime:IMPLEMENTED | library_binding:IMPLEMENTED -> x64:IMPLEMENTED -> x86:IMPLEMENTED -> js:IMPLEMENTED -> wat:WASM_UNSUPPORTED -> wasm:WASM_UNSUPPORTED,codex-step1,lexer:IMPLEMENTED | parser:IMPLEMENTED | ast_contract:IMPLEMENTED | semantic:IMPLEMENTED | type_binding:IMPLEMENTED | layout:IMPLEMENTED | hir:IMPLEMENTED | mir:IMPLEMENTED | mir_verify:IMPLEMENTED,ast_interpreter:IMPLEMENTED | browser_runtime:IMPLEMENTED | library_binding:IMPLEMENTED,IMPLEMENTED,IMPLEMENTED,IMPLEMENTED,WASM_UNSUPPORTED,WASM_UNSUPPORTED,src/parser/parser/parser_shared.fbs,KEEP_GATE_COVERAGE
UXB-SURFACE-258,I16,data_type,lexer:IMPLEMENTED | parser:IMPLEMENTED | ast_contract:IMPLEMENTED | semantic:IMPLEMENTED | type_binding:IMPLEMENTED | layout:IMPLEMENTED | hir:IMPLEMENTED | mir:IMPLEMENTED | mir_verify:IMPLEMENTED -> ast_interpreter:IMPLEMENTED | browser_runtime:IMPLEMENTED -> x64:IMPLEMENTED -> x86:IMPLEMENTED -> js:IMPLEMENTED -> wat:IMPLEMENTED -> wasm:IMPLEMENTED,codex-step1,lexer:IMPLEMENTED | parser:IMPLEMENTED | ast_contract:IMPLEMENTED | semantic:IMPLEMENTED | type_binding:IMPLEMENTED | layout:IMPLEMENTED | hir:IMPLEMENTED | mir:IMPLEMENTED | mir_verify:IMPLEMENTED,ast_interpreter:IMPLEMENTED | browser_runtime:IMPLEMENTED,IMPLEMENTED,IMPLEMENTED,IMPLEMENTED,IMPLEMENTED,IMPLEMENTED,src/parser/parser/parser_shared.fbs,KEEP_GATE_COVERAGE
UXB-SURFACE-259,I32,data_type,lexer:IMPLEMENTED | parser:IMPLEMENTED | ast_contract:IMPLEMENTED | semantic:IMPLEMENTED | type_binding:IMPLEMENTED | layout:IMPLEMENTED | hir:IMPLEMENTED | mir:IMPLEMENTED | mir_verify:IMPLEMENTED -> ast_interpreter:IMPLEMENTED | mir_interpreter:IMPLEMENTED | browser_runtime:IMPLEMENTED -> x64:IMPLEMENTED -> x86:IMPLEMENTED -> js:IMPLEMENTED -> wat:IMPLEMENTED -> wasm:IMPLEMENTED,codex-step1,lexer:IMPLEMENTED | parser:IMPLEMENTED | ast_contract:IMPLEMENTED | semantic:IMPLEMENTED | type_binding:IMPLEMENTED | layout:IMPLEMENTED | hir:IMPLEMENTED | mir:IMPLEMENTED | mir_verify:IMPLEMENTED,ast_interpreter:IMPLEMENTED | mir_interpreter:IMPLEMENTED | browser_runtime:IMPLEMENTED,IMPLEMENTED,IMPLEMENTED,IMPLEMENTED,IMPLEMENTED,IMPLEMENTED,src/parser/parser/parser_shared.fbs,KEEP_GATE_COVERAGE
UXB-SURFACE-260,I64,data_type,lexer:IMPLEMENTED | parser:IMPLEMENTED | ast_contract:IMPLEMENTED | semantic:IMPLEMENTED | type_binding:IMPLEMENTED | layout:IMPLEMENTED | hir:IMPLEMENTED | mir:IMPLEMENTED | mir_verify:IMPLEMENTED -> ast_interpreter:IMPLEMENTED | browser_runtime:IMPLEMENTED -> x64:IMPLEMENTED -> x86:IMPLEMENTED -> js:IMPLEMENTED -> wat:IMPLEMENTED -> wasm:IMPLEMENTED,codex-step1,lexer:IMPLEMENTED | parser:IMPLEMENTED | ast_contract:IMPLEMENTED | semantic:IMPLEMENTED | type_binding:IMPLEMENTED | layout:IMPLEMENTED | hir:IMPLEMENTED | mir:IMPLEMENTED | mir_verify:IMPLEMENTED,ast_interpreter:IMPLEMENTED | browser_runtime:IMPLEMENTED,IMPLEMENTED,IMPLEMENTED,IMPLEMENTED,IMPLEMENTED,IMPLEMENTED,src/parser/parser/parser_shared.fbs,KEEP_GATE_COVERAGE
UXB-SURFACE-261,I8,data_type,lexer:IMPLEMENTED | parser:IMPLEMENTED | ast_contract:IMPLEMENTED | semantic:IMPLEMENTED | type_binding:IMPLEMENTED | layout:IMPLEMENTED | hir:IMPLEMENTED | mir:IMPLEMENTED | mir_verify:IMPLEMENTED -> ast_interpreter:IMPLEMENTED | browser_runtime:IMPLEMENTED -> x64:IMPLEMENTED -> x86:IMPLEMENTED -> js:IMPLEMENTED -> wat:IMPLEMENTED -> wasm:IMPLEMENTED,codex-step1,lexer:IMPLEMENTED | parser:IMPLEMENTED | ast_contract:IMPLEMENTED | semantic:IMPLEMENTED | type_binding:IMPLEMENTED | layout:IMPLEMENTED | hir:IMPLEMENTED | mir:IMPLEMENTED | mir_verify:IMPLEMENTED,ast_interpreter:IMPLEMENTED | browser_runtime:IMPLEMENTED,IMPLEMENTED,IMPLEMENTED,IMPLEMENTED,IMPLEMENTED,IMPLEMENTED,src/parser/parser/parser_shared.fbs,KEEP_GATE_COVERAGE
UXB-SURFACE-262,OBJECT,data_type,lexer:IMPLEMENTED | parser:IMPLEMENTED | ast_contract:IMPLEMENTED | semantic:IMPLEMENTED | type_binding:MISSING | layout:MISSING | hir:IMPLEMENTED | mir:IMPLEMENTED | mir_verify:IMPLEMENTED -> ast_interpreter:IMPLEMENTED | mir_interpreter:IMPLEMENTED | browser_runtime:IMPLEMENTED | library_binding:IMPLEMENTED -> x64:IMPLEMENTED -> x86:IMPLEMENTED -> js:IMPLEMENTED -> wat:WASM_UNSUPPORTED -> wasm:WASM_UNSUPPORTED,codex-step1,lexer:IMPLEMENTED | parser:IMPLEMENTED | ast_contract:IMPLEMENTED | semantic:IMPLEMENTED | type_binding:MISSING | layout:MISSING | hir:IMPLEMENTED | mir:IMPLEMENTED | mir_verify:IMPLEMENTED,ast_interpreter:IMPLEMENTED | mir_interpreter:IMPLEMENTED | browser_runtime:IMPLEMENTED | library_binding:IMPLEMENTED,IMPLEMENTED,IMPLEMENTED,IMPLEMENTED,WASM_UNSUPPORTED,WASM_UNSUPPORTED,src/parser/parser/parser_shared.fbs,KEEP_GATE_COVERAGE
UXB-SURFACE-263,PTR,data_type,lexer:IMPLEMENTED | parser:IMPLEMENTED | ast_contract:IMPLEMENTED | semantic:IMPLEMENTED | type_binding:IMPLEMENTED | layout:IMPLEMENTED | hir:IMPLEMENTED | mir:IMPLEMENTED | mir_verify:IMPLEMENTED -> ast_interpreter:IMPLEMENTED | mir_interpreter:IMPLEMENTED | browser_runtime:IMPLEMENTED | library_binding:IMPLEMENTED -> x64:IMPLEMENTED -> x86:IMPLEMENTED -> js:IMPLEMENTED -> wat:IMPLEMENTED -> wasm:IMPLEMENTED,codex-step1,lexer:IMPLEMENTED | parser:IMPLEMENTED | ast_contract:IMPLEMENTED | semantic:IMPLEMENTED | type_binding:IMPLEMENTED | layout:IMPLEMENTED | hir:IMPLEMENTED | mir:IMPLEMENTED | mir_verify:IMPLEMENTED,ast_interpreter:IMPLEMENTED | mir_interpreter:IMPLEMENTED | browser_runtime:IMPLEMENTED | library_binding:IMPLEMENTED,IMPLEMENTED,IMPLEMENTED,IMPLEMENTED,IMPLEMENTED,IMPLEMENTED,src/parser/parser/parser_shared.fbs,KEEP_GATE_COVERAGE
UXB-SURFACE-264,STRING,data_type,lexer:IMPLEMENTED | parser:IMPLEMENTED | ast_contract:IMPLEMENTED | semantic:IMPLEMENTED | type_binding:IMPLEMENTED | layout:IMPLEMENTED | hir:IMPLEMENTED | mir:IMPLEMENTED | mir_verify:IMPLEMENTED -> ast_interpreter:IMPLEMENTED | mir_interpreter:IMPLEMENTED | browser_runtime:IMPLEMENTED | library_binding:IMPLEMENTED -> x64:IMPLEMENTED -> x86:IMPLEMENTED -> js:IMPLEMENTED -> wat:WASM_UNSUPPORTED -> wasm:WASM_UNSUPPORTED,codex-step1,lexer:IMPLEMENTED | parser:IMPLEMENTED | ast_contract:IMPLEMENTED | semantic:IMPLEMENTED | type_binding:IMPLEMENTED | layout:IMPLEMENTED | hir:IMPLEMENTED | mir:IMPLEMENTED | mir_verify:IMPLEMENTED,ast_interpreter:IMPLEMENTED | mir_interpreter:IMPLEMENTED | browser_runtime:IMPLEMENTED | library_binding:IMPLEMENTED,IMPLEMENTED,IMPLEMENTED,IMPLEMENTED,WASM_UNSUPPORTED,WASM_UNSUPPORTED,src/parser/parser/parser_expr.fbs,KEEP_GATE_COVERAGE
UXB-SURFACE-265,U16,data_type,lexer:IMPLEMENTED | parser:IMPLEMENTED | ast_contract:IMPLEMENTED | semantic:IMPLEMENTED | type_binding:IMPLEMENTED | layout:IMPLEMENTED | hir:IMPLEMENTED | mir:IMPLEMENTED | mir_verify:IMPLEMENTED -> ast_interpreter:IMPLEMENTED | browser_runtime:IMPLEMENTED -> x64:IMPLEMENTED -> x86:IMPLEMENTED -> js:IMPLEMENTED -> wat:IMPLEMENTED -> wasm:IMPLEMENTED,codex-step1,lexer:IMPLEMENTED | parser:IMPLEMENTED | ast_contract:IMPLEMENTED | semantic:IMPLEMENTED | type_binding:IMPLEMENTED | layout:IMPLEMENTED | hir:IMPLEMENTED | mir:IMPLEMENTED | mir_verify:IMPLEMENTED,ast_interpreter:IMPLEMENTED | browser_runtime:IMPLEMENTED,IMPLEMENTED,IMPLEMENTED,IMPLEMENTED,IMPLEMENTED,IMPLEMENTED,src/parser/parser/parser_shared.fbs,KEEP_GATE_COVERAGE
UXB-SURFACE-266,U32,data_type,lexer:IMPLEMENTED | parser:IMPLEMENTED | ast_contract:IMPLEMENTED | semantic:IMPLEMENTED | type_binding:IMPLEMENTED | layout:IMPLEMENTED | hir:IMPLEMENTED | mir:IMPLEMENTED | mir_verify:IMPLEMENTED -> ast_interpreter:IMPLEMENTED | mir_interpreter:IMPLEMENTED | browser_runtime:IMPLEMENTED -> x64:IMPLEMENTED -> x86:IMPLEMENTED -> js:IMPLEMENTED -> wat:IMPLEMENTED -> wasm:IMPLEMENTED,codex-step1,lexer:IMPLEMENTED | parser:IMPLEMENTED | ast_contract:IMPLEMENTED | semantic:IMPLEMENTED | type_binding:IMPLEMENTED | layout:IMPLEMENTED | hir:IMPLEMENTED | mir:IMPLEMENTED | mir_verify:IMPLEMENTED,ast_interpreter:IMPLEMENTED | mir_interpreter:IMPLEMENTED | browser_runtime:IMPLEMENTED,IMPLEMENTED,IMPLEMENTED,IMPLEMENTED,IMPLEMENTED,IMPLEMENTED,src/parser/parser/parser_shared.fbs,KEEP_GATE_COVERAGE
UXB-SURFACE-267,U64,data_type,lexer:IMPLEMENTED | parser:IMPLEMENTED | ast_contract:IMPLEMENTED | semantic:IMPLEMENTED | type_binding:IMPLEMENTED | layout:IMPLEMENTED | hir:IMPLEMENTED | mir:IMPLEMENTED | mir_verify:IMPLEMENTED -> ast_interpreter:IMPLEMENTED | mir_interpreter:IMPLEMENTED | browser_runtime:IMPLEMENTED -> x64:IMPLEMENTED -> x86:IMPLEMENTED -> js:IMPLEMENTED -> wat:IMPLEMENTED -> wasm:IMPLEMENTED,codex-step1,lexer:IMPLEMENTED | parser:IMPLEMENTED | ast_contract:IMPLEMENTED | semantic:IMPLEMENTED | type_binding:IMPLEMENTED | layout:IMPLEMENTED | hir:IMPLEMENTED | mir:IMPLEMENTED | mir_verify:IMPLEMENTED,ast_interpreter:IMPLEMENTED | mir_interpreter:IMPLEMENTED | browser_runtime:IMPLEMENTED,IMPLEMENTED,IMPLEMENTED,IMPLEMENTED,IMPLEMENTED,IMPLEMENTED,src/parser/parser/parser_shared.fbs,KEEP_GATE_COVERAGE
UXB-SURFACE-268,U8,data_type,lexer:IMPLEMENTED | parser:IMPLEMENTED | ast_contract:IMPLEMENTED | semantic:IMPLEMENTED | type_binding:IMPLEMENTED | layout:IMPLEMENTED | hir:IMPLEMENTED | mir:IMPLEMENTED | mir_verify:IMPLEMENTED -> ast_interpreter:IMPLEMENTED | browser_runtime:IMPLEMENTED -> x64:IMPLEMENTED -> x86:IMPLEMENTED -> js:IMPLEMENTED -> wat:IMPLEMENTED -> wasm:IMPLEMENTED,codex-step1,lexer:IMPLEMENTED | parser:IMPLEMENTED | ast_contract:IMPLEMENTED | semantic:IMPLEMENTED | type_binding:IMPLEMENTED | layout:IMPLEMENTED | hir:IMPLEMENTED | mir:IMPLEMENTED | mir_verify:IMPLEMENTED,ast_interpreter:IMPLEMENTED | browser_runtime:IMPLEMENTED,IMPLEMENTED,IMPLEMENTED,IMPLEMENTED,IMPLEMENTED,IMPLEMENTED,src/parser/parser/parser_shared.fbs,KEEP_GATE_COVERAGE
