id,surface_name,surface_group,surface_kind,syntax,example,source_file,lexer_status,parser_status,ast_node,ast_contract_status,semantic_status,type_binding_status,layout_status,hir_status,mir_opcode,mir_status,mir_verify_status,mir_json_status,ast_interpreter_status,mir_interpreter_status,x64_ast_status,x64_mir_status,x86_status,js_transpiler_status,wasm_wat_status,browser_runtime_status,library_binding_status,vscode_evidence_status,test_status,doc_status,final_decision,required_action,owner
UXB-SURFACE-001,ABS,builtin,builtin_function,ABS,ABS,src/parser/parser/parser_shared.fbs,IMPLEMENTED,IMPLEMENTED,ABS_STMT,IMPLEMENTED,IMPLEMENTED,MISSING,MISSING,MISSING,N/A,MISSING,MISSING,MISSING,IMPLEMENTED,IMPLEMENTED,IMPLEMENTED,MISSING,MISSING,IMPLEMENTED,WASM_UNSUPPORTED,IMPLEMENTED,MISSING,IMPLEMENTED,IMPLEMENTED,IMPLEMENTED,IMPLEMENTED,KEEP_GATE_COVERAGE,codex-step1
UXB-SURFACE-002,ASC,builtin,builtin_function,ASC,ASC,src/parser/parser/parser_path_validation_helpers.fbs,IMPLEMENTED,IMPLEMENTED,ASC_STMT,IMPLEMENTED,IMPLEMENTED,MISSING,IMPLEMENTED,MISSING,MIR_ASC,IMPLEMENTED,MISSING,IMPLEMENTED,IMPLEMENTED,IMPLEMENTED,IMPLEMENTED,IMPLEMENTED,IMPLEMENTED,IMPLEMENTED,WASM_UNSUPPORTED,IMPLEMENTED,IMPLEMENTED,MISSING,IMPLEMENTED,IMPLEMENTED,IMPLEMENTED,KEEP_GATE_COVERAGE,codex-step1
UXB-SURFACE-003,ATN,builtin,builtin_function,ATN,ATN,src/parser/parser/parser_shared.fbs,IMPLEMENTED,IMPLEMENTED,ATN_STMT,MISSING,MISSING,MISSING,MISSING,MISSING,MIR_ATN,IMPLEMENTED,MISSING,MISSING,IMPLEMENTED,IMPLEMENTED,IMPLEMENTED,MISSING,MISSING,IMPLEMENTED,WASM_UNSUPPORTED,IMPLEMENTED,MISSING,MISSING,IMPLEMENTED,IMPLEMENTED,BROKEN,ADD_AST_CONTRACT,codex-step1
UXB-SURFACE-004,CDBL,builtin,builtin_function,CDBL,CDBL,src/parser/parser/parser_shared.fbs,IMPLEMENTED,IMPLEMENTED,CDBL_STMT,MISSING,MISSING,MISSING,MISSING,MISSING,MIR_CDBL,IMPLEMENTED,MISSING,MISSING,IMPLEMENTED,IMPLEMENTED,IMPLEMENTED,MISSING,MISSING,IMPLEMENTED,WASM_UNSUPPORTED,IMPLEMENTED,MISSING,MISSING,IMPLEMENTED,IMPLEMENTED,BROKEN,ADD_AST_CONTRACT,codex-step1
UXB-SURFACE-005,CHR,builtin,builtin_function,CHR,CHR,src/parser/parser/parser_shared.fbs,IMPLEMENTED,IMPLEMENTED,CHR_STMT,IMPLEMENTED,MISSING,MISSING,IMPLEMENTED,IMPLEMENTED,MIR_CHR,IMPLEMENTED,IMPLEMENTED,IMPLEMENTED,IMPLEMENTED,IMPLEMENTED,IMPLEMENTED,MISSING,IMPLEMENTED,IMPLEMENTED,WASM_UNSUPPORTED,IMPLEMENTED,MISSING,MISSING,IMPLEMENTED,IMPLEMENTED,IMPLEMENTED,KEEP_GATE_COVERAGE,codex-step1
UXB-SURFACE-006,CINT,builtin,builtin_function,CINT,CINT,src/parser/parser/parser_shared.fbs,IMPLEMENTED,IMPLEMENTED,CINT_STMT,MISSING,MISSING,MISSING,MISSING,MISSING,N/A,MISSING,MISSING,MISSING,IMPLEMENTED,IMPLEMENTED,IMPLEMENTED,MISSING,MISSING,IMPLEMENTED,WASM_UNSUPPORTED,IMPLEMENTED,MISSING,MISSING,IMPLEMENTED,IMPLEMENTED,BROKEN,ADD_AST_CONTRACT,codex-step1
UXB-SURFACE-007,CLNG,builtin,builtin_function,CLNG,CLNG,src/parser/parser/parser_shared.fbs,IMPLEMENTED,IMPLEMENTED,CLNG_STMT,MISSING,IMPLEMENTED,MISSING,MISSING,MISSING,N/A,MISSING,MISSING,MISSING,IMPLEMENTED,IMPLEMENTED,IMPLEMENTED,MISSING,MISSING,IMPLEMENTED,WASM_UNSUPPORTED,IMPLEMENTED,MISSING,MISSING,IMPLEMENTED,IMPLEMENTED,BROKEN,ADD_AST_CONTRACT,codex-step1
UXB-SURFACE-008,COS,builtin,builtin_function,COS,COS,src/parser/parser/parser_shared.fbs,IMPLEMENTED,IMPLEMENTED,COS_STMT,MISSING,MISSING,MISSING,MISSING,MISSING,MIR_COS,IMPLEMENTED,MISSING,MISSING,IMPLEMENTED,IMPLEMENTED,IMPLEMENTED,MISSING,MISSING,IMPLEMENTED,WASM_UNSUPPORTED,IMPLEMENTED,MISSING,MISSING,IMPLEMENTED,IMPLEMENTED,BROKEN,ADD_AST_CONTRACT,codex-step1
UXB-SURFACE-009,CSNG,builtin,builtin_function,CSNG,CSNG,src/parser/parser/parser_shared.fbs,IMPLEMENTED,IMPLEMENTED,CSNG_STMT,MISSING,MISSING,MISSING,MISSING,MISSING,MIR_CSNG,IMPLEMENTED,MISSING,MISSING,IMPLEMENTED,IMPLEMENTED,IMPLEMENTED,MISSING,MISSING,IMPLEMENTED,WASM_UNSUPPORTED,IMPLEMENTED,MISSING,MISSING,IMPLEMENTED,IMPLEMENTED,BROKEN,ADD_AST_CONTRACT,codex-step1
UXB-SURFACE-010,DECORATOR,builtin,builtin_function,DECORATOR,DECORATOR,src/parser/parser/parser_stmt_decl_class_method.fbs,IMPLEMENTED,IMPLEMENTED,DECORATOR_STMT,MISSING,IMPLEMENTED,MISSING,MISSING,MISSING,N/A,MISSING,MISSING,MISSING,IMPLEMENTED,MISSING,MISSING,IMPLEMENTED,MISSING,IMPLEMENTED,WASM_UNSUPPORTED,IMPLEMENTED,MISSING,IMPLEMENTED,IMPLEMENTED,IMPLEMENTED,BROKEN,ADD_AST_CONTRACT,codex-step1
UXB-SURFACE-011,EOF,builtin,builtin_function,EOF,EOF,src/parser/parser/parser_expr.fbs,IMPLEMENTED,IMPLEMENTED,EOF_STMT,IMPLEMENTED,MISSING,MISSING,IMPLEMENTED,MISSING,N/A,MISSING,MISSING,MISSING,IMPLEMENTED,IMPLEMENTED,IMPLEMENTED,IMPLEMENTED,MISSING,IMPLEMENTED,RUNTIME_CALL,IMPLEMENTED,IMPLEMENTED,IMPLEMENTED,IMPLEMENTED,IMPLEMENTED,IMPLEMENTED,KEEP_GATE_COVERAGE,codex-step1
UXB-SURFACE-012,EVENT,builtin,builtin_function,EVENT,EVENT,src/parser/parser/parser_stmt_event_pipe.fbs,IMPLEMENTED,IMPLEMENTED,EVENT_STMT,MISSING,IMPLEMENTED,MISSING,MISSING,IMPLEMENTED,N/A,MISSING,MISSING,MISSING,IMPLEMENTED,IMPLEMENTED,IMPLEMENTED,MISSING,MISSING,IMPLEMENTED,WASM_UNSUPPORTED,IMPLEMENTED,MISSING,IMPLEMENTED,IMPLEMENTED,IMPLEMENTED,BROKEN,ADD_AST_CONTRACT,codex-step1
UXB-SURFACE-013,EXP,builtin,builtin_function,EXP,EXP,src/parser/parser/parser_expr.fbs,IMPLEMENTED,IMPLEMENTED,EXP_STMT,IMPLEMENTED,IMPLEMENTED,MISSING,IMPLEMENTED,IMPLEMENTED,MIR_EXP,IMPLEMENTED,MISSING,IMPLEMENTED,IMPLEMENTED,IMPLEMENTED,IMPLEMENTED,MISSING,IMPLEMENTED,IMPLEMENTED,WASM_UNSUPPORTED,IMPLEMENTED,IMPLEMENTED,IMPLEMENTED,IMPLEMENTED,IMPLEMENTED,IMPLEMENTED,KEEP_GATE_COVERAGE,codex-step1
UXB-SURFACE-014,FIX,builtin,builtin_function,FIX,FIX,src/parser/parser/parser_expr.fbs,IMPLEMENTED,IMPLEMENTED,FIX_STMT,MISSING,IMPLEMENTED,MISSING,MISSING,MISSING,MIR_FIX,IMPLEMENTED,MISSING,MISSING,IMPLEMENTED,IMPLEMENTED,IMPLEMENTED,MISSING,IMPLEMENTED,IMPLEMENTED,WASM_UNSUPPORTED,IMPLEMENTED,IMPLEMENTED,IMPLEMENTED,IMPLEMENTED,IMPLEMENTED,BROKEN,ADD_AST_CONTRACT,codex-step1
UXB-SURFACE-015,GETKEY,builtin,builtin_function,GETKEY,GETKEY,src/parser/parser/parser_shared.fbs,IMPLEMENTED,IMPLEMENTED,GETKEY_STMT,MISSING,MISSING,MISSING,MISSING,MISSING,N/A,MISSING,MISSING,MISSING,IMPLEMENTED,IMPLEMENTED,IMPLEMENTED,MISSING,MISSING,IMPLEMENTED,RUNTIME_CALL,IMPLEMENTED,MISSING,MISSING,IMPLEMENTED,IMPLEMENTED,BROKEN,ADD_AST_CONTRACT,codex-step1
UXB-SURFACE-016,INKEY,builtin,builtin_function,INKEY,INKEY,src/parser/parser/parser_shared.fbs,IMPLEMENTED,IMPLEMENTED,INKEY_STMT,MISSING,MISSING,MISSING,MISSING,MISSING,N/A,MISSING,MISSING,MISSING,IMPLEMENTED,IMPLEMENTED,IMPLEMENTED,MISSING,MISSING,IMPLEMENTED,RUNTIME_CALL,IMPLEMENTED,MISSING,MISSING,IMPLEMENTED,IMPLEMENTED,BROKEN,ADD_AST_CONTRACT,codex-step1
UXB-SURFACE-017,INLINE,builtin,builtin_function,INLINE,INLINE,src/parser/parser/parser_expr.fbs,IMPLEMENTED,IMPLEMENTED,INLINE_STMT,IMPLEMENTED,IMPLEMENTED,MISSING,MISSING,MISSING,N/A,MISSING,MISSING,MISSING,IMPLEMENTED,MISSING,MISSING,MISSING,MISSING,NATIVE_ONLY,WASM_UNSUPPORTED,IMPLEMENTED,MISSING,IMPLEMENTED,IMPLEMENTED,IMPLEMENTED,IMPLEMENTED,KEEP_GATE_COVERAGE,codex-step1
UXB-SURFACE-018,INT,builtin,builtin_function,INT,INT,src/parser/parser/parser_expr.fbs,IMPLEMENTED,IMPLEMENTED,INT_STMT,IMPLEMENTED,IMPLEMENTED,IMPLEMENTED,IMPLEMENTED,IMPLEMENTED,MIR_INT,IMPLEMENTED,IMPLEMENTED,IMPLEMENTED,IMPLEMENTED,IMPLEMENTED,IMPLEMENTED,IMPLEMENTED,IMPLEMENTED,IMPLEMENTED,WASM_UNSUPPORTED,IMPLEMENTED,IMPLEMENTED,IMPLEMENTED,IMPLEMENTED,IMPLEMENTED,IMPLEMENTED,KEEP_GATE_COVERAGE,codex-step1
UXB-SURFACE-019,LCASE,builtin,builtin_function,LCASE,LCASE,src/parser/parser/parser_path_validation_helpers.fbs,IMPLEMENTED,IMPLEMENTED,LCASE_STMT,MISSING,MISSING,MISSING,MISSING,MISSING,N/A,MISSING,MISSING,MISSING,IMPLEMENTED,IMPLEMENTED,IMPLEMENTED,MISSING,MISSING,IMPLEMENTED,WASM_UNSUPPORTED,IMPLEMENTED,MISSING,MISSING,IMPLEMENTED,IMPLEMENTED,BROKEN,ADD_AST_CONTRACT,codex-step1
UXB-SURFACE-020,LEN,builtin,builtin_function,LEN,LEN,src/parser/parser/parser_path_validation_helpers.fbs,IMPLEMENTED,IMPLEMENTED,LEN_STMT,IMPLEMENTED,IMPLEMENTED,MISSING,IMPLEMENTED,IMPLEMENTED,MIR_LEN,IMPLEMENTED,IMPLEMENTED,IMPLEMENTED,IMPLEMENTED,IMPLEMENTED,IMPLEMENTED,IMPLEMENTED,IMPLEMENTED,IMPLEMENTED,WASM_UNSUPPORTED,IMPLEMENTED,IMPLEMENTED,IMPLEMENTED,IMPLEMENTED,IMPLEMENTED,IMPLEMENTED,KEEP_GATE_COVERAGE,codex-step1
UXB-SURFACE-021,LOF,builtin,builtin_function,LOF,LOF,src/parser/parser/parser_expr.fbs,IMPLEMENTED,IMPLEMENTED,LOF_STMT,MISSING,MISSING,MISSING,MISSING,MISSING,N/A,MISSING,MISSING,MISSING,IMPLEMENTED,MISSING,IMPLEMENTED,IMPLEMENTED,MISSING,IMPLEMENTED,RUNTIME_CALL,IMPLEMENTED,MISSING,MISSING,IMPLEMENTED,IMPLEMENTED,BROKEN,ADD_AST_CONTRACT,codex-step1
UXB-SURFACE-022,LOG,builtin,builtin_function,LOG,LOG,src/parser/parser/parser_expr.fbs,IMPLEMENTED,IMPLEMENTED,LOG_STMT,MISSING,IMPLEMENTED,MISSING,MISSING,MISSING,MIR_LOG,IMPLEMENTED,MISSING,MISSING,IMPLEMENTED,IMPLEMENTED,IMPLEMENTED,IMPLEMENTED,MISSING,IMPLEMENTED,WASM_UNSUPPORTED,IMPLEMENTED,MISSING,IMPLEMENTED,IMPLEMENTED,IMPLEMENTED,BROKEN,ADD_AST_CONTRACT,codex-step1
UXB-SURFACE-023,LTRIM,builtin,builtin_function,LTRIM,LTRIM,src/parser/parser/parser_shared.fbs,IMPLEMENTED,IMPLEMENTED,LTRIM_STMT,IMPLEMENTED,IMPLEMENTED,MISSING,IMPLEMENTED,MISSING,MIR_LTRIM,IMPLEMENTED,IMPLEMENTED,IMPLEMENTED,IMPLEMENTED,IMPLEMENTED,IMPLEMENTED,MISSING,IMPLEMENTED,IMPLEMENTED,WASM_UNSUPPORTED,IMPLEMENTED,MISSING,MISSING,IMPLEMENTED,IMPLEMENTED,IMPLEMENTED,KEEP_GATE_COVERAGE,codex-step1
UXB-SURFACE-024,MAGIC,builtin,builtin_function,MAGIC,MAGIC,src/parser/parser/parser_stmt_decl_class_method.fbs,IMPLEMENTED,IMPLEMENTED,MAGIC_STMT,MISSING,IMPLEMENTED,MISSING,MISSING,MISSING,N/A,MISSING,MISSING,MISSING,IMPLEMENTED,MISSING,MISSING,IMPLEMENTED,MISSING,IMPLEMENTED,WASM_UNSUPPORTED,IMPLEMENTED,MISSING,IMPLEMENTED,IMPLEMENTED,IMPLEMENTED,BROKEN,ADD_AST_CONTRACT,codex-step1
UXB-SURFACE-025,MID,builtin,builtin_function,MID,MID,src/parser/parser/parser_path_validation_helpers.fbs,IMPLEMENTED,IMPLEMENTED,MID_STMT,IMPLEMENTED,IMPLEMENTED,MISSING,IMPLEMENTED,IMPLEMENTED,MIR_MID,IMPLEMENTED,IMPLEMENTED,IMPLEMENTED,IMPLEMENTED,IMPLEMENTED,IMPLEMENTED,IMPLEMENTED,IMPLEMENTED,IMPLEMENTED,WASM_UNSUPPORTED,IMPLEMENTED,IMPLEMENTED,MISSING,IMPLEMENTED,IMPLEMENTED,IMPLEMENTED,KEEP_GATE_COVERAGE,codex-step1
UXB-SURFACE-026,MIXIN,builtin,builtin_function,MIXIN,MIXIN,src/parser/parser/parser_stmt_decl_class_method.fbs,IMPLEMENTED,IMPLEMENTED,MIXIN_STMT,MISSING,IMPLEMENTED,MISSING,MISSING,MISSING,N/A,MISSING,MISSING,MISSING,IMPLEMENTED,MISSING,MISSING,IMPLEMENTED,MISSING,IMPLEMENTED,WASM_UNSUPPORTED,IMPLEMENTED,MISSING,IMPLEMENTED,IMPLEMENTED,IMPLEMENTED,BROKEN,ADD_AST_CONTRACT,codex-step1
UXB-SURFACE-027,OFF,builtin,builtin_function,OFF,OFF,src/parser/parser/parser_shared.fbs,IMPLEMENTED,IMPLEMENTED,OFF_STMT,IMPLEMENTED,MISSING,IMPLEMENTED,IMPLEMENTED,MISSING,MIR_OFF,IMPLEMENTED,MISSING,MISSING,IMPLEMENTED,IMPLEMENTED,IMPLEMENTED,IMPLEMENTED,MISSING,IMPLEMENTED,WASM_UNSUPPORTED,IMPLEMENTED,IMPLEMENTED,IMPLEMENTED,IMPLEMENTED,IMPLEMENTED,IMPLEMENTED,KEEP_GATE_COVERAGE,codex-step1
UXB-SURFACE-028,ON,builtin,builtin_function,ON,ON,src/parser/parser/parser_expr.fbs,IMPLEMENTED,IMPLEMENTED,ON_STMT,IMPLEMENTED,IMPLEMENTED,IMPLEMENTED,IMPLEMENTED,IMPLEMENTED,MIR_ON,IMPLEMENTED,IMPLEMENTED,IMPLEMENTED,IMPLEMENTED,IMPLEMENTED,IMPLEMENTED,IMPLEMENTED,IMPLEMENTED,IMPLEMENTED,WASM_UNSUPPORTED,IMPLEMENTED,IMPLEMENTED,IMPLEMENTED,IMPLEMENTED,IMPLEMENTED,IMPLEMENTED,KEEP_GATE_COVERAGE,codex-step1
UXB-SURFACE-029,OVERRIDE,builtin,builtin_function,OVERRIDE,OVERRIDE,src/parser/parser/parser_stmt_decl_class_method.fbs,IMPLEMENTED,IMPLEMENTED,OVERRIDE_STMT,IMPLEMENTED,IMPLEMENTED,MISSING,MISSING,MISSING,N/A,MISSING,MISSING,MISSING,IMPLEMENTED,MISSING,IMPLEMENTED,IMPLEMENTED,MISSING,IMPLEMENTED,WASM_UNSUPPORTED,IMPLEMENTED,MISSING,IMPLEMENTED,IMPLEMENTED,IMPLEMENTED,IMPLEMENTED,KEEP_GATE_COVERAGE,codex-step1
UXB-SURFACE-030,PARALEL,builtin,builtin_function,PARALEL,PARALEL,src/parser/parser/parser_stmt_event_pipe.fbs,IMPLEMENTED,IMPLEMENTED,PARALEL_STMT,MISSING,IMPLEMENTED,MISSING,MISSING,IMPLEMENTED,N/A,MISSING,MISSING,MISSING,IMPLEMENTED,IMPLEMENTED,IMPLEMENTED,MISSING,MISSING,IMPLEMENTED,WASM_UNSUPPORTED,IMPLEMENTED,MISSING,MISSING,IMPLEMENTED,IMPLEMENTED,BROKEN,ADD_AST_CONTRACT,codex-step1
UXB-SURFACE-031,PARALLEL,builtin,builtin_function,PARALLEL,PARALLEL,src/codegen/x64/mir_x64_codegen.fbs,IMPLEMENTED,MISSING,N/A,MISSING,MISSING,MISSING,MISSING,MISSING,N/A,MISSING,MISSING,MISSING,MISSING,MISSING,MISSING,IMPLEMENTED,MISSING,IMPLEMENTED,WASM_UNSUPPORTED,IMPLEMENTED,MISSING,MISSING,IMPLEMENTED,IMPLEMENTED,BROKEN,ADD_PARSER_HANDLER,codex-step1
UXB-SURFACE-032,PIPE,builtin,builtin_function,PIPE,PIPE,src/parser/parser/parser_expr.fbs,IMPLEMENTED,IMPLEMENTED,PIPE_STMT,MISSING,IMPLEMENTED,MISSING,MISSING,IMPLEMENTED,N/A,MISSING,MISSING,IMPLEMENTED,IMPLEMENTED,IMPLEMENTED,IMPLEMENTED,MISSING,MISSING,IMPLEMENTED,WASM_UNSUPPORTED,IMPLEMENTED,MISSING,IMPLEMENTED,IMPLEMENTED,IMPLEMENTED,BROKEN,ADD_AST_CONTRACT,codex-step1
UXB-SURFACE-033,RANDOMIZE,builtin,builtin_function,RANDOMIZE,RANDOMIZE,src/parser/parser/parser_stmt_basic.fbs,IMPLEMENTED,IMPLEMENTED,RANDOMIZE_STMT,MISSING,MISSING,MISSING,MISSING,MISSING,MIR_RANDOMIZE,IMPLEMENTED,MISSING,MISSING,IMPLEMENTED,IMPLEMENTED,IMPLEMENTED,IMPLEMENTED,MISSING,IMPLEMENTED,WASM_UNSUPPORTED,IMPLEMENTED,MISSING,MISSING,IMPLEMENTED,IMPLEMENTED,BROKEN,ADD_AST_CONTRACT,codex-step1
UXB-SURFACE-034,RND,builtin,builtin_function,RND,RND,src/parser/parser/parser_shared.fbs,IMPLEMENTED,IMPLEMENTED,RND_STMT,MISSING,MISSING,MISSING,MISSING,MISSING,MIR_RND,IMPLEMENTED,MISSING,MISSING,IMPLEMENTED,IMPLEMENTED,IMPLEMENTED,MISSING,MISSING,IMPLEMENTED,WASM_UNSUPPORTED,IMPLEMENTED,MISSING,MISSING,IMPLEMENTED,IMPLEMENTED,BROKEN,ADD_AST_CONTRACT,codex-step1
UXB-SURFACE-035,RTRIM,builtin,builtin_function,RTRIM,RTRIM,src/parser/parser/parser_shared.fbs,IMPLEMENTED,IMPLEMENTED,RTRIM_STMT,MISSING,MISSING,MISSING,MISSING,MISSING,N/A,MISSING,MISSING,MISSING,IMPLEMENTED,IMPLEMENTED,IMPLEMENTED,MISSING,MISSING,IMPLEMENTED,WASM_UNSUPPORTED,IMPLEMENTED,MISSING,MISSING,IMPLEMENTED,IMPLEMENTED,BROKEN,ADD_AST_CONTRACT,codex-step1
UXB-SURFACE-036,SETSTRINGSIZE,builtin,builtin_function,SETSTRINGSIZE,SETSTRINGSIZE,src/parser/parser/parser_stmt_decl_core.fbs,IMPLEMENTED,IMPLEMENTED,SETSTRINGSIZE_STMT,MISSING,MISSING,MISSING,MISSING,MISSING,MIR_SETSTRINGSIZE,IMPLEMENTED,MISSING,MISSING,IMPLEMENTED,IMPLEMENTED,IMPLEMENTED,IMPLEMENTED,MISSING,IMPLEMENTED,WASM_UNSUPPORTED,IMPLEMENTED,MISSING,MISSING,IMPLEMENTED,IMPLEMENTED,BROKEN,ADD_AST_CONTRACT,codex-step1
UXB-SURFACE-037,SGN,builtin,builtin_function,SGN,SGN,src/parser/parser/parser_shared.fbs,IMPLEMENTED,IMPLEMENTED,SGN_STMT,MISSING,MISSING,MISSING,MISSING,MISSING,MIR_SGN,IMPLEMENTED,MISSING,MISSING,IMPLEMENTED,IMPLEMENTED,IMPLEMENTED,MISSING,MISSING,IMPLEMENTED,WASM_UNSUPPORTED,IMPLEMENTED,MISSING,MISSING,IMPLEMENTED,IMPLEMENTED,BROKEN,ADD_AST_CONTRACT,codex-step1
UXB-SURFACE-038,SIHIRLIMETOT,builtin,builtin_function,SIHIRLIMETOT,SIHIRLIMETOT,src/parser/parser/parser_stmt_decl_class_method.fbs,IMPLEMENTED,IMPLEMENTED,SIHIRLIMETOT_STMT,MISSING,IMPLEMENTED,MISSING,MISSING,MISSING,N/A,MISSING,MISSING,MISSING,MISSING,MISSING,MISSING,MISSING,MISSING,IMPLEMENTED,WASM_UNSUPPORTED,IMPLEMENTED,MISSING,IMPLEMENTED,IMPLEMENTED,IMPLEMENTED,BROKEN,ADD_AST_CONTRACT,codex-step1
UXB-SURFACE-039,SIN,builtin,builtin_function,SIN,SIN,src/parser/parser/parser_expr.fbs,IMPLEMENTED,IMPLEMENTED,SIN_STMT,IMPLEMENTED,IMPLEMENTED,IMPLEMENTED,IMPLEMENTED,MISSING,MIR_SIN,IMPLEMENTED,IMPLEMENTED,IMPLEMENTED,IMPLEMENTED,IMPLEMENTED,IMPLEMENTED,IMPLEMENTED,IMPLEMENTED,IMPLEMENTED,WASM_UNSUPPORTED,IMPLEMENTED,IMPLEMENTED,IMPLEMENTED,IMPLEMENTED,IMPLEMENTED,IMPLEMENTED,KEEP_GATE_COVERAGE,codex-step1
UXB-SURFACE-040,SLOT,builtin,builtin_function,SLOT,SLOT,src/parser/parser/parser_stmt_event_pipe.fbs,IMPLEMENTED,IMPLEMENTED,SLOT_STMT,MISSING,IMPLEMENTED,MISSING,MISSING,MISSING,MIR_SLOT,IMPLEMENTED,MISSING,MISSING,IMPLEMENTED,IMPLEMENTED,IMPLEMENTED,IMPLEMENTED,MISSING,IMPLEMENTED,WASM_UNSUPPORTED,IMPLEMENTED,IMPLEMENTED,IMPLEMENTED,IMPLEMENTED,IMPLEMENTED,BROKEN,ADD_AST_CONTRACT,codex-step1
UXB-SURFACE-041,SPACE,builtin,builtin_function,SPACE,SPACE,src/parser/parser/parser_shared.fbs,IMPLEMENTED,IMPLEMENTED,SPACE_STMT,IMPLEMENTED,MISSING,MISSING,IMPLEMENTED,IMPLEMENTED,MIR_SPACE,IMPLEMENTED,MISSING,MISSING,IMPLEMENTED,IMPLEMENTED,IMPLEMENTED,IMPLEMENTED,MISSING,IMPLEMENTED,WASM_UNSUPPORTED,IMPLEMENTED,MISSING,IMPLEMENTED,IMPLEMENTED,IMPLEMENTED,IMPLEMENTED,KEEP_GATE_COVERAGE,codex-step1
UXB-SURFACE-042,SQR,builtin,builtin_function,SQR,SQR,src/parser/parser/parser_shared.fbs,IMPLEMENTED,IMPLEMENTED,SQR_STMT,MISSING,MISSING,MISSING,MISSING,MISSING,MIR_SQR,IMPLEMENTED,MISSING,MISSING,IMPLEMENTED,IMPLEMENTED,IMPLEMENTED,MISSING,MISSING,IMPLEMENTED,WASM_UNSUPPORTED,IMPLEMENTED,MISSING,MISSING,IMPLEMENTED,IMPLEMENTED,BROKEN,ADD_AST_CONTRACT,codex-step1
UXB-SURFACE-043,SQRT,builtin,builtin_function,SQRT,SQRT,src/parser/parser/parser_shared.fbs,IMPLEMENTED,IMPLEMENTED,SQRT_STMT,MISSING,MISSING,MISSING,MISSING,MISSING,N/A,MISSING,MISSING,MISSING,IMPLEMENTED,MISSING,IMPLEMENTED,MISSING,MISSING,IMPLEMENTED,WASM_UNSUPPORTED,IMPLEMENTED,MISSING,MISSING,IMPLEMENTED,IMPLEMENTED,BROKEN,ADD_AST_CONTRACT,codex-step1
UXB-SURFACE-044,STR,builtin,builtin_function,STR,STR,src/parser/parser/parser_expr.fbs,IMPLEMENTED,IMPLEMENTED,STR_STMT,IMPLEMENTED,IMPLEMENTED,IMPLEMENTED,IMPLEMENTED,IMPLEMENTED,MIR_STR,IMPLEMENTED,IMPLEMENTED,IMPLEMENTED,IMPLEMENTED,IMPLEMENTED,IMPLEMENTED,IMPLEMENTED,IMPLEMENTED,IMPLEMENTED,WASM_UNSUPPORTED,IMPLEMENTED,IMPLEMENTED,IMPLEMENTED,IMPLEMENTED,IMPLEMENTED,IMPLEMENTED,KEEP_GATE_COVERAGE,codex-step1
UXB-SURFACE-045,STRPTR,builtin,builtin_function,STRPTR,STRPTR,src/parser/parser/parser_stmt_dispatch.fbs,IMPLEMENTED,IMPLEMENTED,STRPTR_STMT,MISSING,MISSING,MISSING,MISSING,MISSING,N/A,MISSING,MISSING,MISSING,IMPLEMENTED,IMPLEMENTED,MISSING,MISSING,MISSING,IMPLEMENTED,WASM_UNSUPPORTED,IMPLEMENTED,MISSING,MISSING,IMPLEMENTED,IMPLEMENTED,BROKEN,ADD_AST_CONTRACT,codex-step1
UXB-SURFACE-046,TAN,builtin,builtin_function,TAN,TAN,src/parser/parser/parser_shared.fbs,IMPLEMENTED,IMPLEMENTED,TAN_STMT,MISSING,IMPLEMENTED,MISSING,IMPLEMENTED,MISSING,MIR_TAN,IMPLEMENTED,MISSING,MISSING,IMPLEMENTED,IMPLEMENTED,IMPLEMENTED,MISSING,MISSING,IMPLEMENTED,WASM_UNSUPPORTED,IMPLEMENTED,IMPLEMENTED,IMPLEMENTED,IMPLEMENTED,IMPLEMENTED,BROKEN,ADD_AST_CONTRACT,codex-step1
UXB-SURFACE-047,THREAD,builtin,builtin_function,THREAD,THREAD,src/parser/parser/parser_stmt_event_pipe.fbs,IMPLEMENTED,IMPLEMENTED,THREAD_STMT,MISSING,IMPLEMENTED,MISSING,MISSING,IMPLEMENTED,MIR_THREAD,IMPLEMENTED,MISSING,MISSING,IMPLEMENTED,IMPLEMENTED,IMPLEMENTED,MISSING,MISSING,IMPLEMENTED,WASM_UNSUPPORTED,IMPLEMENTED,IMPLEMENTED,IMPLEMENTED,IMPLEMENTED,IMPLEMENTED,BROKEN,ADD_AST_CONTRACT,codex-step1
UXB-SURFACE-048,THREAT,builtin,builtin_function,THREAT,THREAT,docs/keyword_layer_matrix.csv,IMPLEMENTED,MISSING,N/A,MISSING,MISSING,MISSING,MISSING,MISSING,N/A,MISSING,MISSING,MISSING,MISSING,MISSING,MISSING,MISSING,MISSING,IMPLEMENTED,WASM_UNSUPPORTED,IMPLEMENTED,MISSING,MISSING,MISSING,IMPLEMENTED,BROKEN,ADD_PARSER_HANDLER,codex-step1
UXB-SURFACE-049,TIMER,builtin,builtin_function,TIMER,TIMER,src/parser/parser/parser_expr.fbs,IMPLEMENTED,IMPLEMENTED,TIMER_STMT,MISSING,MISSING,MISSING,MISSING,MISSING,MIR_TIMER,IMPLEMENTED,MISSING,MISSING,IMPLEMENTED,IMPLEMENTED,IMPLEMENTED,MISSING,MISSING,IMPLEMENTED,RUNTIME_CALL,IMPLEMENTED,MISSING,MISSING,IMPLEMENTED,IMPLEMENTED,BROKEN,ADD_AST_CONTRACT,codex-step1
UXB-SURFACE-050,TRIGGER,builtin,builtin_function,TRIGGER,TRIGGER,src/parser/parser/parser_stmt_event_pipe.fbs,IMPLEMENTED,IMPLEMENTED,TRIGGER_STMT,MISSING,IMPLEMENTED,MISSING,MISSING,MISSING,N/A,MISSING,MISSING,MISSING,IMPLEMENTED,IMPLEMENTED,IMPLEMENTED,MISSING,MISSING,IMPLEMENTED,WASM_UNSUPPORTED,IMPLEMENTED,MISSING,IMPLEMENTED,IMPLEMENTED,IMPLEMENTED,BROKEN,ADD_AST_CONTRACT,codex-step1
UXB-SURFACE-051,UCASE,builtin,builtin_function,UCASE,UCASE,src/parser/parser/parser_expr.fbs,IMPLEMENTED,IMPLEMENTED,UCASE_STMT,IMPLEMENTED,IMPLEMENTED,IMPLEMENTED,IMPLEMENTED,IMPLEMENTED,MIR_UCASE,IMPLEMENTED,IMPLEMENTED,IMPLEMENTED,IMPLEMENTED,IMPLEMENTED,IMPLEMENTED,IMPLEMENTED,IMPLEMENTED,IMPLEMENTED,WASM_UNSUPPORTED,IMPLEMENTED,MISSING,MISSING,IMPLEMENTED,IMPLEMENTED,IMPLEMENTED,KEEP_GATE_COVERAGE,codex-step1
UXB-SURFACE-052,VAL,builtin,builtin_function,VAL,VAL,src/parser/parser/parser_expr.fbs,IMPLEMENTED,IMPLEMENTED,VAL_STMT,IMPLEMENTED,IMPLEMENTED,IMPLEMENTED,IMPLEMENTED,IMPLEMENTED,MIR_VAL,IMPLEMENTED,IMPLEMENTED,IMPLEMENTED,IMPLEMENTED,IMPLEMENTED,IMPLEMENTED,IMPLEMENTED,IMPLEMENTED,IMPLEMENTED,WASM_UNSUPPORTED,IMPLEMENTED,IMPLEMENTED,IMPLEMENTED,IMPLEMENTED,IMPLEMENTED,IMPLEMENTED,KEEP_GATE_COVERAGE,codex-step1
UXB-SURFACE-053,VIRTUAL,builtin,builtin_function,VIRTUAL,VIRTUAL,src/parser/parser/parser_stmt_decl_class_method.fbs,IMPLEMENTED,IMPLEMENTED,VIRTUAL_STMT,IMPLEMENTED,IMPLEMENTED,MISSING,MISSING,MISSING,N/A,MISSING,MISSING,MISSING,IMPLEMENTED,MISSING,IMPLEMENTED,IMPLEMENTED,MISSING,IMPLEMENTED,WASM_UNSUPPORTED,IMPLEMENTED,MISSING,IMPLEMENTED,IMPLEMENTED,IMPLEMENTED,IMPLEMENTED,KEEP_GATE_COVERAGE,codex-step1
UXB-SURFACE-054,ARRAY,collection,basic_statement,ARRAY,ARRAY,src/parser/parser/parser_shared.fbs,IMPLEMENTED,IMPLEMENTED,ARRAY_STMT,MISSING,MISSING,IMPLEMENTED,IMPLEMENTED,IMPLEMENTED,MIR_ARRAY,IMPLEMENTED,IMPLEMENTED,IMPLEMENTED,IMPLEMENTED,IMPLEMENTED,IMPLEMENTED,IMPLEMENTED,MISSING,IMPLEMENTED,IMPLEMENTED,IMPLEMENTED,MISSING,IMPLEMENTED,IMPLEMENTED,IMPLEMENTED,BROKEN,ADD_AST_CONTRACT,codex-step1
UXB-SURFACE-055,DICT,collection,basic_statement,DICT,DICT,src/parser/parser/parser_shared.fbs,IMPLEMENTED,IMPLEMENTED,DICT_STMT,MISSING,MISSING,IMPLEMENTED,IMPLEMENTED,IMPLEMENTED,N/A,MISSING,MISSING,MISSING,IMPLEMENTED,IMPLEMENTED,MISSING,MISSING,MISSING,IMPLEMENTED,WASM_UNSUPPORTED,IMPLEMENTED,IMPLEMENTED,IMPLEMENTED,IMPLEMENTED,IMPLEMENTED,BROKEN,ADD_AST_CONTRACT,codex-step1
UXB-SURFACE-056,LIST,collection,basic_statement,LIST,LIST,src/parser/parser/parser_shared.fbs,IMPLEMENTED,IMPLEMENTED,LIST_STMT,IMPLEMENTED,IMPLEMENTED,IMPLEMENTED,IMPLEMENTED,IMPLEMENTED,MIR_LIST,IMPLEMENTED,MISSING,MISSING,IMPLEMENTED,IMPLEMENTED,IMPLEMENTED,MISSING,IMPLEMENTED,IMPLEMENTED,WASM_UNSUPPORTED,IMPLEMENTED,MISSING,IMPLEMENTED,IMPLEMENTED,IMPLEMENTED,IMPLEMENTED,KEEP_GATE_COVERAGE,codex-step1
UXB-SURFACE-057,SET,collection,basic_statement,SET,SET,src/parser/parser/parser_expr.fbs,IMPLEMENTED,IMPLEMENTED,SET_STMT,IMPLEMENTED,IMPLEMENTED,IMPLEMENTED,IMPLEMENTED,IMPLEMENTED,MIR_SET,IMPLEMENTED,MISSING,MISSING,IMPLEMENTED,IMPLEMENTED,IMPLEMENTED,IMPLEMENTED,MISSING,IMPLEMENTED,WASM_UNSUPPORTED,IMPLEMENTED,IMPLEMENTED,IMPLEMENTED,IMPLEMENTED,IMPLEMENTED,IMPLEMENTED,KEEP_GATE_COVERAGE,codex-step1
UXB-SURFACE-058,ABSTRACT,compile_time,directive,ABSTRACT,ABSTRACT,src/parser/parser/parser_stmt_decl_core.fbs,IMPLEMENTED,IMPLEMENTED,ABSTRACT_STMT,IMPLEMENTED,IMPLEMENTED,MISSING,MISSING,MISSING,N/A,MISSING,MISSING,MISSING,IMPLEMENTED,COMPILE_TIME_ONLY,COMPILE_TIME_ONLY,COMPILE_TIME_ONLY,COMPILE_TIME_ONLY,IMPLEMENTED,IMPLEMENTED,IMPLEMENTED,COMPILE_TIME_ONLY,MISSING,IMPLEMENTED,IMPLEMENTED,COMPILE_TIME_ONLY,KEEP_COMPILE_TIME_CONTRACT,codex-step1
UXB-SURFACE-059,ALIAS,compile_time,directive,ALIAS,ALIAS,src/parser/parser/parser_stmt_decl_dispatch.fbs,IMPLEMENTED,IMPLEMENTED,ALIAS_STMT,IMPLEMENTED,MISSING,MISSING,MISSING,MISSING,MIR_ALIAS,IMPLEMENTED,MISSING,MISSING,IMPLEMENTED,IMPLEMENTED,COMPILE_TIME_ONLY,COMPILE_TIME_ONLY,COMPILE_TIME_ONLY,IMPLEMENTED,IMPLEMENTED,IMPLEMENTED,IMPLEMENTED,IMPLEMENTED,IMPLEMENTED,IMPLEMENTED,COMPILE_TIME_ONLY,KEEP_COMPILE_TIME_CONTRACT,codex-step1
UXB-SURFACE-060,BYREF,compile_time,directive,BYREF,BYREF,src/parser/parser/parser_expr.fbs,IMPLEMENTED,IMPLEMENTED,BYREF_STMT,IMPLEMENTED,IMPLEMENTED,IMPLEMENTED,IMPLEMENTED,IMPLEMENTED,MIR_BYREF,IMPLEMENTED,IMPLEMENTED,IMPLEMENTED,IMPLEMENTED,IMPLEMENTED,IMPLEMENTED,IMPLEMENTED,IMPLEMENTED,IMPLEMENTED,IMPLEMENTED,IMPLEMENTED,COMPILE_TIME_ONLY,MISSING,IMPLEMENTED,IMPLEMENTED,COMPILE_TIME_ONLY,KEEP_COMPILE_TIME_CONTRACT,codex-step1
UXB-SURFACE-061,BYVAL,compile_time,directive,BYVAL,BYVAL,src/parser/parser/parser_shared.fbs,IMPLEMENTED,IMPLEMENTED,BYVAL_STMT,IMPLEMENTED,IMPLEMENTED,IMPLEMENTED,IMPLEMENTED,IMPLEMENTED,MIR_BYVAL,IMPLEMENTED,IMPLEMENTED,IMPLEMENTED,IMPLEMENTED,IMPLEMENTED,IMPLEMENTED,IMPLEMENTED,IMPLEMENTED,IMPLEMENTED,IMPLEMENTED,IMPLEMENTED,IMPLEMENTED,MISSING,IMPLEMENTED,IMPLEMENTED,COMPILE_TIME_ONLY,KEEP_COMPILE_TIME_CONTRACT,codex-step1
UXB-SURFACE-062,CDECL,compile_time,directive,CDECL,CDECL,src/parser/parser/parser_stmt_decl_class_method.fbs,IMPLEMENTED,IMPLEMENTED,CDECL_STMT,MISSING,MISSING,MISSING,MISSING,MISSING,MIR_CDECL,IMPLEMENTED,MISSING,MISSING,IMPLEMENTED,IMPLEMENTED,IMPLEMENTED,COMPILE_TIME_ONLY,IMPLEMENTED,IMPLEMENTED,IMPLEMENTED,IMPLEMENTED,IMPLEMENTED,MISSING,IMPLEMENTED,IMPLEMENTED,COMPILE_TIME_ONLY,KEEP_COMPILE_TIME_CONTRACT,codex-step1
UXB-SURFACE-063,FINAL,compile_time,directive,FINAL,FINAL,src/parser/parser/parser_stmt_decl_core.fbs,IMPLEMENTED,IMPLEMENTED,FINAL_STMT,IMPLEMENTED,IMPLEMENTED,MISSING,MISSING,MISSING,MIR_FINAL,IMPLEMENTED,MISSING,IMPLEMENTED,IMPLEMENTED,COMPILE_TIME_ONLY,COMPILE_TIME_ONLY,COMPILE_TIME_ONLY,COMPILE_TIME_ONLY,IMPLEMENTED,IMPLEMENTED,IMPLEMENTED,COMPILE_TIME_ONLY,IMPLEMENTED,IMPLEMENTED,IMPLEMENTED,COMPILE_TIME_ONLY,KEEP_COMPILE_TIME_CONTRACT,codex-step1
UXB-SURFACE-064,FRIEND,compile_time,directive,FRIEND,FRIEND,src/parser/parser/parser_stmt_decl_class_method.fbs,IMPLEMENTED,IMPLEMENTED,FRIEND_STMT,IMPLEMENTED,MISSING,MISSING,MISSING,MISSING,N/A,MISSING,MISSING,MISSING,IMPLEMENTED,COMPILE_TIME_ONLY,IMPLEMENTED,COMPILE_TIME_ONLY,COMPILE_TIME_ONLY,IMPLEMENTED,IMPLEMENTED,IMPLEMENTED,COMPILE_TIME_ONLY,IMPLEMENTED,IMPLEMENTED,IMPLEMENTED,COMPILE_TIME_ONLY,KEEP_COMPILE_TIME_CONTRACT,codex-step1
UXB-SURFACE-065,IMMUTABLE,compile_time,directive,IMMUTABLE,IMMUTABLE,src/parser/parser/parser_stmt_decl_class_method.fbs,IMPLEMENTED,IMPLEMENTED,IMMUTABLE_STMT,MISSING,MISSING,MISSING,MISSING,MISSING,MIR_IMMUTABLE,IMPLEMENTED,MISSING,MISSING,IMPLEMENTED,COMPILE_TIME_ONLY,COMPILE_TIME_ONLY,COMPILE_TIME_ONLY,COMPILE_TIME_ONLY,IMPLEMENTED,IMPLEMENTED,IMPLEMENTED,COMPILE_TIME_ONLY,MISSING,IMPLEMENTED,IMPLEMENTED,COMPILE_TIME_ONLY,KEEP_COMPILE_TIME_CONTRACT,codex-step1
UXB-SURFACE-066,IMPORT,compile_time,directive,IMPORT,"IMPORT ""json"" AS json",src/parser/parser/parser_path_validation_helpers.fbs,IMPLEMENTED,IMPLEMENTED,IMPORT_STMT,IMPLEMENTED,IMPLEMENTED,MISSING,MISSING,MISSING,N/A,MISSING,MISSING,MISSING,IMPLEMENTED,COMPILE_TIME_ONLY,COMPILE_TIME_ONLY,COMPILE_TIME_ONLY,COMPILE_TIME_ONLY,IMPLEMENTED,IMPLEMENTED,IMPLEMENTED,IMPLEMENTED,IMPLEMENTED,IMPLEMENTED,IMPLEMENTED,COMPILE_TIME_ONLY,KEEP_COMPILE_TIME_CONTRACT,codex-step1
UXB-SURFACE-067,INCLUDE,compile_time,directive,INCLUDE,"INCLUDE ""file.uxmh""",src/parser/parser/parser_path_validation_helpers.fbs,IMPLEMENTED,IMPLEMENTED,INCLUDE_STMT,IMPLEMENTED,IMPLEMENTED,MISSING,IMPLEMENTED,MISSING,MIR_INCLUDE,IMPLEMENTED,IMPLEMENTED,MISSING,IMPLEMENTED,IMPLEMENTED,IMPLEMENTED,IMPLEMENTED,IMPLEMENTED,IMPLEMENTED,IMPLEMENTED,IMPLEMENTED,IMPLEMENTED,IMPLEMENTED,IMPLEMENTED,IMPLEMENTED,COMPILE_TIME_ONLY,KEEP_COMPILE_TIME_CONTRACT,codex-step1
UXB-SURFACE-068,MODULE,compile_time,directive,MODULE,MODULE,src/parser/parser/parser_shared.fbs,IMPLEMENTED,IMPLEMENTED,MODULE_STMT,IMPLEMENTED,MISSING,MISSING,MISSING,IMPLEMENTED,MIR_MODULE,IMPLEMENTED,IMPLEMENTED,IMPLEMENTED,IMPLEMENTED,IMPLEMENTED,COMPILE_TIME_ONLY,IMPLEMENTED,COMPILE_TIME_ONLY,IMPLEMENTED,IMPLEMENTED,IMPLEMENTED,IMPLEMENTED,IMPLEMENTED,IMPLEMENTED,IMPLEMENTED,COMPILE_TIME_ONLY,KEEP_COMPILE_TIME_CONTRACT,codex-step1
UXB-SURFACE-069,MUTABLE,compile_time,directive,MUTABLE,MUTABLE,src/parser/parser/parser_stmt_decl_class_method.fbs,IMPLEMENTED,IMPLEMENTED,MUTABLE_STMT,MISSING,MISSING,MISSING,MISSING,MISSING,MIR_MUTABLE,IMPLEMENTED,MISSING,MISSING,IMPLEMENTED,COMPILE_TIME_ONLY,COMPILE_TIME_ONLY,COMPILE_TIME_ONLY,COMPILE_TIME_ONLY,IMPLEMENTED,IMPLEMENTED,IMPLEMENTED,COMPILE_TIME_ONLY,MISSING,IMPLEMENTED,IMPLEMENTED,COMPILE_TIME_ONLY,KEEP_COMPILE_TIME_CONTRACT,codex-step1
UXB-SURFACE-070,NAMESPACE,compile_time,directive,NAMESPACE,NAMESPACE,src/parser/parser/parser_stmt_decl_dispatch.fbs,IMPLEMENTED,IMPLEMENTED,NAMESPACE_STMT,IMPLEMENTED,MISSING,MISSING,MISSING,IMPLEMENTED,N/A,MISSING,MISSING,MISSING,IMPLEMENTED,COMPILE_TIME_ONLY,COMPILE_TIME_ONLY,COMPILE_TIME_ONLY,COMPILE_TIME_ONLY,IMPLEMENTED,IMPLEMENTED,IMPLEMENTED,COMPILE_TIME_ONLY,IMPLEMENTED,IMPLEMENTED,IMPLEMENTED,COMPILE_TIME_ONLY,KEEP_COMPILE_TIME_CONTRACT,codex-step1
UXB-SURFACE-071,PRIVATE,compile_time,directive,PRIVATE,PRIVATE,src/parser/parser/parser_expr.fbs,IMPLEMENTED,IMPLEMENTED,PRIVATE_STMT,IMPLEMENTED,IMPLEMENTED,IMPLEMENTED,IMPLEMENTED,IMPLEMENTED,MIR_PRIVATE,IMPLEMENTED,IMPLEMENTED,IMPLEMENTED,IMPLEMENTED,IMPLEMENTED,IMPLEMENTED,IMPLEMENTED,IMPLEMENTED,IMPLEMENTED,IMPLEMENTED,IMPLEMENTED,COMPILE_TIME_ONLY,IMPLEMENTED,IMPLEMENTED,IMPLEMENTED,COMPILE_TIME_ONLY,KEEP_COMPILE_TIME_CONTRACT,codex-step1
UXB-SURFACE-072,PROTECTED,compile_time,directive,PROTECTED,PROTECTED,src/parser/parser/parser_stmt_decl_class_method.fbs,IMPLEMENTED,IMPLEMENTED,PROTECTED_STMT,IMPLEMENTED,MISSING,MISSING,MISSING,MISSING,N/A,MISSING,MISSING,MISSING,IMPLEMENTED,COMPILE_TIME_ONLY,COMPILE_TIME_ONLY,COMPILE_TIME_ONLY,COMPILE_TIME_ONLY,IMPLEMENTED,IMPLEMENTED,IMPLEMENTED,COMPILE_TIME_ONLY,IMPLEMENTED,IMPLEMENTED,IMPLEMENTED,COMPILE_TIME_ONLY,KEEP_COMPILE_TIME_CONTRACT,codex-step1
UXB-SURFACE-073,PUBLIC,compile_time,directive,PUBLIC,PUBLIC,src/parser/parser/parser_stmt_decl_class_method.fbs,IMPLEMENTED,IMPLEMENTED,PUBLIC_STMT,IMPLEMENTED,MISSING,MISSING,MISSING,MISSING,N/A,MISSING,MISSING,MISSING,IMPLEMENTED,COMPILE_TIME_ONLY,COMPILE_TIME_ONLY,COMPILE_TIME_ONLY,COMPILE_TIME_ONLY,IMPLEMENTED,IMPLEMENTED,IMPLEMENTED,IMPLEMENTED,IMPLEMENTED,IMPLEMENTED,IMPLEMENTED,COMPILE_TIME_ONLY,KEEP_COMPILE_TIME_CONTRACT,codex-step1
UXB-SURFACE-074,READONLY,compile_time,directive,READONLY,READONLY,src/parser/parser/parser_stmt_decl_class_method.fbs,IMPLEMENTED,IMPLEMENTED,READONLY_STMT,MISSING,MISSING,MISSING,MISSING,MISSING,MIR_READONLY,IMPLEMENTED,MISSING,MISSING,IMPLEMENTED,COMPILE_TIME_ONLY,COMPILE_TIME_ONLY,COMPILE_TIME_ONLY,COMPILE_TIME_ONLY,IMPLEMENTED,IMPLEMENTED,IMPLEMENTED,COMPILE_TIME_ONLY,MISSING,IMPLEMENTED,IMPLEMENTED,COMPILE_TIME_ONLY,KEEP_COMPILE_TIME_CONTRACT,codex-step1
UXB-SURFACE-075,RESTRICTED,compile_time,directive,RESTRICTED,RESTRICTED,src/parser/parser/parser_stmt_decl_class_method.fbs,IMPLEMENTED,IMPLEMENTED,RESTRICTED_STMT,MISSING,MISSING,MISSING,MISSING,MISSING,N/A,MISSING,MISSING,MISSING,IMPLEMENTED,COMPILE_TIME_ONLY,COMPILE_TIME_ONLY,COMPILE_TIME_ONLY,COMPILE_TIME_ONLY,IMPLEMENTED,IMPLEMENTED,IMPLEMENTED,COMPILE_TIME_ONLY,IMPLEMENTED,IMPLEMENTED,IMPLEMENTED,COMPILE_TIME_ONLY,KEEP_COMPILE_TIME_CONTRACT,codex-step1
UXB-SURFACE-076,SEALED,compile_time,directive,SEALED,SEALED,src/parser/parser/parser_stmt_decl_core.fbs,IMPLEMENTED,IMPLEMENTED,SEALED_STMT,MISSING,IMPLEMENTED,MISSING,MISSING,MISSING,N/A,MISSING,MISSING,MISSING,COMPILE_TIME_ONLY,COMPILE_TIME_ONLY,COMPILE_TIME_ONLY,COMPILE_TIME_ONLY,COMPILE_TIME_ONLY,IMPLEMENTED,IMPLEMENTED,IMPLEMENTED,COMPILE_TIME_ONLY,MISSING,IMPLEMENTED,IMPLEMENTED,COMPILE_TIME_ONLY,KEEP_COMPILE_TIME_CONTRACT,codex-step1
UXB-SURFACE-077,STATIC,compile_time,directive,STATIC,STATIC,src/parser/parser/parser_stmt_decl_class_method.fbs,IMPLEMENTED,IMPLEMENTED,STATIC_STMT,IMPLEMENTED,MISSING,MISSING,MISSING,MISSING,MIR_STATIC,IMPLEMENTED,MISSING,MISSING,IMPLEMENTED,COMPILE_TIME_ONLY,IMPLEMENTED,IMPLEMENTED,COMPILE_TIME_ONLY,IMPLEMENTED,IMPLEMENTED,IMPLEMENTED,IMPLEMENTED,MISSING,IMPLEMENTED,IMPLEMENTED,COMPILE_TIME_ONLY,KEEP_COMPILE_TIME_CONTRACT,codex-step1
UXB-SURFACE-078,STDCALL,compile_time,directive,STDCALL,STDCALL,src/parser/parser/parser_stmt_dispatch.fbs,IMPLEMENTED,IMPLEMENTED,STDCALL_STMT,MISSING,MISSING,MISSING,MISSING,MISSING,MIR_STDCALL,IMPLEMENTED,MISSING,MISSING,IMPLEMENTED,IMPLEMENTED,IMPLEMENTED,COMPILE_TIME_ONLY,IMPLEMENTED,IMPLEMENTED,IMPLEMENTED,IMPLEMENTED,COMPILE_TIME_ONLY,MISSING,IMPLEMENTED,IMPLEMENTED,COMPILE_TIME_ONLY,KEEP_COMPILE_TIME_CONTRACT,codex-step1
UXB-SURFACE-079,USING,compile_time,directive,USING,USING,src/parser/parser/parser_stmt_decl_dispatch.fbs,IMPLEMENTED,IMPLEMENTED,USING_STMT,IMPLEMENTED,MISSING,MISSING,MISSING,MISSING,N/A,MISSING,MISSING,MISSING,IMPLEMENTED,COMPILE_TIME_ONLY,COMPILE_TIME_ONLY,COMPILE_TIME_ONLY,COMPILE_TIME_ONLY,IMPLEMENTED,IMPLEMENTED,IMPLEMENTED,IMPLEMENTED,IMPLEMENTED,IMPLEMENTED,IMPLEMENTED,COMPILE_TIME_ONLY,KEEP_COMPILE_TIME_CONTRACT,codex-step1
UXB-SURFACE-080,CASE,control_flow,basic_statement,CASE,CASE,src/parser/parser/parser_expr.fbs,IMPLEMENTED,IMPLEMENTED,CASE_STMT,IMPLEMENTED,IMPLEMENTED,IMPLEMENTED,IMPLEMENTED,IMPLEMENTED,MIR_CASE,IMPLEMENTED,IMPLEMENTED,IMPLEMENTED,IMPLEMENTED,IMPLEMENTED,IMPLEMENTED,IMPLEMENTED,IMPLEMENTED,IMPLEMENTED,WASM_UNSUPPORTED,IMPLEMENTED,MISSING,IMPLEMENTED,IMPLEMENTED,IMPLEMENTED,IMPLEMENTED,KEEP_GATE_COVERAGE,codex-step1
UXB-SURFACE-081,DO,control_flow,basic_statement,DO,DO,src/parser/parser/parser_expr.fbs,IMPLEMENTED,IMPLEMENTED,DO_STMT,IMPLEMENTED,IMPLEMENTED,IMPLEMENTED,IMPLEMENTED,IMPLEMENTED,MIR_DO,IMPLEMENTED,IMPLEMENTED,IMPLEMENTED,IMPLEMENTED,IMPLEMENTED,IMPLEMENTED,IMPLEMENTED,IMPLEMENTED,IMPLEMENTED,IMPLEMENTED,IMPLEMENTED,IMPLEMENTED,IMPLEMENTED,IMPLEMENTED,IMPLEMENTED,IMPLEMENTED,KEEP_GATE_COVERAGE,codex-step1
UXB-SURFACE-082,EACH,control_flow,basic_statement,EACH,EACH,src/parser/parser/parser_stmt_flow.fbs,IMPLEMENTED,IMPLEMENTED,EACH_STMT,IMPLEMENTED,IMPLEMENTED,MISSING,MISSING,MISSING,N/A,MISSING,IMPLEMENTED,MISSING,IMPLEMENTED,MISSING,IMPLEMENTED,MISSING,MISSING,IMPLEMENTED,WASM_UNSUPPORTED,IMPLEMENTED,MISSING,IMPLEMENTED,IMPLEMENTED,IMPLEMENTED,IMPLEMENTED,KEEP_GATE_COVERAGE,codex-step1
UXB-SURFACE-083,ELSE,control_flow,basic_statement,ELSE,ELSE,src/parser/parser/parser_expr.fbs,IMPLEMENTED,IMPLEMENTED,ELSE_STMT,IMPLEMENTED,IMPLEMENTED,IMPLEMENTED,IMPLEMENTED,IMPLEMENTED,MIR_ELSE,IMPLEMENTED,IMPLEMENTED,IMPLEMENTED,IMPLEMENTED,IMPLEMENTED,IMPLEMENTED,IMPLEMENTED,IMPLEMENTED,IMPLEMENTED,IMPLEMENTED,IMPLEMENTED,IMPLEMENTED,IMPLEMENTED,IMPLEMENTED,IMPLEMENTED,IMPLEMENTED,KEEP_GATE_COVERAGE,codex-step1
UXB-SURFACE-084,ELSEIF,control_flow,basic_statement,ELSEIF,ELSEIF,src/parser/parser/parser_expr.fbs,IMPLEMENTED,IMPLEMENTED,ELSEIF_STMT,IMPLEMENTED,IMPLEMENTED,MISSING,IMPLEMENTED,MISSING,MIR_ELSEIF,IMPLEMENTED,MISSING,MISSING,IMPLEMENTED,IMPLEMENTED,IMPLEMENTED,IMPLEMENTED,MISSING,IMPLEMENTED,IMPLEMENTED,IMPLEMENTED,MISSING,IMPLEMENTED,IMPLEMENTED,IMPLEMENTED,IMPLEMENTED,KEEP_GATE_COVERAGE,codex-step1
UXB-SURFACE-085,END,control_flow,basic_statement,END,END,src/parser/parser/parser_expr.fbs,IMPLEMENTED,IMPLEMENTED,END_STMT,IMPLEMENTED,IMPLEMENTED,IMPLEMENTED,IMPLEMENTED,IMPLEMENTED,MIR_END,IMPLEMENTED,IMPLEMENTED,IMPLEMENTED,IMPLEMENTED,IMPLEMENTED,IMPLEMENTED,IMPLEMENTED,IMPLEMENTED,IMPLEMENTED,WASM_UNSUPPORTED,IMPLEMENTED,IMPLEMENTED,IMPLEMENTED,IMPLEMENTED,IMPLEMENTED,IMPLEMENTED,KEEP_GATE_COVERAGE,codex-step1
UXB-SURFACE-086,EXIT,control_flow,basic_statement,EXIT,EXIT,src/parser/parser/parser_expr.fbs,IMPLEMENTED,IMPLEMENTED,EXIT_STMT,IMPLEMENTED,IMPLEMENTED,MISSING,IMPLEMENTED,IMPLEMENTED,MIR_EXIT,IMPLEMENTED,IMPLEMENTED,IMPLEMENTED,IMPLEMENTED,IMPLEMENTED,IMPLEMENTED,IMPLEMENTED,IMPLEMENTED,IMPLEMENTED,WASM_UNSUPPORTED,IMPLEMENTED,IMPLEMENTED,IMPLEMENTED,IMPLEMENTED,IMPLEMENTED,IMPLEMENTED,KEEP_GATE_COVERAGE,codex-step1
UXB-SURFACE-087,FOR,control_flow,basic_statement,FOR,FOR i = 1 TO 3,src/parser/parser/parser_expr.fbs,IMPLEMENTED,IMPLEMENTED,FOR_STMT,IMPLEMENTED,IMPLEMENTED,IMPLEMENTED,IMPLEMENTED,IMPLEMENTED,MIR_FOR,IMPLEMENTED,IMPLEMENTED,IMPLEMENTED,IMPLEMENTED,IMPLEMENTED,IMPLEMENTED,IMPLEMENTED,IMPLEMENTED,IMPLEMENTED,IMPLEMENTED,IMPLEMENTED,IMPLEMENTED,IMPLEMENTED,IMPLEMENTED,IMPLEMENTED,IMPLEMENTED,KEEP_GATE_COVERAGE,codex-step1
UXB-SURFACE-088,GOSUB,control_flow,basic_statement,GOSUB,GOSUB,src/parser/parser/parser_stmt_flow.fbs,IMPLEMENTED,IMPLEMENTED,GOSUB_STMT,IMPLEMENTED,MISSING,MISSING,MISSING,MISSING,N/A,MISSING,MISSING,MISSING,IMPLEMENTED,MISSING,IMPLEMENTED,IMPLEMENTED,MISSING,IMPLEMENTED,WASM_UNSUPPORTED,IMPLEMENTED,MISSING,IMPLEMENTED,IMPLEMENTED,IMPLEMENTED,IMPLEMENTED,KEEP_GATE_COVERAGE,codex-step1
UXB-SURFACE-089,GOTO,control_flow,basic_statement,GOTO,GOTO,src/parser/parser/parser_stmt_flow.fbs,IMPLEMENTED,IMPLEMENTED,GOTO_STMT,IMPLEMENTED,MISSING,MISSING,MISSING,MISSING,MIR_GOTO,IMPLEMENTED,MISSING,IMPLEMENTED,IMPLEMENTED,MISSING,IMPLEMENTED,IMPLEMENTED,MISSING,IMPLEMENTED,WASM_UNSUPPORTED,IMPLEMENTED,MISSING,IMPLEMENTED,IMPLEMENTED,IMPLEMENTED,IMPLEMENTED,KEEP_GATE_COVERAGE,codex-step1
UXB-SURFACE-090,IF,control_flow,basic_statement,IF,IF x THEN PRINT x,src/parser/parser/parser_expr.fbs,IMPLEMENTED,IMPLEMENTED,IF_STMT,IMPLEMENTED,IMPLEMENTED,IMPLEMENTED,IMPLEMENTED,IMPLEMENTED,MIR_IF,IMPLEMENTED,IMPLEMENTED,IMPLEMENTED,IMPLEMENTED,IMPLEMENTED,IMPLEMENTED,IMPLEMENTED,IMPLEMENTED,IMPLEMENTED,IMPLEMENTED,IMPLEMENTED,IMPLEMENTED,IMPLEMENTED,IMPLEMENTED,IMPLEMENTED,IMPLEMENTED,KEEP_GATE_COVERAGE,codex-step1
UXB-SURFACE-091,IN,control_flow,basic_statement,IN,IN,src/parser/parser/parser_expr.fbs,IMPLEMENTED,IMPLEMENTED,IN_STMT,IMPLEMENTED,IMPLEMENTED,IMPLEMENTED,IMPLEMENTED,IMPLEMENTED,MIR_IN,IMPLEMENTED,IMPLEMENTED,IMPLEMENTED,IMPLEMENTED,IMPLEMENTED,IMPLEMENTED,IMPLEMENTED,IMPLEMENTED,IMPLEMENTED,WASM_UNSUPPORTED,IMPLEMENTED,IMPLEMENTED,IMPLEMENTED,IMPLEMENTED,IMPLEMENTED,IMPLEMENTED,KEEP_GATE_COVERAGE,codex-step1
UXB-SURFACE-092,IS,control_flow,basic_statement,IS,IS,src/parser/parser/parser_expr.fbs,IMPLEMENTED,IMPLEMENTED,IS_STMT,IMPLEMENTED,IMPLEMENTED,IMPLEMENTED,IMPLEMENTED,IMPLEMENTED,MIR_IS,IMPLEMENTED,IMPLEMENTED,IMPLEMENTED,IMPLEMENTED,IMPLEMENTED,IMPLEMENTED,IMPLEMENTED,IMPLEMENTED,IMPLEMENTED,WASM_UNSUPPORTED,IMPLEMENTED,IMPLEMENTED,IMPLEMENTED,IMPLEMENTED,IMPLEMENTED,IMPLEMENTED,KEEP_GATE_COVERAGE,codex-step1
UXB-SURFACE-093,LOOP,control_flow,basic_statement,LOOP,LOOP,src/parser/parser/parser_expr.fbs,IMPLEMENTED,IMPLEMENTED,LOOP_STMT,IMPLEMENTED,IMPLEMENTED,MISSING,IMPLEMENTED,IMPLEMENTED,MIR_LOOP,IMPLEMENTED,MISSING,MISSING,IMPLEMENTED,IMPLEMENTED,IMPLEMENTED,MISSING,IMPLEMENTED,IMPLEMENTED,IMPLEMENTED,IMPLEMENTED,MISSING,IMPLEMENTED,IMPLEMENTED,IMPLEMENTED,IMPLEMENTED,KEEP_GATE_COVERAGE,codex-step1
UXB-SURFACE-094,NEXT,control_flow,basic_statement,NEXT,NEXT,src/parser/parser/parser_expr.fbs,IMPLEMENTED,IMPLEMENTED,NEXT_STMT,IMPLEMENTED,IMPLEMENTED,IMPLEMENTED,IMPLEMENTED,IMPLEMENTED,MIR_NEXT,IMPLEMENTED,IMPLEMENTED,IMPLEMENTED,IMPLEMENTED,IMPLEMENTED,IMPLEMENTED,IMPLEMENTED,IMPLEMENTED,IMPLEMENTED,IMPLEMENTED,IMPLEMENTED,MISSING,IMPLEMENTED,IMPLEMENTED,IMPLEMENTED,IMPLEMENTED,KEEP_GATE_COVERAGE,codex-step1
UXB-SURFACE-095,RETURN,control_flow,basic_statement,RETURN,RETURN,src/parser/parser/parser_expr.fbs,IMPLEMENTED,IMPLEMENTED,RETURN_STMT,IMPLEMENTED,IMPLEMENTED,IMPLEMENTED,IMPLEMENTED,IMPLEMENTED,MIR_RETURN,IMPLEMENTED,IMPLEMENTED,IMPLEMENTED,IMPLEMENTED,IMPLEMENTED,IMPLEMENTED,IMPLEMENTED,IMPLEMENTED,IMPLEMENTED,IMPLEMENTED,IMPLEMENTED,IMPLEMENTED,IMPLEMENTED,IMPLEMENTED,IMPLEMENTED,IMPLEMENTED,KEEP_GATE_COVERAGE,codex-step1
UXB-SURFACE-096,SELECT,control_flow,basic_statement,SELECT,SELECT,src/parser/parser/parser_expr.fbs,IMPLEMENTED,IMPLEMENTED,SELECT_STMT,IMPLEMENTED,IMPLEMENTED,IMPLEMENTED,IMPLEMENTED,IMPLEMENTED,MIR_SELECT,IMPLEMENTED,IMPLEMENTED,IMPLEMENTED,IMPLEMENTED,IMPLEMENTED,IMPLEMENTED,IMPLEMENTED,IMPLEMENTED,IMPLEMENTED,WASM_UNSUPPORTED,IMPLEMENTED,IMPLEMENTED,IMPLEMENTED,IMPLEMENTED,IMPLEMENTED,IMPLEMENTED,KEEP_GATE_COVERAGE,codex-step1
UXB-SURFACE-097,STEP,control_flow,basic_statement,STEP,STEP,src/parser/parser/parser_stmt_flow.fbs,IMPLEMENTED,IMPLEMENTED,STEP_STMT,IMPLEMENTED,IMPLEMENTED,MISSING,MISSING,IMPLEMENTED,MIR_STEP,IMPLEMENTED,IMPLEMENTED,MISSING,IMPLEMENTED,IMPLEMENTED,IMPLEMENTED,MISSING,IMPLEMENTED,IMPLEMENTED,IMPLEMENTED,IMPLEMENTED,MISSING,IMPLEMENTED,IMPLEMENTED,IMPLEMENTED,IMPLEMENTED,KEEP_GATE_COVERAGE,codex-step1
UXB-SURFACE-098,THEN,control_flow,basic_statement,THEN,THEN,src/parser/parser/parser_expr.fbs,IMPLEMENTED,IMPLEMENTED,THEN_STMT,IMPLEMENTED,IMPLEMENTED,IMPLEMENTED,IMPLEMENTED,IMPLEMENTED,MIR_THEN,IMPLEMENTED,IMPLEMENTED,IMPLEMENTED,IMPLEMENTED,IMPLEMENTED,IMPLEMENTED,IMPLEMENTED,IMPLEMENTED,IMPLEMENTED,IMPLEMENTED,IMPLEMENTED,IMPLEMENTED,IMPLEMENTED,IMPLEMENTED,IMPLEMENTED,IMPLEMENTED,KEEP_GATE_COVERAGE,codex-step1
UXB-SURFACE-099,TO,control_flow,basic_statement,TO,TO,src/parser/parser/parser_expr.fbs,IMPLEMENTED,IMPLEMENTED,TO_STMT,IMPLEMENTED,IMPLEMENTED,IMPLEMENTED,IMPLEMENTED,IMPLEMENTED,MIR_TO,IMPLEMENTED,IMPLEMENTED,IMPLEMENTED,IMPLEMENTED,IMPLEMENTED,IMPLEMENTED,IMPLEMENTED,IMPLEMENTED,IMPLEMENTED,IMPLEMENTED,IMPLEMENTED,IMPLEMENTED,IMPLEMENTED,IMPLEMENTED,IMPLEMENTED,IMPLEMENTED,KEEP_GATE_COVERAGE,codex-step1
UXB-SURFACE-100,UNTIL,control_flow,basic_statement,UNTIL,UNTIL,src/parser/parser/parser_stmt_flow.fbs,IMPLEMENTED,IMPLEMENTED,UNTIL_STMT,MISSING,MISSING,MISSING,MISSING,MISSING,N/A,MISSING,MISSING,MISSING,IMPLEMENTED,MISSING,IMPLEMENTED,MISSING,MISSING,IMPLEMENTED,MISSING,IMPLEMENTED,MISSING,MISSING,IMPLEMENTED,IMPLEMENTED,BROKEN,ADD_AST_CONTRACT,codex-step1
UXB-SURFACE-101,WHILE,control_flow,basic_statement,WHILE,WHILE,src/parser/parser/parser_expr.fbs,IMPLEMENTED,IMPLEMENTED,WHILE_STMT,IMPLEMENTED,IMPLEMENTED,MISSING,IMPLEMENTED,IMPLEMENTED,MIR_WHILE,IMPLEMENTED,MISSING,MISSING,IMPLEMENTED,IMPLEMENTED,IMPLEMENTED,MISSING,IMPLEMENTED,IMPLEMENTED,IMPLEMENTED,IMPLEMENTED,MISSING,IMPLEMENTED,IMPLEMENTED,IMPLEMENTED,IMPLEMENTED,KEEP_GATE_COVERAGE,codex-step1
UXB-SURFACE-102,AS,declaration,basic_statement,AS,AS,src/parser/parser/parser_expr.fbs,IMPLEMENTED,IMPLEMENTED,AS_STMT,IMPLEMENTED,IMPLEMENTED,IMPLEMENTED,IMPLEMENTED,IMPLEMENTED,MIR_AS,IMPLEMENTED,IMPLEMENTED,IMPLEMENTED,IMPLEMENTED,IMPLEMENTED,IMPLEMENTED,IMPLEMENTED,IMPLEMENTED,IMPLEMENTED,IMPLEMENTED,IMPLEMENTED,IMPLEMENTED,IMPLEMENTED,IMPLEMENTED,IMPLEMENTED,COMPILE_TIME_ONLY,KEEP_COMPILE_TIME_CONTRACT,codex-step1
UXB-SURFACE-103,CONST,declaration,basic_statement,CONST,CONST,src/parser/parser/parser_stmt_decl_class_method.fbs,IMPLEMENTED,IMPLEMENTED,CONST_STMT,IMPLEMENTED,IMPLEMENTED,IMPLEMENTED,IMPLEMENTED,IMPLEMENTED,MIR_CONST,IMPLEMENTED,MISSING,MISSING,IMPLEMENTED,IMPLEMENTED,IMPLEMENTED,IMPLEMENTED,MISSING,IMPLEMENTED,WASM_UNSUPPORTED,IMPLEMENTED,IMPLEMENTED,IMPLEMENTED,IMPLEMENTED,IMPLEMENTED,IMPLEMENTED,KEEP_GATE_COVERAGE,codex-step1
UXB-SURFACE-104,DEFBYT,declaration,basic_statement,DEFBYT,DEFBYT,src/parser/parser/parser_stmt_registry.fbs,IMPLEMENTED,IMPLEMENTED,DEFBYT_STMT,MISSING,MISSING,MISSING,MISSING,MISSING,N/A,MISSING,MISSING,MISSING,IMPLEMENTED,COMPILE_TIME_ONLY,COMPILE_TIME_ONLY,COMPILE_TIME_ONLY,COMPILE_TIME_ONLY,IMPLEMENTED,IMPLEMENTED,IMPLEMENTED,COMPILE_TIME_ONLY,MISSING,IMPLEMENTED,IMPLEMENTED,COMPILE_TIME_ONLY,KEEP_COMPILE_TIME_CONTRACT,codex-step1
UXB-SURFACE-105,DEFDBL,declaration,basic_statement,DEFDBL,DEFDBL,src/parser/parser/parser_stmt_registry.fbs,IMPLEMENTED,IMPLEMENTED,DEFDBL_STMT,MISSING,MISSING,MISSING,MISSING,MISSING,N/A,MISSING,MISSING,MISSING,IMPLEMENTED,COMPILE_TIME_ONLY,COMPILE_TIME_ONLY,COMPILE_TIME_ONLY,COMPILE_TIME_ONLY,IMPLEMENTED,IMPLEMENTED,IMPLEMENTED,COMPILE_TIME_ONLY,MISSING,IMPLEMENTED,IMPLEMENTED,COMPILE_TIME_ONLY,KEEP_COMPILE_TIME_CONTRACT,codex-step1
UXB-SURFACE-106,DEFEXT,declaration,basic_statement,DEFEXT,DEFEXT,src/parser/parser/parser_stmt_registry.fbs,IMPLEMENTED,IMPLEMENTED,DEFEXT_STMT,MISSING,MISSING,MISSING,MISSING,MISSING,N/A,MISSING,MISSING,MISSING,IMPLEMENTED,COMPILE_TIME_ONLY,COMPILE_TIME_ONLY,COMPILE_TIME_ONLY,COMPILE_TIME_ONLY,IMPLEMENTED,IMPLEMENTED,IMPLEMENTED,COMPILE_TIME_ONLY,MISSING,IMPLEMENTED,IMPLEMENTED,COMPILE_TIME_ONLY,KEEP_COMPILE_TIME_CONTRACT,codex-step1
UXB-SURFACE-107,DEFINT,declaration,basic_statement,DEFINT,DEFINT,src/parser/parser/parser_stmt_registry.fbs,IMPLEMENTED,IMPLEMENTED,DEFINT_STMT,MISSING,MISSING,MISSING,MISSING,MISSING,N/A,MISSING,MISSING,MISSING,IMPLEMENTED,COMPILE_TIME_ONLY,COMPILE_TIME_ONLY,COMPILE_TIME_ONLY,COMPILE_TIME_ONLY,IMPLEMENTED,IMPLEMENTED,IMPLEMENTED,COMPILE_TIME_ONLY,MISSING,IMPLEMENTED,IMPLEMENTED,COMPILE_TIME_ONLY,KEEP_COMPILE_TIME_CONTRACT,codex-step1
UXB-SURFACE-108,DEFLNG,declaration,basic_statement,DEFLNG,DEFLNG,src/parser/parser/parser_stmt_registry.fbs,IMPLEMENTED,IMPLEMENTED,DEFLNG_STMT,MISSING,MISSING,MISSING,MISSING,MISSING,N/A,MISSING,MISSING,MISSING,IMPLEMENTED,COMPILE_TIME_ONLY,COMPILE_TIME_ONLY,COMPILE_TIME_ONLY,COMPILE_TIME_ONLY,IMPLEMENTED,IMPLEMENTED,IMPLEMENTED,COMPILE_TIME_ONLY,MISSING,IMPLEMENTED,IMPLEMENTED,COMPILE_TIME_ONLY,KEEP_COMPILE_TIME_CONTRACT,codex-step1
UXB-SURFACE-109,DEFSNG,declaration,basic_statement,DEFSNG,DEFSNG,src/parser/parser/parser_stmt_registry.fbs,IMPLEMENTED,IMPLEMENTED,DEFSNG_STMT,MISSING,MISSING,MISSING,MISSING,MISSING,N/A,MISSING,MISSING,MISSING,IMPLEMENTED,COMPILE_TIME_ONLY,COMPILE_TIME_ONLY,COMPILE_TIME_ONLY,COMPILE_TIME_ONLY,IMPLEMENTED,IMPLEMENTED,IMPLEMENTED,COMPILE_TIME_ONLY,MISSING,IMPLEMENTED,IMPLEMENTED,COMPILE_TIME_ONLY,KEEP_COMPILE_TIME_CONTRACT,codex-step1
UXB-SURFACE-110,DEFSTR,declaration,basic_statement,DEFSTR,DEFSTR,src/parser/parser/parser_stmt_registry.fbs,IMPLEMENTED,IMPLEMENTED,DEFSTR_STMT,MISSING,MISSING,MISSING,MISSING,MISSING,N/A,MISSING,MISSING,MISSING,IMPLEMENTED,COMPILE_TIME_ONLY,COMPILE_TIME_ONLY,COMPILE_TIME_ONLY,COMPILE_TIME_ONLY,IMPLEMENTED,IMPLEMENTED,IMPLEMENTED,COMPILE_TIME_ONLY,MISSING,IMPLEMENTED,IMPLEMENTED,COMPILE_TIME_ONLY,KEEP_COMPILE_TIME_CONTRACT,codex-step1
UXB-SURFACE-111,DIM,declaration,basic_statement,DIM,DIM x AS I32,src/parser/parser/parser_expr.fbs,IMPLEMENTED,IMPLEMENTED,DIM_STMT,IMPLEMENTED,IMPLEMENTED,IMPLEMENTED,IMPLEMENTED,IMPLEMENTED,MIR_DIM,IMPLEMENTED,IMPLEMENTED,IMPLEMENTED,IMPLEMENTED,IMPLEMENTED,IMPLEMENTED,IMPLEMENTED,IMPLEMENTED,IMPLEMENTED,IMPLEMENTED,IMPLEMENTED,IMPLEMENTED,IMPLEMENTED,IMPLEMENTED,IMPLEMENTED,IMPLEMENTED,KEEP_GATE_COVERAGE,codex-step1
UXB-SURFACE-112,REDIM,declaration,basic_statement,REDIM,REDIM,src/parser/parser/parser_shared.fbs,IMPLEMENTED,IMPLEMENTED,REDIM_STMT,IMPLEMENTED,IMPLEMENTED,IMPLEMENTED,IMPLEMENTED,IMPLEMENTED,MIR_REDIM,IMPLEMENTED,MISSING,MISSING,IMPLEMENTED,IMPLEMENTED,IMPLEMENTED,IMPLEMENTED,IMPLEMENTED,IMPLEMENTED,IMPLEMENTED,IMPLEMENTED,MISSING,IMPLEMENTED,IMPLEMENTED,IMPLEMENTED,IMPLEMENTED,KEEP_GATE_COVERAGE,codex-step1
UXB-SURFACE-113,ASSERT,diagnostic_flow,basic_statement,ASSERT,ASSERT,src/parser/parser/parser_stmt_flow.fbs,IMPLEMENTED,IMPLEMENTED,ASSERT_STMT,IMPLEMENTED,IMPLEMENTED,MISSING,MISSING,MISSING,MIR_ASSERT,IMPLEMENTED,MISSING,MISSING,IMPLEMENTED,IMPLEMENTED,MISSING,MISSING,MISSING,IMPLEMENTED,WASM_UNSUPPORTED,IMPLEMENTED,MISSING,IMPLEMENTED,IMPLEMENTED,IMPLEMENTED,IMPLEMENTED,KEEP_GATE_COVERAGE,codex-step1
UXB-SURFACE-114,CATCH,diagnostic_flow,basic_statement,CATCH,CATCH,src/parser/parser/parser_stmt_flow.fbs,IMPLEMENTED,IMPLEMENTED,CATCH_STMT,IMPLEMENTED,IMPLEMENTED,MISSING,MISSING,MISSING,N/A,MISSING,MISSING,MISSING,IMPLEMENTED,MISSING,MISSING,MISSING,MISSING,IMPLEMENTED,WASM_UNSUPPORTED,IMPLEMENTED,MISSING,IMPLEMENTED,IMPLEMENTED,IMPLEMENTED,IMPLEMENTED,KEEP_GATE_COVERAGE,codex-step1
UXB-SURFACE-115,FINALLY,diagnostic_flow,basic_statement,FINALLY,FINALLY,src/parser/parser/parser_stmt_flow.fbs,IMPLEMENTED,IMPLEMENTED,FINALLY_STMT,IMPLEMENTED,IMPLEMENTED,MISSING,MISSING,MISSING,N/A,MISSING,MISSING,MISSING,IMPLEMENTED,MISSING,MISSING,MISSING,MISSING,IMPLEMENTED,WASM_UNSUPPORTED,IMPLEMENTED,MISSING,IMPLEMENTED,IMPLEMENTED,IMPLEMENTED,IMPLEMENTED,KEEP_GATE_COVERAGE,codex-step1
UXB-SURFACE-116,THROW,diagnostic_flow,basic_statement,THROW,THROW,src/parser/parser/parser_stmt_flow.fbs,IMPLEMENTED,IMPLEMENTED,THROW_STMT,IMPLEMENTED,IMPLEMENTED,MISSING,MISSING,MISSING,MIR_THROW,IMPLEMENTED,MISSING,MISSING,IMPLEMENTED,IMPLEMENTED,MISSING,MISSING,MISSING,IMPLEMENTED,WASM_UNSUPPORTED,IMPLEMENTED,IMPLEMENTED,IMPLEMENTED,IMPLEMENTED,IMPLEMENTED,IMPLEMENTED,KEEP_GATE_COVERAGE,codex-step1
UXB-SURFACE-117,TRY,diagnostic_flow,basic_statement,TRY,TRY,src/parser/parser/parser_stmt_flow.fbs,IMPLEMENTED,IMPLEMENTED,TRY_STMT,IMPLEMENTED,IMPLEMENTED,MISSING,IMPLEMENTED,IMPLEMENTED,MIR_TRY,IMPLEMENTED,IMPLEMENTED,IMPLEMENTED,IMPLEMENTED,IMPLEMENTED,IMPLEMENTED,IMPLEMENTED,IMPLEMENTED,IMPLEMENTED,WASM_UNSUPPORTED,IMPLEMENTED,IMPLEMENTED,IMPLEMENTED,IMPLEMENTED,IMPLEMENTED,IMPLEMENTED,KEEP_GATE_COVERAGE,codex-step1
UXB-SURFACE-118,.ast.json,file_type,file_extension,.ast.json,program.ast.json,docs/matrix/UXB_EXTENSION_FILE_TYPES.md,NOT_APPLICABLE,NOT_APPLICABLE,N/A,NOT_APPLICABLE,NOT_APPLICABLE,NOT_APPLICABLE,NOT_APPLICABLE,NOT_APPLICABLE,N/A,NOT_APPLICABLE,NOT_APPLICABLE,NOT_APPLICABLE,NOT_APPLICABLE,NOT_APPLICABLE,NOT_APPLICABLE,NOT_APPLICABLE,NOT_APPLICABLE,NOT_APPLICABLE,NOT_APPLICABLE,NOT_APPLICABLE,NOT_APPLICABLE,NOT_APPLICABLE,NOT_APPLICABLE,IMPLEMENTED,COMPILE_TIME_ONLY,TRACK_FILE_TYPE_CONTRACT,codex-step1
UXB-SURFACE-119,.bas,file_type,file_extension,.bas,program.bas,docs/matrix/UXB_EXTENSION_FILE_TYPES.md,NOT_APPLICABLE,COMPILE_TIME_ONLY,N/A,NOT_APPLICABLE,NOT_APPLICABLE,NOT_APPLICABLE,NOT_APPLICABLE,NOT_APPLICABLE,N/A,NOT_APPLICABLE,NOT_APPLICABLE,NOT_APPLICABLE,NOT_APPLICABLE,NOT_APPLICABLE,NOT_APPLICABLE,NOT_APPLICABLE,NOT_APPLICABLE,NOT_APPLICABLE,NOT_APPLICABLE,NOT_APPLICABLE,NOT_APPLICABLE,NOT_APPLICABLE,NOT_APPLICABLE,IMPLEMENTED,COMPILE_TIME_ONLY,TRACK_FILE_TYPE_CONTRACT,codex-step1
UXB-SURFACE-120,.bi,file_type,file_extension,.bi,program.bi,docs/matrix/UXB_EXTENSION_FILE_TYPES.md,NOT_APPLICABLE,NOT_APPLICABLE,N/A,NOT_APPLICABLE,NOT_APPLICABLE,NOT_APPLICABLE,NOT_APPLICABLE,NOT_APPLICABLE,N/A,NOT_APPLICABLE,NOT_APPLICABLE,NOT_APPLICABLE,NOT_APPLICABLE,NOT_APPLICABLE,NOT_APPLICABLE,NOT_APPLICABLE,NOT_APPLICABLE,NOT_APPLICABLE,NOT_APPLICABLE,NOT_APPLICABLE,NOT_APPLICABLE,NOT_APPLICABLE,NOT_APPLICABLE,IMPLEMENTED,COMPILE_TIME_ONLY,TRACK_FILE_TYPE_CONTRACT,codex-step1
UXB-SURFACE-121,.h,file_type,file_extension,.h,program.h,docs/matrix/UXB_EXTENSION_FILE_TYPES.md,NOT_APPLICABLE,NOT_APPLICABLE,N/A,NOT_APPLICABLE,NOT_APPLICABLE,NOT_APPLICABLE,NOT_APPLICABLE,NOT_APPLICABLE,N/A,NOT_APPLICABLE,NOT_APPLICABLE,NOT_APPLICABLE,NOT_APPLICABLE,NOT_APPLICABLE,NOT_APPLICABLE,NOT_APPLICABLE,NOT_APPLICABLE,NOT_APPLICABLE,NOT_APPLICABLE,NOT_APPLICABLE,NOT_APPLICABLE,NOT_APPLICABLE,NOT_APPLICABLE,IMPLEMENTED,COMPILE_TIME_ONLY,TRACK_FILE_TYPE_CONTRACT,codex-step1
UXB-SURFACE-122,.hx,file_type,file_extension,.hx,program.hx,docs/matrix/UXB_EXTENSION_FILE_TYPES.md,NOT_APPLICABLE,NOT_APPLICABLE,N/A,NOT_APPLICABLE,NOT_APPLICABLE,NOT_APPLICABLE,NOT_APPLICABLE,NOT_APPLICABLE,N/A,NOT_APPLICABLE,NOT_APPLICABLE,NOT_APPLICABLE,NOT_APPLICABLE,NOT_APPLICABLE,NOT_APPLICABLE,NOT_APPLICABLE,NOT_APPLICABLE,NOT_APPLICABLE,NOT_APPLICABLE,NOT_APPLICABLE,NOT_APPLICABLE,NOT_APPLICABLE,NOT_APPLICABLE,IMPLEMENTED,COMPILE_TIME_ONLY,TRACK_FILE_TYPE_CONTRACT,codex-step1
UXB-SURFACE-123,.js,file_type,file_extension,.js,program.js,docs/matrix/UXB_EXTENSION_FILE_TYPES.md,NOT_APPLICABLE,NOT_APPLICABLE,N/A,NOT_APPLICABLE,NOT_APPLICABLE,NOT_APPLICABLE,NOT_APPLICABLE,NOT_APPLICABLE,N/A,NOT_APPLICABLE,NOT_APPLICABLE,NOT_APPLICABLE,NOT_APPLICABLE,NOT_APPLICABLE,NOT_APPLICABLE,NOT_APPLICABLE,NOT_APPLICABLE,NOT_APPLICABLE,NOT_APPLICABLE,NOT_APPLICABLE,NOT_APPLICABLE,NOT_APPLICABLE,NOT_APPLICABLE,IMPLEMENTED,COMPILE_TIME_ONLY,TRACK_FILE_TYPE_CONTRACT,codex-step1
UXB-SURFACE-124,.json,file_type,file_extension,.json,program.json,docs/matrix/UXB_EXTENSION_FILE_TYPES.md,NOT_APPLICABLE,NOT_APPLICABLE,N/A,NOT_APPLICABLE,NOT_APPLICABLE,NOT_APPLICABLE,NOT_APPLICABLE,NOT_APPLICABLE,N/A,NOT_APPLICABLE,NOT_APPLICABLE,NOT_APPLICABLE,NOT_APPLICABLE,NOT_APPLICABLE,NOT_APPLICABLE,NOT_APPLICABLE,NOT_APPLICABLE,NOT_APPLICABLE,NOT_APPLICABLE,NOT_APPLICABLE,NOT_APPLICABLE,NOT_APPLICABLE,NOT_APPLICABLE,IMPLEMENTED,COMPILE_TIME_ONLY,TRACK_FILE_TYPE_CONTRACT,codex-step1
UXB-SURFACE-125,.mir.json,file_type,file_extension,.mir.json,program.mir.json,docs/matrix/UXB_EXTENSION_FILE_TYPES.md,NOT_APPLICABLE,NOT_APPLICABLE,N/A,NOT_APPLICABLE,NOT_APPLICABLE,NOT_APPLICABLE,NOT_APPLICABLE,NOT_APPLICABLE,N/A,NOT_APPLICABLE,NOT_APPLICABLE,NOT_APPLICABLE,NOT_APPLICABLE,NOT_APPLICABLE,NOT_APPLICABLE,NOT_APPLICABLE,NOT_APPLICABLE,NOT_APPLICABLE,NOT_APPLICABLE,NOT_APPLICABLE,NOT_APPLICABLE,NOT_APPLICABLE,NOT_APPLICABLE,IMPLEMENTED,COMPILE_TIME_ONLY,TRACK_FILE_TYPE_CONTRACT,codex-step1
UXB-SURFACE-126,.uxb,file_type,file_extension,.uxb,program.uxb,docs/matrix/UXB_EXTENSION_FILE_TYPES.md,NOT_APPLICABLE,COMPILE_TIME_ONLY,N/A,NOT_APPLICABLE,NOT_APPLICABLE,NOT_APPLICABLE,NOT_APPLICABLE,NOT_APPLICABLE,N/A,NOT_APPLICABLE,NOT_APPLICABLE,NOT_APPLICABLE,NOT_APPLICABLE,NOT_APPLICABLE,NOT_APPLICABLE,NOT_APPLICABLE,NOT_APPLICABLE,NOT_APPLICABLE,NOT_APPLICABLE,NOT_APPLICABLE,NOT_APPLICABLE,NOT_APPLICABLE,NOT_APPLICABLE,IMPLEMENTED,COMPILE_TIME_ONLY,TRACK_FILE_TYPE_CONTRACT,codex-step1
UXB-SURFACE-127,.uxbasic,file_type,file_extension,.uxbasic,program.uxbasic,docs/matrix/UXB_EXTENSION_FILE_TYPES.md,NOT_APPLICABLE,COMPILE_TIME_ONLY,N/A,NOT_APPLICABLE,NOT_APPLICABLE,NOT_APPLICABLE,NOT_APPLICABLE,NOT_APPLICABLE,N/A,NOT_APPLICABLE,NOT_APPLICABLE,NOT_APPLICABLE,NOT_APPLICABLE,NOT_APPLICABLE,NOT_APPLICABLE,NOT_APPLICABLE,NOT_APPLICABLE,NOT_APPLICABLE,NOT_APPLICABLE,NOT_APPLICABLE,NOT_APPLICABLE,NOT_APPLICABLE,NOT_APPLICABLE,IMPLEMENTED,COMPILE_TIME_ONLY,TRACK_FILE_TYPE_CONTRACT,codex-step1
UXB-SURFACE-128,.uxm,file_type,file_extension,.uxm,program.uxm,docs/matrix/UXB_EXTENSION_FILE_TYPES.md,NOT_APPLICABLE,NOT_APPLICABLE,N/A,NOT_APPLICABLE,NOT_APPLICABLE,NOT_APPLICABLE,NOT_APPLICABLE,NOT_APPLICABLE,N/A,NOT_APPLICABLE,NOT_APPLICABLE,NOT_APPLICABLE,NOT_APPLICABLE,NOT_APPLICABLE,NOT_APPLICABLE,NOT_APPLICABLE,NOT_APPLICABLE,NOT_APPLICABLE,NOT_APPLICABLE,NOT_APPLICABLE,NOT_APPLICABLE,NOT_APPLICABLE,NOT_APPLICABLE,IMPLEMENTED,COMPILE_TIME_ONLY,TRACK_FILE_TYPE_CONTRACT,codex-step1
UXB-SURFACE-129,.uxmh,file_type,file_extension,.uxmh,program.uxmh,docs/matrix/UXB_EXTENSION_FILE_TYPES.md,NOT_APPLICABLE,COMPILE_TIME_ONLY,N/A,NOT_APPLICABLE,NOT_APPLICABLE,NOT_APPLICABLE,NOT_APPLICABLE,NOT_APPLICABLE,N/A,NOT_APPLICABLE,NOT_APPLICABLE,NOT_APPLICABLE,NOT_APPLICABLE,NOT_APPLICABLE,NOT_APPLICABLE,NOT_APPLICABLE,NOT_APPLICABLE,NOT_APPLICABLE,NOT_APPLICABLE,NOT_APPLICABLE,NOT_APPLICABLE,NOT_APPLICABLE,NOT_APPLICABLE,IMPLEMENTED,COMPILE_TIME_ONLY,TRACK_FILE_TYPE_CONTRACT,codex-step1
UXB-SURFACE-130,.wasm,file_type,file_extension,.wasm,program.wasm,docs/matrix/UXB_EXTENSION_FILE_TYPES.md,NOT_APPLICABLE,NOT_APPLICABLE,N/A,NOT_APPLICABLE,NOT_APPLICABLE,NOT_APPLICABLE,NOT_APPLICABLE,NOT_APPLICABLE,N/A,NOT_APPLICABLE,NOT_APPLICABLE,NOT_APPLICABLE,NOT_APPLICABLE,NOT_APPLICABLE,NOT_APPLICABLE,NOT_APPLICABLE,NOT_APPLICABLE,NOT_APPLICABLE,NOT_APPLICABLE,NOT_APPLICABLE,NOT_APPLICABLE,NOT_APPLICABLE,NOT_APPLICABLE,IMPLEMENTED,COMPILE_TIME_ONLY,TRACK_FILE_TYPE_CONTRACT,codex-step1
UXB-SURFACE-131,.wat,file_type,file_extension,.wat,program.wat,docs/matrix/UXB_EXTENSION_FILE_TYPES.md,NOT_APPLICABLE,NOT_APPLICABLE,N/A,NOT_APPLICABLE,NOT_APPLICABLE,NOT_APPLICABLE,NOT_APPLICABLE,NOT_APPLICABLE,N/A,NOT_APPLICABLE,NOT_APPLICABLE,NOT_APPLICABLE,NOT_APPLICABLE,NOT_APPLICABLE,NOT_APPLICABLE,NOT_APPLICABLE,NOT_APPLICABLE,NOT_APPLICABLE,NOT_APPLICABLE,NOT_APPLICABLE,NOT_APPLICABLE,NOT_APPLICABLE,NOT_APPLICABLE,IMPLEMENTED,COMPILE_TIME_ONLY,TRACK_FILE_TYPE_CONTRACT,codex-step1
UXB-SURFACE-132,CLOSE,io,basic_statement,CLOSE,CLOSE,src/parser/parser/parser_stmt_io.fbs,IMPLEMENTED,IMPLEMENTED,CLOSE_STMT,IMPLEMENTED,MISSING,MISSING,MISSING,IMPLEMENTED,MIR_CLOSE,IMPLEMENTED,IMPLEMENTED,IMPLEMENTED,IMPLEMENTED,IMPLEMENTED,IMPLEMENTED,IMPLEMENTED,IMPLEMENTED,IMPLEMENTED,RUNTIME_CALL,IMPLEMENTED,MISSING,IMPLEMENTED,IMPLEMENTED,IMPLEMENTED,IMPLEMENTED,KEEP_GATE_COVERAGE,codex-step1
UXB-SURFACE-133,CLS,io,basic_statement,CLS,CLS,src/parser/parser/parser_stmt_decl_core.fbs,IMPLEMENTED,IMPLEMENTED,CLS_STMT,IMPLEMENTED,MISSING,MISSING,MISSING,MISSING,MIR_CLS,IMPLEMENTED,MISSING,MISSING,IMPLEMENTED,IMPLEMENTED,IMPLEMENTED,IMPLEMENTED,MISSING,IMPLEMENTED,RUNTIME_CALL,IMPLEMENTED,MISSING,MISSING,IMPLEMENTED,IMPLEMENTED,IMPLEMENTED,KEEP_GATE_COVERAGE,codex-step1
UXB-SURFACE-134,COLOR,io,basic_statement,COLOR,COLOR,src/parser/parser/parser_stmt_io.fbs,IMPLEMENTED,IMPLEMENTED,COLOR_STMT,MISSING,MISSING,MISSING,MISSING,MISSING,MIR_COLOR,IMPLEMENTED,MISSING,MISSING,IMPLEMENTED,IMPLEMENTED,IMPLEMENTED,IMPLEMENTED,MISSING,IMPLEMENTED,RUNTIME_CALL,IMPLEMENTED,MISSING,IMPLEMENTED,IMPLEMENTED,IMPLEMENTED,BROKEN,ADD_AST_CONTRACT,codex-step1
UXB-SURFACE-135,GET,io,basic_statement,GET,GET,src/parser/parser/parser_expr.fbs,IMPLEMENTED,IMPLEMENTED,GET_STMT,IMPLEMENTED,IMPLEMENTED,MISSING,IMPLEMENTED,MISSING,MIR_GET,IMPLEMENTED,IMPLEMENTED,MISSING,IMPLEMENTED,IMPLEMENTED,IMPLEMENTED,IMPLEMENTED,MISSING,IMPLEMENTED,RUNTIME_CALL,IMPLEMENTED,IMPLEMENTED,IMPLEMENTED,IMPLEMENTED,IMPLEMENTED,IMPLEMENTED,KEEP_GATE_COVERAGE,codex-step1
UXB-SURFACE-136,INPUT,io,basic_statement,INPUT,INPUT x,src/parser/parser/parser_stmt_dispatch.fbs,IMPLEMENTED,IMPLEMENTED,INPUT_STMT,IMPLEMENTED,IMPLEMENTED,MISSING,MISSING,MISSING,MIR_INPUT,IMPLEMENTED,MISSING,MISSING,IMPLEMENTED,IMPLEMENTED,IMPLEMENTED,IMPLEMENTED,MISSING,IMPLEMENTED,RUNTIME_CALL,IMPLEMENTED,MISSING,IMPLEMENTED,IMPLEMENTED,IMPLEMENTED,IMPLEMENTED,KEEP_GATE_COVERAGE,codex-step1
UXB-SURFACE-137,LOCATE,io,basic_statement,LOCATE,LOCATE,src/parser/parser/parser_stmt_io.fbs,IMPLEMENTED,IMPLEMENTED,LOCATE_STMT,MISSING,MISSING,MISSING,MISSING,MISSING,MIR_LOCATE,IMPLEMENTED,MISSING,MISSING,IMPLEMENTED,IMPLEMENTED,IMPLEMENTED,IMPLEMENTED,MISSING,IMPLEMENTED,RUNTIME_CALL,IMPLEMENTED,MISSING,MISSING,IMPLEMENTED,IMPLEMENTED,BROKEN,ADD_AST_CONTRACT,codex-step1
UXB-SURFACE-138,OPEN,io,basic_statement,OPEN,"OPEN ""a.txt"" FOR INPUT AS #1",src/parser/parser/parser_stmt_io.fbs,IMPLEMENTED,IMPLEMENTED,OPEN_STMT,IMPLEMENTED,MISSING,MISSING,MISSING,IMPLEMENTED,MIR_OPEN,IMPLEMENTED,MISSING,IMPLEMENTED,IMPLEMENTED,IMPLEMENTED,IMPLEMENTED,IMPLEMENTED,IMPLEMENTED,IMPLEMENTED,RUNTIME_CALL,IMPLEMENTED,IMPLEMENTED,IMPLEMENTED,IMPLEMENTED,IMPLEMENTED,IMPLEMENTED,KEEP_GATE_COVERAGE,codex-step1
UXB-SURFACE-139,PRINT,io,basic_statement,PRINT,"PRINT ""hello""",src/parser/parser/parser_shared.fbs,IMPLEMENTED,IMPLEMENTED,PRINT_STMT,IMPLEMENTED,MISSING,MISSING,MISSING,IMPLEMENTED,MIR_PRINT,IMPLEMENTED,MISSING,IMPLEMENTED,IMPLEMENTED,IMPLEMENTED,IMPLEMENTED,IMPLEMENTED,IMPLEMENTED,IMPLEMENTED,RUNTIME_CALL,IMPLEMENTED,IMPLEMENTED,IMPLEMENTED,IMPLEMENTED,IMPLEMENTED,IMPLEMENTED,KEEP_GATE_COVERAGE,codex-step1
UXB-SURFACE-140,PUT,io,basic_statement,PUT,PUT,src/parser/parser/parser_stmt_dispatch.fbs,IMPLEMENTED,IMPLEMENTED,PUT_STMT,IMPLEMENTED,IMPLEMENTED,MISSING,IMPLEMENTED,IMPLEMENTED,MIR_PUT,IMPLEMENTED,MISSING,IMPLEMENTED,IMPLEMENTED,IMPLEMENTED,IMPLEMENTED,IMPLEMENTED,IMPLEMENTED,IMPLEMENTED,RUNTIME_CALL,IMPLEMENTED,IMPLEMENTED,IMPLEMENTED,IMPLEMENTED,IMPLEMENTED,IMPLEMENTED,KEEP_GATE_COVERAGE,codex-step1
UXB-SURFACE-141,SEEK,io,basic_statement,SEEK,SEEK,src/parser/parser/parser_stmt_io.fbs,IMPLEMENTED,IMPLEMENTED,SEEK_STMT,IMPLEMENTED,MISSING,MISSING,MISSING,MISSING,MIR_SEEK,IMPLEMENTED,MISSING,MISSING,IMPLEMENTED,IMPLEMENTED,IMPLEMENTED,IMPLEMENTED,MISSING,IMPLEMENTED,RUNTIME_CALL,IMPLEMENTED,MISSING,IMPLEMENTED,IMPLEMENTED,IMPLEMENTED,IMPLEMENTED,KEEP_GATE_COVERAGE,codex-step1
UXB-SURFACE-142,ARCHIVE,library,runtime_library,"IMPORT ""archive"" AS archive","IMPORT ""archive"" AS archive; result = archive.call(x)",docs/matrix/UXB_LIBRARY_SURFACE_MATRIX.csv,IMPLEMENTED,IMPLEMENTED,IMPORT_STMT,COMPILE_TIME_ONLY,COMPILE_TIME_ONLY,COMPILE_TIME_ONLY,NOT_APPLICABLE,COMPILE_TIME_ONLY,RUNTIME_CALL,RUNTIME_CALL,RUNTIME_CALL,RUNTIME_CALL,RUNTIME_CALL,RUNTIME_CALL,NATIVE_ONLY,NATIVE_ONLY,NATIVE_ONLY,NATIVE_ONLY,WASM_UNSUPPORTED,NATIVE_ONLY,RUNTIME_CALL,MISSING,MISSING,IMPLEMENTED,RUNTIME_CALL,BIND_LIBRARY_HANDLER,codex-step1
UXB-SURFACE-143,AUDIO,library,runtime_library,"IMPORT ""audio"" AS audio","IMPORT ""audio"" AS audio; result = audio.call(x)",docs/matrix/UXB_LIBRARY_SURFACE_MATRIX.csv,IMPLEMENTED,IMPLEMENTED,IMPORT_STMT,COMPILE_TIME_ONLY,COMPILE_TIME_ONLY,COMPILE_TIME_ONLY,NOT_APPLICABLE,COMPILE_TIME_ONLY,RUNTIME_CALL,RUNTIME_CALL,RUNTIME_CALL,RUNTIME_CALL,RUNTIME_CALL,RUNTIME_CALL,NATIVE_ONLY,NATIVE_ONLY,NATIVE_ONLY,NATIVE_ONLY,WASM_UNSUPPORTED,NATIVE_ONLY,RUNTIME_CALL,MISSING,MISSING,IMPLEMENTED,RUNTIME_CALL,BIND_LIBRARY_HANDLER,codex-step1
UXB-SURFACE-144,BROWSER,library,runtime_library,"IMPORT ""browser"" AS browser","IMPORT ""browser"" AS browser; result = browser.call(x)",docs/matrix/UXB_LIBRARY_SURFACE_MATRIX.csv,IMPLEMENTED,IMPLEMENTED,IMPORT_STMT,COMPILE_TIME_ONLY,COMPILE_TIME_ONLY,COMPILE_TIME_ONLY,NOT_APPLICABLE,COMPILE_TIME_ONLY,RUNTIME_CALL,RUNTIME_CALL,RUNTIME_CALL,RUNTIME_CALL,RUNTIME_CALL,RUNTIME_CALL,NATIVE_ONLY,NATIVE_ONLY,NATIVE_ONLY,JS_ONLY,BROWSER_ONLY,BROWSER_ONLY,RUNTIME_CALL,MISSING,MISSING,IMPLEMENTED,RUNTIME_CALL,BIND_LIBRARY_HANDLER,codex-step1
UXB-SURFACE-145,CANVAS,library,runtime_library,"IMPORT ""canvas"" AS canvas","IMPORT ""canvas"" AS canvas; result = canvas.call(x)",docs/matrix/UXB_LIBRARY_SURFACE_MATRIX.csv,IMPLEMENTED,IMPLEMENTED,IMPORT_STMT,COMPILE_TIME_ONLY,COMPILE_TIME_ONLY,COMPILE_TIME_ONLY,NOT_APPLICABLE,COMPILE_TIME_ONLY,RUNTIME_CALL,RUNTIME_CALL,RUNTIME_CALL,RUNTIME_CALL,RUNTIME_CALL,RUNTIME_CALL,NATIVE_ONLY,NATIVE_ONLY,NATIVE_ONLY,JS_ONLY,BROWSER_ONLY,BROWSER_ONLY,RUNTIME_CALL,MISSING,MISSING,IMPLEMENTED,RUNTIME_CALL,BIND_LIBRARY_HANDLER,codex-step1
UXB-SURFACE-146,CRYPTO,library,runtime_library,"IMPORT ""crypto"" AS crypto","IMPORT ""crypto"" AS crypto; result = crypto.call(x)",docs/matrix/UXB_LIBRARY_SURFACE_MATRIX.csv,IMPLEMENTED,IMPLEMENTED,IMPORT_STMT,COMPILE_TIME_ONLY,COMPILE_TIME_ONLY,COMPILE_TIME_ONLY,NOT_APPLICABLE,COMPILE_TIME_ONLY,RUNTIME_CALL,RUNTIME_CALL,RUNTIME_CALL,RUNTIME_CALL,RUNTIME_CALL,RUNTIME_CALL,NATIVE_ONLY,NATIVE_ONLY,NATIVE_ONLY,NATIVE_ONLY,WASM_UNSUPPORTED,NATIVE_ONLY,RUNTIME_CALL,MISSING,MISSING,IMPLEMENTED,RUNTIME_CALL,BIND_LIBRARY_HANDLER,codex-step1
UXB-SURFACE-147,CURL,library,runtime_library,"IMPORT ""curl"" AS curl","IMPORT ""curl"" AS curl; result = curl.call(x)",docs/matrix/UXB_LIBRARY_SURFACE_MATRIX.csv,IMPLEMENTED,IMPLEMENTED,IMPORT_STMT,COMPILE_TIME_ONLY,COMPILE_TIME_ONLY,COMPILE_TIME_ONLY,NOT_APPLICABLE,COMPILE_TIME_ONLY,RUNTIME_CALL,RUNTIME_CALL,RUNTIME_CALL,RUNTIME_CALL,RUNTIME_CALL,RUNTIME_CALL,NATIVE_ONLY,NATIVE_ONLY,NATIVE_ONLY,NATIVE_ONLY,WASM_UNSUPPORTED,NATIVE_ONLY,RUNTIME_CALL,MISSING,MISSING,IMPLEMENTED,RUNTIME_CALL,BIND_LIBRARY_HANDLER,codex-step1
UXB-SURFACE-148,GRAPHICS,library,runtime_library,"IMPORT ""graphics"" AS graphics","IMPORT ""graphics"" AS graphics; result = graphics.call(x)",docs/matrix/UXB_LIBRARY_SURFACE_MATRIX.csv,IMPLEMENTED,IMPLEMENTED,IMPORT_STMT,COMPILE_TIME_ONLY,COMPILE_TIME_ONLY,COMPILE_TIME_ONLY,NOT_APPLICABLE,COMPILE_TIME_ONLY,RUNTIME_CALL,RUNTIME_CALL,RUNTIME_CALL,RUNTIME_CALL,RUNTIME_CALL,RUNTIME_CALL,NATIVE_ONLY,NATIVE_ONLY,NATIVE_ONLY,NATIVE_ONLY,WASM_UNSUPPORTED,NATIVE_ONLY,RUNTIME_CALL,MISSING,MISSING,IMPLEMENTED,RUNTIME_CALL,BIND_LIBRARY_HANDLER,codex-step1
UXB-SURFACE-149,HTTP,library,runtime_library,"IMPORT ""http"" AS http","IMPORT ""http"" AS http; result = http.call(x)",docs/matrix/UXB_LIBRARY_SURFACE_MATRIX.csv,IMPLEMENTED,IMPLEMENTED,IMPORT_STMT,COMPILE_TIME_ONLY,COMPILE_TIME_ONLY,COMPILE_TIME_ONLY,NOT_APPLICABLE,COMPILE_TIME_ONLY,RUNTIME_CALL,RUNTIME_CALL,RUNTIME_CALL,RUNTIME_CALL,RUNTIME_CALL,RUNTIME_CALL,NATIVE_ONLY,NATIVE_ONLY,NATIVE_ONLY,JS_ONLY,WASM_UNSUPPORTED,BROWSER_ONLY,RUNTIME_CALL,MISSING,MISSING,IMPLEMENTED,RUNTIME_CALL,BIND_LIBRARY_HANDLER,codex-step1
UXB-SURFACE-150,IMAGE,library,runtime_library,"IMPORT ""image"" AS image","IMPORT ""image"" AS image; result = image.call(x)",docs/matrix/UXB_LIBRARY_SURFACE_MATRIX.csv,IMPLEMENTED,IMPLEMENTED,IMPORT_STMT,COMPILE_TIME_ONLY,COMPILE_TIME_ONLY,COMPILE_TIME_ONLY,NOT_APPLICABLE,COMPILE_TIME_ONLY,RUNTIME_CALL,RUNTIME_CALL,RUNTIME_CALL,RUNTIME_CALL,RUNTIME_CALL,RUNTIME_CALL,NATIVE_ONLY,NATIVE_ONLY,NATIVE_ONLY,NATIVE_ONLY,WASM_UNSUPPORTED,NATIVE_ONLY,RUNTIME_CALL,MISSING,MISSING,IMPLEMENTED,RUNTIME_CALL,BIND_LIBRARY_HANDLER,codex-step1
UXB-SURFACE-151,JSON,library,runtime_library,"IMPORT ""json"" AS json","IMPORT ""json"" AS json; s = json.stringify(x)",docs/matrix/UXB_LIBRARY_SURFACE_MATRIX.csv,IMPLEMENTED,IMPLEMENTED,IMPORT_STMT,COMPILE_TIME_ONLY,COMPILE_TIME_ONLY,COMPILE_TIME_ONLY,NOT_APPLICABLE,COMPILE_TIME_ONLY,RUNTIME_CALL,RUNTIME_CALL,RUNTIME_CALL,RUNTIME_CALL,RUNTIME_CALL,RUNTIME_CALL,NATIVE_ONLY,NATIVE_ONLY,NATIVE_ONLY,JS_ONLY,WASM_UNSUPPORTED,BROWSER_ONLY,RUNTIME_CALL,MISSING,MISSING,IMPLEMENTED,RUNTIME_CALL,BIND_LIBRARY_HANDLER,codex-step1
UXB-SURFACE-152,LLAMA,library,runtime_library,"IMPORT ""llama"" AS llama","IMPORT ""llama"" AS llama; result = llama.call(x)",docs/matrix/UXB_LIBRARY_SURFACE_MATRIX.csv,IMPLEMENTED,IMPLEMENTED,IMPORT_STMT,COMPILE_TIME_ONLY,COMPILE_TIME_ONLY,COMPILE_TIME_ONLY,NOT_APPLICABLE,COMPILE_TIME_ONLY,RUNTIME_CALL,RUNTIME_CALL,RUNTIME_CALL,RUNTIME_CALL,RUNTIME_CALL,RUNTIME_CALL,NATIVE_ONLY,NATIVE_ONLY,NATIVE_ONLY,NATIVE_ONLY,WASM_UNSUPPORTED,NATIVE_ONLY,RUNTIME_CALL,MISSING,MISSING,IMPLEMENTED,RUNTIME_CALL,BIND_LIBRARY_HANDLER,codex-step1
UXB-SURFACE-153,LUA,library,runtime_library,"IMPORT ""lua"" AS lua","IMPORT ""lua"" AS lua; result = lua.call(x)",docs/matrix/UXB_LIBRARY_SURFACE_MATRIX.csv,IMPLEMENTED,IMPLEMENTED,IMPORT_STMT,COMPILE_TIME_ONLY,COMPILE_TIME_ONLY,COMPILE_TIME_ONLY,NOT_APPLICABLE,COMPILE_TIME_ONLY,RUNTIME_CALL,RUNTIME_CALL,RUNTIME_CALL,RUNTIME_CALL,RUNTIME_CALL,RUNTIME_CALL,NATIVE_ONLY,NATIVE_ONLY,NATIVE_ONLY,NATIVE_ONLY,WASM_UNSUPPORTED,NATIVE_ONLY,RUNTIME_CALL,MISSING,MISSING,IMPLEMENTED,RUNTIME_CALL,BIND_LIBRARY_HANDLER,codex-step1
UXB-SURFACE-154,MATH,library,runtime_library,"IMPORT ""math"" AS math","IMPORT ""math"" AS math; result = math.call(x)",docs/matrix/UXB_LIBRARY_SURFACE_MATRIX.csv,IMPLEMENTED,IMPLEMENTED,IMPORT_STMT,COMPILE_TIME_ONLY,COMPILE_TIME_ONLY,COMPILE_TIME_ONLY,NOT_APPLICABLE,COMPILE_TIME_ONLY,RUNTIME_CALL,RUNTIME_CALL,RUNTIME_CALL,RUNTIME_CALL,RUNTIME_CALL,RUNTIME_CALL,NATIVE_ONLY,NATIVE_ONLY,NATIVE_ONLY,NATIVE_ONLY,WASM_UNSUPPORTED,NATIVE_ONLY,RUNTIME_CALL,MISSING,MISSING,IMPLEMENTED,RUNTIME_CALL,BIND_LIBRARY_HANDLER,codex-step1
UXB-SURFACE-155,ONNX,library,runtime_library,"IMPORT ""onnx"" AS onnx","IMPORT ""onnx"" AS onnx; result = onnx.call(x)",docs/matrix/UXB_LIBRARY_SURFACE_MATRIX.csv,IMPLEMENTED,IMPLEMENTED,IMPORT_STMT,COMPILE_TIME_ONLY,COMPILE_TIME_ONLY,COMPILE_TIME_ONLY,NOT_APPLICABLE,COMPILE_TIME_ONLY,RUNTIME_CALL,RUNTIME_CALL,RUNTIME_CALL,RUNTIME_CALL,RUNTIME_CALL,RUNTIME_CALL,NATIVE_ONLY,NATIVE_ONLY,NATIVE_ONLY,NATIVE_ONLY,WASM_UNSUPPORTED,NATIVE_ONLY,RUNTIME_CALL,MISSING,MISSING,IMPLEMENTED,RUNTIME_CALL,BIND_LIBRARY_HANDLER,codex-step1
UXB-SURFACE-156,OS,library,runtime_library,"IMPORT ""os"" AS os","IMPORT ""os"" AS os; result = os.call(x)",docs/matrix/UXB_LIBRARY_SURFACE_MATRIX.csv,IMPLEMENTED,IMPLEMENTED,IMPORT_STMT,COMPILE_TIME_ONLY,COMPILE_TIME_ONLY,COMPILE_TIME_ONLY,NOT_APPLICABLE,COMPILE_TIME_ONLY,RUNTIME_CALL,RUNTIME_CALL,RUNTIME_CALL,RUNTIME_CALL,RUNTIME_CALL,RUNTIME_CALL,NATIVE_ONLY,NATIVE_ONLY,NATIVE_ONLY,NATIVE_ONLY,WASM_UNSUPPORTED,NATIVE_ONLY,RUNTIME_CALL,MISSING,MISSING,IMPLEMENTED,RUNTIME_CALL,BIND_LIBRARY_HANDLER,codex-step1
UXB-SURFACE-157,PROLOG,library,runtime_library,"IMPORT ""prolog"" AS prolog","IMPORT ""prolog"" AS prolog; result = prolog.call(x)",docs/matrix/UXB_LIBRARY_SURFACE_MATRIX.csv,IMPLEMENTED,IMPLEMENTED,IMPORT_STMT,COMPILE_TIME_ONLY,COMPILE_TIME_ONLY,COMPILE_TIME_ONLY,NOT_APPLICABLE,COMPILE_TIME_ONLY,RUNTIME_CALL,RUNTIME_CALL,RUNTIME_CALL,RUNTIME_CALL,RUNTIME_CALL,RUNTIME_CALL,NATIVE_ONLY,NATIVE_ONLY,NATIVE_ONLY,NATIVE_ONLY,WASM_UNSUPPORTED,NATIVE_ONLY,RUNTIME_CALL,MISSING,MISSING,IMPLEMENTED,RUNTIME_CALL,BIND_LIBRARY_HANDLER,codex-step1
UXB-SURFACE-158,REGEX,library,runtime_library,"IMPORT ""regex"" AS regex","IMPORT DLL ""uxb_regex.dll"" AS regex; matched = regex.match(""abc123"", ""[0-9]+"")",docs/matrix/UXB_LIBRARY_SURFACE_MATRIX.csv,IMPLEMENTED,IMPLEMENTED,IMPORT_STMT,COMPILE_TIME_ONLY,COMPILE_TIME_ONLY,COMPILE_TIME_ONLY,NOT_APPLICABLE,COMPILE_TIME_ONLY,RUNTIME_CALL,RUNTIME_CALL,RUNTIME_CALL,RUNTIME_CALL,RUNTIME_CALL,RUNTIME_CALL,NATIVE_ONLY,NATIVE_ONLY,NATIVE_ONLY,NATIVE_ONLY,WASM_UNSUPPORTED,NATIVE_ONLY,RUNTIME_CALL,MISSING,MISSING,IMPLEMENTED,RUNTIME_CALL,BIND_LIBRARY_HANDLER,codex-step1
UXB-SURFACE-159,SERVER,library,runtime_library,"IMPORT ""server"" AS server","IMPORT ""server"" AS server; result = server.call(x)",docs/matrix/UXB_LIBRARY_SURFACE_MATRIX.csv,IMPLEMENTED,IMPLEMENTED,IMPORT_STMT,COMPILE_TIME_ONLY,COMPILE_TIME_ONLY,COMPILE_TIME_ONLY,NOT_APPLICABLE,COMPILE_TIME_ONLY,RUNTIME_CALL,RUNTIME_CALL,RUNTIME_CALL,RUNTIME_CALL,RUNTIME_CALL,RUNTIME_CALL,NATIVE_ONLY,NATIVE_ONLY,NATIVE_ONLY,NATIVE_ONLY,WASM_UNSUPPORTED,NATIVE_ONLY,RUNTIME_CALL,MISSING,MISSING,IMPLEMENTED,RUNTIME_CALL,BIND_LIBRARY_HANDLER,codex-step1
UXB-SURFACE-160,SQLITE,library,runtime_library,"IMPORT ""sqlite"" AS sqlite","IMPORT ""sqlite"" AS sqlite; result = sqlite.call(x)",docs/matrix/UXB_LIBRARY_SURFACE_MATRIX.csv,IMPLEMENTED,IMPLEMENTED,IMPORT_STMT,COMPILE_TIME_ONLY,COMPILE_TIME_ONLY,COMPILE_TIME_ONLY,NOT_APPLICABLE,COMPILE_TIME_ONLY,RUNTIME_CALL,RUNTIME_CALL,RUNTIME_CALL,RUNTIME_CALL,RUNTIME_CALL,RUNTIME_CALL,NATIVE_ONLY,NATIVE_ONLY,NATIVE_ONLY,NATIVE_ONLY,WASM_UNSUPPORTED,NATIVE_ONLY,RUNTIME_CALL,MISSING,MISSING,IMPLEMENTED,RUNTIME_CALL,BIND_LIBRARY_HANDLER,codex-step1
UXB-SURFACE-161,STRINGX,library,runtime_library,"IMPORT ""stringx"" AS stringx","IMPORT ""stringx"" AS stringx; result = stringx.call(x)",docs/matrix/UXB_LIBRARY_SURFACE_MATRIX.csv,IMPLEMENTED,IMPLEMENTED,IMPORT_STMT,COMPILE_TIME_ONLY,COMPILE_TIME_ONLY,COMPILE_TIME_ONLY,NOT_APPLICABLE,COMPILE_TIME_ONLY,RUNTIME_CALL,RUNTIME_CALL,RUNTIME_CALL,RUNTIME_CALL,RUNTIME_CALL,RUNTIME_CALL,NATIVE_ONLY,NATIVE_ONLY,NATIVE_ONLY,NATIVE_ONLY,WASM_UNSUPPORTED,NATIVE_ONLY,RUNTIME_CALL,MISSING,MISSING,IMPLEMENTED,RUNTIME_CALL,BIND_LIBRARY_HANDLER,codex-step1
UXB-SURFACE-162,WEBGPU,library,runtime_library,"IMPORT ""webgpu"" AS webgpu","IMPORT ""webgpu"" AS webgpu; result = webgpu.call(x)",docs/matrix/UXB_LIBRARY_SURFACE_MATRIX.csv,IMPLEMENTED,IMPLEMENTED,IMPORT_STMT,COMPILE_TIME_ONLY,COMPILE_TIME_ONLY,COMPILE_TIME_ONLY,NOT_APPLICABLE,COMPILE_TIME_ONLY,RUNTIME_CALL,RUNTIME_CALL,RUNTIME_CALL,RUNTIME_CALL,RUNTIME_CALL,RUNTIME_CALL,NATIVE_ONLY,NATIVE_ONLY,NATIVE_ONLY,JS_ONLY,BROWSER_ONLY,BROWSER_ONLY,RUNTIME_CALL,MISSING,MISSING,IMPLEMENTED,RUNTIME_CALL,BIND_LIBRARY_HANDLER,codex-step1
UXB-SURFACE-163,CODEPTR,memory,builtin_function,CODEPTR,CODEPTR,src/parser/parser/parser_shared.fbs,IMPLEMENTED,IMPLEMENTED,CODEPTR_STMT,MISSING,MISSING,MISSING,MISSING,MISSING,N/A,MISSING,MISSING,MISSING,IMPLEMENTED,MISSING,MISSING,MISSING,MISSING,NATIVE_ONLY,WASM_UNSUPPORTED,IMPLEMENTED,MISSING,IMPLEMENTED,IMPLEMENTED,IMPLEMENTED,BROKEN,ADD_AST_CONTRACT,codex-step1
UXB-SURFACE-164,DEC,memory,builtin_function,DEC,DEC,src/parser/parser/parser_expr.fbs,IMPLEMENTED,IMPLEMENTED,DEC_STMT,IMPLEMENTED,IMPLEMENTED,IMPLEMENTED,IMPLEMENTED,IMPLEMENTED,MIR_DEC,IMPLEMENTED,IMPLEMENTED,IMPLEMENTED,IMPLEMENTED,IMPLEMENTED,IMPLEMENTED,IMPLEMENTED,IMPLEMENTED,IMPLEMENTED,WASM_UNSUPPORTED,IMPLEMENTED,IMPLEMENTED,IMPLEMENTED,IMPLEMENTED,IMPLEMENTED,IMPLEMENTED,KEEP_GATE_COVERAGE,codex-step1
UXB-SURFACE-165,INC,memory,builtin_function,INC,INC,src/parser/parser/parser_expr.fbs,IMPLEMENTED,IMPLEMENTED,INC_STMT,IMPLEMENTED,IMPLEMENTED,MISSING,IMPLEMENTED,MISSING,MIR_INC,IMPLEMENTED,IMPLEMENTED,MISSING,IMPLEMENTED,IMPLEMENTED,IMPLEMENTED,IMPLEMENTED,IMPLEMENTED,IMPLEMENTED,WASM_UNSUPPORTED,IMPLEMENTED,IMPLEMENTED,IMPLEMENTED,IMPLEMENTED,IMPLEMENTED,IMPLEMENTED,KEEP_GATE_COVERAGE,codex-step1
UXB-SURFACE-166,LPTR,memory,builtin_function,LPTR,LPTR,src/parser/parser/parser_shared.fbs,IMPLEMENTED,IMPLEMENTED,LPTR_STMT,MISSING,MISSING,MISSING,MISSING,MISSING,N/A,MISSING,MISSING,MISSING,IMPLEMENTED,MISSING,MISSING,MISSING,MISSING,NATIVE_ONLY,WASM_UNSUPPORTED,IMPLEMENTED,MISSING,IMPLEMENTED,IMPLEMENTED,IMPLEMENTED,BROKEN,ADD_AST_CONTRACT,codex-step1
UXB-SURFACE-167,MEMCOPYB,memory,builtin_function,MEMCOPYB,MEMCOPYB,src/parser/parser/parser_stmt_basic.fbs,IMPLEMENTED,IMPLEMENTED,MEMCOPYB_STMT,MISSING,MISSING,MISSING,MISSING,MISSING,MIR_MEMCOPYB,IMPLEMENTED,MISSING,MISSING,IMPLEMENTED,IMPLEMENTED,IMPLEMENTED,MISSING,MISSING,IMPLEMENTED,IMPLEMENTED,IMPLEMENTED,MISSING,IMPLEMENTED,IMPLEMENTED,IMPLEMENTED,BROKEN,ADD_AST_CONTRACT,codex-step1
UXB-SURFACE-168,MEMCOPYD,memory,builtin_function,MEMCOPYD,MEMCOPYD,src/parser/parser/parser_stmt_basic.fbs,IMPLEMENTED,IMPLEMENTED,MEMCOPYD_STMT,MISSING,MISSING,MISSING,MISSING,MISSING,MIR_MEMCOPYD,IMPLEMENTED,MISSING,MISSING,IMPLEMENTED,IMPLEMENTED,IMPLEMENTED,MISSING,MISSING,IMPLEMENTED,IMPLEMENTED,IMPLEMENTED,MISSING,IMPLEMENTED,IMPLEMENTED,IMPLEMENTED,BROKEN,ADD_AST_CONTRACT,codex-step1
UXB-SURFACE-169,MEMCOPYW,memory,builtin_function,MEMCOPYW,MEMCOPYW,src/parser/parser/parser_stmt_basic.fbs,IMPLEMENTED,IMPLEMENTED,MEMCOPYW_STMT,MISSING,MISSING,MISSING,MISSING,MISSING,MIR_MEMCOPYW,IMPLEMENTED,MISSING,MISSING,IMPLEMENTED,IMPLEMENTED,IMPLEMENTED,MISSING,MISSING,IMPLEMENTED,IMPLEMENTED,IMPLEMENTED,MISSING,IMPLEMENTED,IMPLEMENTED,IMPLEMENTED,BROKEN,ADD_AST_CONTRACT,codex-step1
UXB-SURFACE-170,MEMFILLB,memory,builtin_function,MEMFILLB,MEMFILLB,src/parser/parser/parser_stmt_basic.fbs,IMPLEMENTED,IMPLEMENTED,MEMFILLB_STMT,MISSING,MISSING,MISSING,MISSING,MISSING,MIR_MEMFILLB,IMPLEMENTED,MISSING,MISSING,IMPLEMENTED,IMPLEMENTED,IMPLEMENTED,MISSING,MISSING,IMPLEMENTED,IMPLEMENTED,IMPLEMENTED,MISSING,IMPLEMENTED,IMPLEMENTED,IMPLEMENTED,BROKEN,ADD_AST_CONTRACT,codex-step1
UXB-SURFACE-171,MEMFILLD,memory,builtin_function,MEMFILLD,MEMFILLD,src/parser/parser/parser_stmt_basic.fbs,IMPLEMENTED,IMPLEMENTED,MEMFILLD_STMT,MISSING,MISSING,MISSING,MISSING,MISSING,MIR_MEMFILLD,IMPLEMENTED,MISSING,MISSING,IMPLEMENTED,IMPLEMENTED,IMPLEMENTED,MISSING,MISSING,IMPLEMENTED,IMPLEMENTED,IMPLEMENTED,MISSING,IMPLEMENTED,IMPLEMENTED,IMPLEMENTED,BROKEN,ADD_AST_CONTRACT,codex-step1
UXB-SURFACE-172,MEMFILLW,memory,builtin_function,MEMFILLW,MEMFILLW,src/parser/parser/parser_stmt_basic.fbs,IMPLEMENTED,IMPLEMENTED,MEMFILLW_STMT,MISSING,MISSING,MISSING,MISSING,MISSING,MIR_MEMFILLW,IMPLEMENTED,MISSING,MISSING,IMPLEMENTED,IMPLEMENTED,IMPLEMENTED,MISSING,MISSING,IMPLEMENTED,IMPLEMENTED,IMPLEMENTED,MISSING,IMPLEMENTED,IMPLEMENTED,IMPLEMENTED,BROKEN,ADD_AST_CONTRACT,codex-step1
UXB-SURFACE-173,OFFSETOF,memory,builtin_function,OFFSETOF,OFFSETOF,src/parser/parser/parser_shared.fbs,IMPLEMENTED,IMPLEMENTED,OFFSETOF_STMT,MISSING,MISSING,MISSING,IMPLEMENTED,MISSING,N/A,MISSING,MISSING,MISSING,IMPLEMENTED,MISSING,IMPLEMENTED,MISSING,MISSING,IMPLEMENTED,WASM_UNSUPPORTED,IMPLEMENTED,MISSING,IMPLEMENTED,IMPLEMENTED,IMPLEMENTED,BROKEN,ADD_AST_CONTRACT,codex-step1
UXB-SURFACE-174,PEEKB,memory,builtin_function,PEEKB,PEEKB,src/parser/parser/parser_shared.fbs,IMPLEMENTED,IMPLEMENTED,PEEKB_STMT,MISSING,MISSING,MISSING,IMPLEMENTED,MISSING,N/A,MISSING,MISSING,MISSING,IMPLEMENTED,IMPLEMENTED,IMPLEMENTED,MISSING,MISSING,IMPLEMENTED,MISSING,IMPLEMENTED,MISSING,IMPLEMENTED,IMPLEMENTED,IMPLEMENTED,BROKEN,ADD_AST_CONTRACT,codex-step1
UXB-SURFACE-175,PEEKD,memory,builtin_function,PEEKD,PEEKD,src/parser/parser/parser_shared.fbs,IMPLEMENTED,IMPLEMENTED,PEEKD_STMT,MISSING,MISSING,MISSING,IMPLEMENTED,MISSING,N/A,MISSING,MISSING,MISSING,IMPLEMENTED,IMPLEMENTED,IMPLEMENTED,MISSING,MISSING,IMPLEMENTED,MISSING,IMPLEMENTED,MISSING,IMPLEMENTED,IMPLEMENTED,IMPLEMENTED,BROKEN,ADD_AST_CONTRACT,codex-step1
UXB-SURFACE-176,PEEKW,memory,builtin_function,PEEKW,PEEKW,src/parser/parser/parser_shared.fbs,IMPLEMENTED,IMPLEMENTED,PEEKW_STMT,MISSING,MISSING,MISSING,IMPLEMENTED,MISSING,N/A,MISSING,MISSING,MISSING,IMPLEMENTED,IMPLEMENTED,IMPLEMENTED,MISSING,MISSING,IMPLEMENTED,MISSING,IMPLEMENTED,MISSING,IMPLEMENTED,IMPLEMENTED,IMPLEMENTED,BROKEN,ADD_AST_CONTRACT,codex-step1
UXB-SURFACE-177,POKE,memory,builtin_function,POKE,POKE,src/parser/parser/parser_stmt_basic.fbs,IMPLEMENTED,IMPLEMENTED,POKE_STMT,IMPLEMENTED,MISSING,MISSING,IMPLEMENTED,MISSING,MIR_POKE,IMPLEMENTED,MISSING,MISSING,IMPLEMENTED,IMPLEMENTED,IMPLEMENTED,IMPLEMENTED,MISSING,IMPLEMENTED,IMPLEMENTED,IMPLEMENTED,MISSING,IMPLEMENTED,IMPLEMENTED,IMPLEMENTED,IMPLEMENTED,KEEP_GATE_COVERAGE,codex-step1
UXB-SURFACE-178,POKEB,memory,builtin_function,POKEB,POKEB,src/parser/parser/parser_stmt_basic.fbs,IMPLEMENTED,IMPLEMENTED,POKEB_STMT,MISSING,MISSING,MISSING,IMPLEMENTED,MISSING,MIR_POKEB,IMPLEMENTED,MISSING,MISSING,IMPLEMENTED,IMPLEMENTED,IMPLEMENTED,MISSING,MISSING,IMPLEMENTED,IMPLEMENTED,IMPLEMENTED,MISSING,IMPLEMENTED,IMPLEMENTED,IMPLEMENTED,BROKEN,ADD_AST_CONTRACT,codex-step1
UXB-SURFACE-179,POKED,memory,builtin_function,POKED,POKED,src/parser/parser/parser_stmt_basic.fbs,IMPLEMENTED,IMPLEMENTED,POKED_STMT,MISSING,MISSING,MISSING,IMPLEMENTED,MISSING,MIR_POKED,IMPLEMENTED,MISSING,MISSING,IMPLEMENTED,IMPLEMENTED,IMPLEMENTED,MISSING,MISSING,IMPLEMENTED,IMPLEMENTED,IMPLEMENTED,MISSING,IMPLEMENTED,IMPLEMENTED,IMPLEMENTED,BROKEN,ADD_AST_CONTRACT,codex-step1
UXB-SURFACE-180,POKES,memory,builtin_function,POKES,POKES,src/parser/parser/parser_stmt_basic.fbs,IMPLEMENTED,IMPLEMENTED,POKES_STMT,MISSING,MISSING,MISSING,MISSING,MISSING,MIR_POKES,IMPLEMENTED,MISSING,MISSING,IMPLEMENTED,IMPLEMENTED,IMPLEMENTED,MISSING,MISSING,IMPLEMENTED,WASM_UNSUPPORTED,IMPLEMENTED,MISSING,MISSING,IMPLEMENTED,IMPLEMENTED,BROKEN,ADD_AST_CONTRACT,codex-step1
UXB-SURFACE-181,POKEW,memory,builtin_function,POKEW,POKEW,src/parser/parser/parser_stmt_basic.fbs,IMPLEMENTED,IMPLEMENTED,POKEW_STMT,MISSING,MISSING,MISSING,IMPLEMENTED,MISSING,MIR_POKEW,IMPLEMENTED,MISSING,MISSING,IMPLEMENTED,IMPLEMENTED,IMPLEMENTED,MISSING,MISSING,IMPLEMENTED,IMPLEMENTED,IMPLEMENTED,MISSING,IMPLEMENTED,IMPLEMENTED,IMPLEMENTED,BROKEN,ADD_AST_CONTRACT,codex-step1
UXB-SURFACE-182,SADD,memory,builtin_function,SADD,SADD,src/parser/parser/parser_shared.fbs,IMPLEMENTED,IMPLEMENTED,SADD_STMT,IMPLEMENTED,MISSING,MISSING,MISSING,MISSING,MIR_SADD,IMPLEMENTED,MISSING,MISSING,IMPLEMENTED,IMPLEMENTED,MISSING,MISSING,MISSING,NATIVE_ONLY,WASM_UNSUPPORTED,IMPLEMENTED,MISSING,IMPLEMENTED,IMPLEMENTED,IMPLEMENTED,IMPLEMENTED,KEEP_GATE_COVERAGE,codex-step1
UXB-SURFACE-183,SETNEWOFFSET,memory,builtin_function,SETNEWOFFSET,SETNEWOFFSET,src/parser/parser/parser_stmt_basic.fbs,IMPLEMENTED,IMPLEMENTED,SETNEWOFFSET_STMT,IMPLEMENTED,MISSING,MISSING,MISSING,MISSING,MIR_SETNEWOFFSET,IMPLEMENTED,MISSING,MISSING,IMPLEMENTED,IMPLEMENTED,IMPLEMENTED,MISSING,MISSING,IMPLEMENTED,WASM_UNSUPPORTED,IMPLEMENTED,MISSING,MISSING,IMPLEMENTED,IMPLEMENTED,IMPLEMENTED,KEEP_GATE_COVERAGE,codex-step1
UXB-SURFACE-184,SIZEOF,memory,builtin_function,SIZEOF,SIZEOF,src/parser/parser/parser_shared.fbs,IMPLEMENTED,IMPLEMENTED,SIZEOF_STMT,MISSING,MISSING,MISSING,IMPLEMENTED,MISSING,N/A,MISSING,MISSING,MISSING,IMPLEMENTED,IMPLEMENTED,IMPLEMENTED,MISSING,MISSING,IMPLEMENTED,WASM_UNSUPPORTED,IMPLEMENTED,IMPLEMENTED,IMPLEMENTED,IMPLEMENTED,IMPLEMENTED,BROKEN,ADD_AST_CONTRACT,codex-step1
UXB-SURFACE-185,VARPTR,memory,builtin_function,VARPTR,VARPTR,src/parser/parser/parser_shared.fbs,IMPLEMENTED,IMPLEMENTED,VARPTR_STMT,MISSING,MISSING,MISSING,MISSING,MISSING,N/A,MISSING,MISSING,MISSING,IMPLEMENTED,IMPLEMENTED,IMPLEMENTED,MISSING,MISSING,NATIVE_ONLY,WASM_UNSUPPORTED,IMPLEMENTED,MISSING,IMPLEMENTED,IMPLEMENTED,IMPLEMENTED,BROKEN,ADD_AST_CONTRACT,codex-step1
UXB-SURFACE-186,MAIN,module,directive,MAIN,MAIN,src/parser/parser/parser_stmt_decl_class_method.fbs,IMPLEMENTED,IMPLEMENTED,MAIN_STMT,MISSING,MISSING,MISSING,MISSING,IMPLEMENTED,MIR_MAIN,IMPLEMENTED,MISSING,MISSING,IMPLEMENTED,IMPLEMENTED,IMPLEMENTED,IMPLEMENTED,COMPILE_TIME_ONLY,IMPLEMENTED,IMPLEMENTED,IMPLEMENTED,IMPLEMENTED,IMPLEMENTED,IMPLEMENTED,IMPLEMENTED,COMPILE_TIME_ONLY,KEEP_COMPILE_TIME_CONTRACT,codex-step1
UXB-SURFACE-187,%,operator,expression_operator,%,a % b,src/parser/parser/parser_expr.fbs,IMPLEMENTED,IMPLEMENTED,BINARY_OR_UNARY_EXPR,MISSING,IMPLEMENTED,MISSING,IMPLEMENTED,MISSING,MIR_OP,IMPLEMENTED,MISSING,MISSING,IMPLEMENTED,MISSING,IMPLEMENTED,MISSING,MISSING,IMPLEMENTED,IMPLEMENTED,IMPLEMENTED,IMPLEMENTED,IMPLEMENTED,IMPLEMENTED,IMPLEMENTED,BROKEN,ADD_AST_CONTRACT,codex-step1
UXB-SURFACE-188,%=,operator,expression_operator,%=,a %= b,src/parser/parser/parser_expr.fbs,IMPLEMENTED,IMPLEMENTED,BINARY_OR_UNARY_EXPR,MISSING,MISSING,MISSING,MISSING,MISSING,MIR_OP,IMPLEMENTED,MISSING,MISSING,IMPLEMENTED,MISSING,IMPLEMENTED,MISSING,MISSING,IMPLEMENTED,WASM_UNSUPPORTED,MISSING,MISSING,MISSING,IMPLEMENTED,IMPLEMENTED,BROKEN,ADD_AST_CONTRACT,codex-step1
UXB-SURFACE-189,&,operator,expression_operator,&,a & b,src/parser/parser/parser_expr.fbs,IMPLEMENTED,IMPLEMENTED,BINARY_OR_UNARY_EXPR,IMPLEMENTED,IMPLEMENTED,IMPLEMENTED,IMPLEMENTED,IMPLEMENTED,MIR_OP,IMPLEMENTED,IMPLEMENTED,IMPLEMENTED,IMPLEMENTED,IMPLEMENTED,IMPLEMENTED,IMPLEMENTED,IMPLEMENTED,IMPLEMENTED,WASM_UNSUPPORTED,IMPLEMENTED,IMPLEMENTED,IMPLEMENTED,IMPLEMENTED,IMPLEMENTED,IMPLEMENTED,KEEP_GATE_COVERAGE,codex-step1
UXB-SURFACE-190,&=,operator,expression_operator,&=,a &= b,src/parser/parser/parser_expr.fbs,IMPLEMENTED,IMPLEMENTED,BINARY_OR_UNARY_EXPR,IMPLEMENTED,IMPLEMENTED,MISSING,MISSING,IMPLEMENTED,MIR_OP,IMPLEMENTED,IMPLEMENTED,IMPLEMENTED,IMPLEMENTED,IMPLEMENTED,IMPLEMENTED,IMPLEMENTED,IMPLEMENTED,IMPLEMENTED,WASM_UNSUPPORTED,MISSING,MISSING,MISSING,IMPLEMENTED,IMPLEMENTED,IMPLEMENTED,KEEP_GATE_COVERAGE,codex-step1
UXB-SURFACE-191,(,operator,expression_operator,(,(,src/parser/parser/parser_expr.fbs,IMPLEMENTED,IMPLEMENTED,BINARY_OR_UNARY_EXPR,MISSING,IMPLEMENTED,MISSING,IMPLEMENTED,MISSING,MIR_OP,IMPLEMENTED,MISSING,MISSING,IMPLEMENTED,IMPLEMENTED,IMPLEMENTED,MISSING,MISSING,IMPLEMENTED,WASM_UNSUPPORTED,IMPLEMENTED,IMPLEMENTED,IMPLEMENTED,IMPLEMENTED,IMPLEMENTED,BROKEN,ADD_AST_CONTRACT,codex-step1
UXB-SURFACE-192,),operator,expression_operator,),),src/parser/parser/parser_expr.fbs,IMPLEMENTED,IMPLEMENTED,BINARY_OR_UNARY_EXPR,IMPLEMENTED,IMPLEMENTED,IMPLEMENTED,IMPLEMENTED,IMPLEMENTED,MIR_OP,IMPLEMENTED,IMPLEMENTED,IMPLEMENTED,IMPLEMENTED,IMPLEMENTED,IMPLEMENTED,IMPLEMENTED,IMPLEMENTED,IMPLEMENTED,WASM_UNSUPPORTED,IMPLEMENTED,IMPLEMENTED,IMPLEMENTED,IMPLEMENTED,IMPLEMENTED,IMPLEMENTED,KEEP_GATE_COVERAGE,codex-step1
UXB-SURFACE-193,*,operator,expression_operator,*,a * b,src/parser/parser/parser_expr.fbs,IMPLEMENTED,IMPLEMENTED,BINARY_OR_UNARY_EXPR,IMPLEMENTED,IMPLEMENTED,MISSING,IMPLEMENTED,MISSING,MIR_OP,IMPLEMENTED,MISSING,MISSING,IMPLEMENTED,IMPLEMENTED,IMPLEMENTED,IMPLEMENTED,IMPLEMENTED,IMPLEMENTED,IMPLEMENTED,IMPLEMENTED,IMPLEMENTED,IMPLEMENTED,IMPLEMENTED,IMPLEMENTED,IMPLEMENTED,KEEP_GATE_COVERAGE,codex-step1
UXB-SURFACE-194,*=,operator,expression_operator,*=,a *= b,src/parser/parser/parser_expr.fbs,IMPLEMENTED,IMPLEMENTED,BINARY_OR_UNARY_EXPR,IMPLEMENTED,MISSING,MISSING,MISSING,MISSING,MIR_OP,IMPLEMENTED,MISSING,MISSING,IMPLEMENTED,MISSING,IMPLEMENTED,MISSING,MISSING,IMPLEMENTED,WASM_UNSUPPORTED,IMPLEMENTED,MISSING,MISSING,IMPLEMENTED,IMPLEMENTED,IMPLEMENTED,KEEP_GATE_COVERAGE,codex-step1
UXB-SURFACE-195,+,operator,expression_operator,+,a + b,src/parser/parser/parser_expr.fbs,IMPLEMENTED,IMPLEMENTED,BINARY_OR_UNARY_EXPR,IMPLEMENTED,IMPLEMENTED,IMPLEMENTED,IMPLEMENTED,IMPLEMENTED,MIR_OP,IMPLEMENTED,IMPLEMENTED,IMPLEMENTED,IMPLEMENTED,IMPLEMENTED,IMPLEMENTED,IMPLEMENTED,IMPLEMENTED,IMPLEMENTED,IMPLEMENTED,IMPLEMENTED,IMPLEMENTED,IMPLEMENTED,IMPLEMENTED,IMPLEMENTED,IMPLEMENTED,KEEP_GATE_COVERAGE,codex-step1
UXB-SURFACE-196,++,operator,expression_operator,++,a ++ b,src/parser/parser/parser_expr.fbs,IMPLEMENTED,IMPLEMENTED,BINARY_OR_UNARY_EXPR,MISSING,MISSING,MISSING,MISSING,MISSING,N/A,MISSING,MISSING,MISSING,IMPLEMENTED,MISSING,MISSING,MISSING,MISSING,IMPLEMENTED,WASM_UNSUPPORTED,MISSING,MISSING,MISSING,IMPLEMENTED,IMPLEMENTED,BROKEN,ADD_AST_CONTRACT,codex-step1
UXB-SURFACE-197,+=,operator,expression_operator,+=,a += b,src/parser/parser/parser_expr.fbs,IMPLEMENTED,IMPLEMENTED,BINARY_OR_UNARY_EXPR,IMPLEMENTED,IMPLEMENTED,IMPLEMENTED,MISSING,IMPLEMENTED,MIR_OP,IMPLEMENTED,IMPLEMENTED,IMPLEMENTED,IMPLEMENTED,IMPLEMENTED,IMPLEMENTED,IMPLEMENTED,IMPLEMENTED,IMPLEMENTED,WASM_UNSUPPORTED,IMPLEMENTED,MISSING,IMPLEMENTED,IMPLEMENTED,IMPLEMENTED,IMPLEMENTED,KEEP_GATE_COVERAGE,codex-step1
UXB-SURFACE-198,",",operator,expression_operator,",",",",src/parser/parser/parser_expr.fbs,IMPLEMENTED,IMPLEMENTED,BINARY_OR_UNARY_EXPR,IMPLEMENTED,IMPLEMENTED,IMPLEMENTED,IMPLEMENTED,IMPLEMENTED,MIR_OP,IMPLEMENTED,IMPLEMENTED,IMPLEMENTED,IMPLEMENTED,IMPLEMENTED,IMPLEMENTED,IMPLEMENTED,IMPLEMENTED,IMPLEMENTED,WASM_UNSUPPORTED,IMPLEMENTED,IMPLEMENTED,IMPLEMENTED,IMPLEMENTED,IMPLEMENTED,IMPLEMENTED,KEEP_GATE_COVERAGE,codex-step1
UXB-SURFACE-199,-,operator,expression_operator,-,a - b,src/parser/parser/parser_expr.fbs,IMPLEMENTED,IMPLEMENTED,BINARY_OR_UNARY_EXPR,IMPLEMENTED,IMPLEMENTED,IMPLEMENTED,IMPLEMENTED,IMPLEMENTED,MIR_OP,IMPLEMENTED,IMPLEMENTED,IMPLEMENTED,IMPLEMENTED,IMPLEMENTED,IMPLEMENTED,IMPLEMENTED,IMPLEMENTED,IMPLEMENTED,IMPLEMENTED,IMPLEMENTED,IMPLEMENTED,IMPLEMENTED,IMPLEMENTED,IMPLEMENTED,IMPLEMENTED,KEEP_GATE_COVERAGE,codex-step1
UXB-SURFACE-200,--,operator,expression_operator,--,a -- b,src/parser/parser/parser_expr.fbs,IMPLEMENTED,IMPLEMENTED,BINARY_OR_UNARY_EXPR,IMPLEMENTED,MISSING,MISSING,MISSING,MISSING,MIR_OP,IMPLEMENTED,MISSING,MISSING,IMPLEMENTED,MISSING,IMPLEMENTED,MISSING,MISSING,IMPLEMENTED,WASM_UNSUPPORTED,MISSING,MISSING,MISSING,IMPLEMENTED,IMPLEMENTED,IMPLEMENTED,KEEP_GATE_COVERAGE,codex-step1
UXB-SURFACE-201,-=,operator,expression_operator,-=,a -= b,src/parser/parser/parser_expr.fbs,IMPLEMENTED,IMPLEMENTED,BINARY_OR_UNARY_EXPR,MISSING,MISSING,MISSING,MISSING,IMPLEMENTED,MIR_OP,IMPLEMENTED,MISSING,MISSING,IMPLEMENTED,IMPLEMENTED,IMPLEMENTED,MISSING,MISSING,IMPLEMENTED,WASM_UNSUPPORTED,MISSING,MISSING,MISSING,IMPLEMENTED,IMPLEMENTED,BROKEN,ADD_AST_CONTRACT,codex-step1
UXB-SURFACE-202,.,operator,expression_operator,.,.,src/parser/parser/parser_expr.fbs,IMPLEMENTED,IMPLEMENTED,BINARY_OR_UNARY_EXPR,IMPLEMENTED,IMPLEMENTED,MISSING,IMPLEMENTED,MISSING,MIR_OP,IMPLEMENTED,IMPLEMENTED,MISSING,IMPLEMENTED,IMPLEMENTED,IMPLEMENTED,IMPLEMENTED,IMPLEMENTED,IMPLEMENTED,WASM_UNSUPPORTED,IMPLEMENTED,IMPLEMENTED,IMPLEMENTED,IMPLEMENTED,IMPLEMENTED,IMPLEMENTED,KEEP_GATE_COVERAGE,codex-step1
UXB-SURFACE-203,/,operator,expression_operator,/,a / b,src/parser/parser/parser_expr.fbs,IMPLEMENTED,IMPLEMENTED,BINARY_OR_UNARY_EXPR,IMPLEMENTED,IMPLEMENTED,MISSING,IMPLEMENTED,MISSING,MIR_OP,IMPLEMENTED,MISSING,IMPLEMENTED,IMPLEMENTED,IMPLEMENTED,IMPLEMENTED,IMPLEMENTED,IMPLEMENTED,IMPLEMENTED,IMPLEMENTED,IMPLEMENTED,IMPLEMENTED,IMPLEMENTED,IMPLEMENTED,IMPLEMENTED,IMPLEMENTED,KEEP_GATE_COVERAGE,codex-step1
UXB-SURFACE-204,/=,operator,expression_operator,/=,a /= b,src/parser/parser/parser_expr.fbs,IMPLEMENTED,IMPLEMENTED,BINARY_OR_UNARY_EXPR,MISSING,MISSING,MISSING,MISSING,MISSING,MIR_OP,IMPLEMENTED,MISSING,MISSING,IMPLEMENTED,MISSING,IMPLEMENTED,MISSING,MISSING,IMPLEMENTED,WASM_UNSUPPORTED,MISSING,MISSING,MISSING,IMPLEMENTED,IMPLEMENTED,BROKEN,ADD_AST_CONTRACT,codex-step1
UXB-SURFACE-205,:,operator,expression_operator,:,:,src/parser/parser/parser_expr.fbs,IMPLEMENTED,IMPLEMENTED,BINARY_OR_UNARY_EXPR,IMPLEMENTED,MISSING,MISSING,MISSING,IMPLEMENTED,MIR_OP,IMPLEMENTED,MISSING,IMPLEMENTED,IMPLEMENTED,IMPLEMENTED,IMPLEMENTED,IMPLEMENTED,IMPLEMENTED,IMPLEMENTED,WASM_UNSUPPORTED,IMPLEMENTED,IMPLEMENTED,IMPLEMENTED,IMPLEMENTED,IMPLEMENTED,IMPLEMENTED,KEEP_GATE_COVERAGE,codex-step1
UXB-SURFACE-206,<,operator,expression_operator,<,a < b,src/parser/parser/parser_expr.fbs,IMPLEMENTED,IMPLEMENTED,BINARY_OR_UNARY_EXPR,IMPLEMENTED,IMPLEMENTED,IMPLEMENTED,IMPLEMENTED,IMPLEMENTED,MIR_OP,IMPLEMENTED,IMPLEMENTED,IMPLEMENTED,IMPLEMENTED,IMPLEMENTED,IMPLEMENTED,IMPLEMENTED,IMPLEMENTED,IMPLEMENTED,IMPLEMENTED,IMPLEMENTED,IMPLEMENTED,IMPLEMENTED,IMPLEMENTED,IMPLEMENTED,IMPLEMENTED,KEEP_GATE_COVERAGE,codex-step1
UXB-SURFACE-207,<<,operator,expression_operator,<<,a << b,src/parser/parser/parser_expr.fbs,IMPLEMENTED,IMPLEMENTED,BINARY_OR_UNARY_EXPR,MISSING,IMPLEMENTED,MISSING,MISSING,MISSING,MIR_OP,IMPLEMENTED,MISSING,MISSING,IMPLEMENTED,MISSING,IMPLEMENTED,MISSING,MISSING,IMPLEMENTED,WASM_UNSUPPORTED,IMPLEMENTED,MISSING,MISSING,IMPLEMENTED,IMPLEMENTED,BROKEN,ADD_AST_CONTRACT,codex-step1
UXB-SURFACE-208,<<=,operator,expression_operator,<<=,a <<= b,src/parser/parser/parser_expr.fbs,IMPLEMENTED,IMPLEMENTED,BINARY_OR_UNARY_EXPR,MISSING,MISSING,MISSING,MISSING,MISSING,MIR_OP,IMPLEMENTED,MISSING,MISSING,IMPLEMENTED,MISSING,IMPLEMENTED,MISSING,MISSING,MISSING,WASM_UNSUPPORTED,MISSING,MISSING,MISSING,IMPLEMENTED,IMPLEMENTED,BROKEN,ADD_AST_CONTRACT,codex-step1
UXB-SURFACE-209,<=,operator,expression_operator,<=,a <= b,src/parser/parser/parser_expr.fbs,IMPLEMENTED,IMPLEMENTED,BINARY_OR_UNARY_EXPR,IMPLEMENTED,IMPLEMENTED,MISSING,IMPLEMENTED,MISSING,MIR_OP,IMPLEMENTED,IMPLEMENTED,IMPLEMENTED,IMPLEMENTED,IMPLEMENTED,IMPLEMENTED,MISSING,IMPLEMENTED,IMPLEMENTED,IMPLEMENTED,IMPLEMENTED,IMPLEMENTED,IMPLEMENTED,IMPLEMENTED,IMPLEMENTED,IMPLEMENTED,KEEP_GATE_COVERAGE,codex-step1
UXB-SURFACE-210,<>,operator,expression_operator,<>,a <> b,src/parser/parser/parser_expr.fbs,IMPLEMENTED,IMPLEMENTED,BINARY_OR_UNARY_EXPR,IMPLEMENTED,IMPLEMENTED,IMPLEMENTED,IMPLEMENTED,IMPLEMENTED,MIR_OP,IMPLEMENTED,IMPLEMENTED,IMPLEMENTED,IMPLEMENTED,IMPLEMENTED,IMPLEMENTED,IMPLEMENTED,IMPLEMENTED,IMPLEMENTED,IMPLEMENTED,IMPLEMENTED,MISSING,IMPLEMENTED,IMPLEMENTED,IMPLEMENTED,IMPLEMENTED,KEEP_GATE_COVERAGE,codex-step1
UXB-SURFACE-211,=,operator,expression_operator,=,a = b,src/parser/parser/parser_expr.fbs,IMPLEMENTED,IMPLEMENTED,BINARY_OR_UNARY_EXPR,IMPLEMENTED,IMPLEMENTED,IMPLEMENTED,IMPLEMENTED,IMPLEMENTED,MIR_OP,IMPLEMENTED,IMPLEMENTED,IMPLEMENTED,IMPLEMENTED,IMPLEMENTED,IMPLEMENTED,IMPLEMENTED,IMPLEMENTED,IMPLEMENTED,IMPLEMENTED,IMPLEMENTED,IMPLEMENTED,IMPLEMENTED,IMPLEMENTED,IMPLEMENTED,IMPLEMENTED,KEEP_GATE_COVERAGE,codex-step1
UXB-SURFACE-212,>,operator,expression_operator,>,a > b,src/parser/parser/parser_expr.fbs,IMPLEMENTED,IMPLEMENTED,BINARY_OR_UNARY_EXPR,IMPLEMENTED,IMPLEMENTED,IMPLEMENTED,IMPLEMENTED,IMPLEMENTED,MIR_OP,IMPLEMENTED,IMPLEMENTED,IMPLEMENTED,IMPLEMENTED,IMPLEMENTED,IMPLEMENTED,IMPLEMENTED,IMPLEMENTED,IMPLEMENTED,IMPLEMENTED,IMPLEMENTED,IMPLEMENTED,IMPLEMENTED,IMPLEMENTED,IMPLEMENTED,IMPLEMENTED,KEEP_GATE_COVERAGE,codex-step1
UXB-SURFACE-213,>=,operator,expression_operator,>=,a >= b,src/parser/parser/parser_expr.fbs,IMPLEMENTED,IMPLEMENTED,BINARY_OR_UNARY_EXPR,IMPLEMENTED,IMPLEMENTED,IMPLEMENTED,IMPLEMENTED,IMPLEMENTED,MIR_OP,IMPLEMENTED,MISSING,MISSING,IMPLEMENTED,IMPLEMENTED,IMPLEMENTED,IMPLEMENTED,IMPLEMENTED,IMPLEMENTED,IMPLEMENTED,IMPLEMENTED,IMPLEMENTED,MISSING,IMPLEMENTED,IMPLEMENTED,IMPLEMENTED,KEEP_GATE_COVERAGE,codex-step1
UXB-SURFACE-214,>>,operator,expression_operator,>>,a >> b,src/parser/parser/parser_expr.fbs,IMPLEMENTED,IMPLEMENTED,BINARY_OR_UNARY_EXPR,MISSING,IMPLEMENTED,MISSING,MISSING,MISSING,MIR_OP,IMPLEMENTED,MISSING,MISSING,IMPLEMENTED,MISSING,IMPLEMENTED,MISSING,MISSING,IMPLEMENTED,WASM_UNSUPPORTED,IMPLEMENTED,MISSING,MISSING,IMPLEMENTED,IMPLEMENTED,BROKEN,ADD_AST_CONTRACT,codex-step1
UXB-SURFACE-215,>>=,operator,expression_operator,>>=,a >>= b,src/parser/parser/parser_expr.fbs,IMPLEMENTED,IMPLEMENTED,BINARY_OR_UNARY_EXPR,MISSING,MISSING,MISSING,MISSING,MISSING,MIR_OP,IMPLEMENTED,MISSING,MISSING,IMPLEMENTED,MISSING,IMPLEMENTED,MISSING,MISSING,MISSING,WASM_UNSUPPORTED,MISSING,MISSING,MISSING,IMPLEMENTED,IMPLEMENTED,BROKEN,ADD_AST_CONTRACT,codex-step1
UXB-SURFACE-216,@,operator,expression_operator,@,a @ b,src/parser/parser/parser_expr.fbs,IMPLEMENTED,IMPLEMENTED,BINARY_OR_UNARY_EXPR,MISSING,MISSING,MISSING,MISSING,MISSING,N/A,MISSING,MISSING,MISSING,IMPLEMENTED,MISSING,MISSING,MISSING,MISSING,MISSING,WASM_UNSUPPORTED,IMPLEMENTED,IMPLEMENTED,IMPLEMENTED,IMPLEMENTED,IMPLEMENTED,BROKEN,ADD_AST_CONTRACT,codex-step1
UXB-SURFACE-217,AND,operator,expression_operator,AND,AND,src/parser/parser/parser_expr.fbs,IMPLEMENTED,IMPLEMENTED,AND_STMT,IMPLEMENTED,IMPLEMENTED,IMPLEMENTED,IMPLEMENTED,IMPLEMENTED,MIR_AND,IMPLEMENTED,IMPLEMENTED,IMPLEMENTED,IMPLEMENTED,IMPLEMENTED,IMPLEMENTED,IMPLEMENTED,IMPLEMENTED,IMPLEMENTED,WASM_UNSUPPORTED,IMPLEMENTED,IMPLEMENTED,IMPLEMENTED,IMPLEMENTED,IMPLEMENTED,IMPLEMENTED,KEEP_GATE_COVERAGE,codex-step1
UXB-SURFACE-218,MOD,operator,expression_operator,MOD,MOD,src/parser/parser/parser_expr.fbs,IMPLEMENTED,IMPLEMENTED,MOD_STMT,IMPLEMENTED,IMPLEMENTED,MISSING,IMPLEMENTED,IMPLEMENTED,MIR_MOD,IMPLEMENTED,IMPLEMENTED,IMPLEMENTED,IMPLEMENTED,IMPLEMENTED,IMPLEMENTED,IMPLEMENTED,MISSING,IMPLEMENTED,WASM_UNSUPPORTED,IMPLEMENTED,IMPLEMENTED,IMPLEMENTED,IMPLEMENTED,IMPLEMENTED,IMPLEMENTED,KEEP_GATE_COVERAGE,codex-step1
UXB-SURFACE-219,NOT,operator,expression_operator,NOT,NOT,src/parser/parser/parser_expr.fbs,IMPLEMENTED,IMPLEMENTED,NOT_STMT,IMPLEMENTED,IMPLEMENTED,MISSING,IMPLEMENTED,IMPLEMENTED,MIR_NOT,IMPLEMENTED,IMPLEMENTED,IMPLEMENTED,IMPLEMENTED,IMPLEMENTED,IMPLEMENTED,IMPLEMENTED,IMPLEMENTED,IMPLEMENTED,WASM_UNSUPPORTED,IMPLEMENTED,IMPLEMENTED,IMPLEMENTED,IMPLEMENTED,IMPLEMENTED,IMPLEMENTED,KEEP_GATE_COVERAGE,codex-step1
UXB-SURFACE-220,OR,operator,expression_operator,OR,OR,src/parser/parser/parser_expr.fbs,IMPLEMENTED,IMPLEMENTED,OR_STMT,IMPLEMENTED,IMPLEMENTED,IMPLEMENTED,IMPLEMENTED,IMPLEMENTED,MIR_OR,IMPLEMENTED,IMPLEMENTED,IMPLEMENTED,IMPLEMENTED,IMPLEMENTED,IMPLEMENTED,IMPLEMENTED,IMPLEMENTED,IMPLEMENTED,WASM_UNSUPPORTED,IMPLEMENTED,IMPLEMENTED,IMPLEMENTED,IMPLEMENTED,IMPLEMENTED,IMPLEMENTED,KEEP_GATE_COVERAGE,codex-step1
UXB-SURFACE-221,ROL,operator,expression_operator,ROL,ROL,src/parser/parser/parser_expr.fbs,IMPLEMENTED,IMPLEMENTED,ROL_STMT,IMPLEMENTED,IMPLEMENTED,MISSING,MISSING,MISSING,MIR_ROL,IMPLEMENTED,MISSING,MISSING,IMPLEMENTED,IMPLEMENTED,IMPLEMENTED,IMPLEMENTED,MISSING,IMPLEMENTED,WASM_UNSUPPORTED,IMPLEMENTED,IMPLEMENTED,IMPLEMENTED,IMPLEMENTED,IMPLEMENTED,IMPLEMENTED,KEEP_GATE_COVERAGE,codex-step1
UXB-SURFACE-222,ROR,operator,expression_operator,ROR,ROR,src/parser/parser/parser_expr.fbs,IMPLEMENTED,IMPLEMENTED,ROR_STMT,IMPLEMENTED,IMPLEMENTED,MISSING,IMPLEMENTED,MISSING,MIR_ROR,IMPLEMENTED,IMPLEMENTED,IMPLEMENTED,IMPLEMENTED,IMPLEMENTED,IMPLEMENTED,IMPLEMENTED,MISSING,IMPLEMENTED,WASM_UNSUPPORTED,IMPLEMENTED,IMPLEMENTED,IMPLEMENTED,IMPLEMENTED,IMPLEMENTED,IMPLEMENTED,KEEP_GATE_COVERAGE,codex-step1
UXB-SURFACE-223,SHL,operator,expression_operator,SHL,SHL,src/parser/parser/parser_expr.fbs,IMPLEMENTED,IMPLEMENTED,SHL_STMT,IMPLEMENTED,IMPLEMENTED,MISSING,MISSING,MISSING,MIR_SHL,IMPLEMENTED,MISSING,MISSING,IMPLEMENTED,IMPLEMENTED,IMPLEMENTED,IMPLEMENTED,MISSING,IMPLEMENTED,WASM_UNSUPPORTED,IMPLEMENTED,MISSING,MISSING,IMPLEMENTED,IMPLEMENTED,IMPLEMENTED,KEEP_GATE_COVERAGE,codex-step1
UXB-SURFACE-224,SHR,operator,expression_operator,SHR,SHR,src/parser/parser/parser_expr.fbs,IMPLEMENTED,IMPLEMENTED,SHR_STMT,MISSING,IMPLEMENTED,MISSING,MISSING,MISSING,MIR_SHR,IMPLEMENTED,MISSING,MISSING,IMPLEMENTED,IMPLEMENTED,IMPLEMENTED,IMPLEMENTED,MISSING,IMPLEMENTED,WASM_UNSUPPORTED,IMPLEMENTED,MISSING,MISSING,IMPLEMENTED,IMPLEMENTED,BROKEN,ADD_AST_CONTRACT,codex-step1
UXB-SURFACE-225,XOR,operator,expression_operator,XOR,XOR,src/parser/parser/parser_expr.fbs,IMPLEMENTED,IMPLEMENTED,XOR_STMT,MISSING,IMPLEMENTED,MISSING,MISSING,MISSING,MIR_XOR,IMPLEMENTED,MISSING,MISSING,IMPLEMENTED,IMPLEMENTED,IMPLEMENTED,IMPLEMENTED,MISSING,IMPLEMENTED,WASM_UNSUPPORTED,IMPLEMENTED,MISSING,MISSING,IMPLEMENTED,IMPLEMENTED,BROKEN,ADD_AST_CONTRACT,codex-step1
UXB-SURFACE-226,[,operator,expression_operator,[,[,src/parser/parser/parser_stmt_dispatch.fbs,IMPLEMENTED,IMPLEMENTED,BINARY_OR_UNARY_EXPR,IMPLEMENTED,IMPLEMENTED,MISSING,MISSING,IMPLEMENTED,N/A,MISSING,MISSING,IMPLEMENTED,IMPLEMENTED,IMPLEMENTED,MISSING,MISSING,IMPLEMENTED,IMPLEMENTED,WASM_UNSUPPORTED,IMPLEMENTED,IMPLEMENTED,IMPLEMENTED,IMPLEMENTED,IMPLEMENTED,IMPLEMENTED,KEEP_GATE_COVERAGE,codex-step1
UXB-SURFACE-227,\,operator,expression_operator,\,a \ b,src/parser/parser/parser_expr.fbs,IMPLEMENTED,IMPLEMENTED,BINARY_OR_UNARY_EXPR,IMPLEMENTED,IMPLEMENTED,MISSING,IMPLEMENTED,IMPLEMENTED,MIR_OP,IMPLEMENTED,MISSING,IMPLEMENTED,IMPLEMENTED,IMPLEMENTED,IMPLEMENTED,MISSING,IMPLEMENTED,IMPLEMENTED,IMPLEMENTED,IMPLEMENTED,IMPLEMENTED,IMPLEMENTED,IMPLEMENTED,IMPLEMENTED,IMPLEMENTED,KEEP_GATE_COVERAGE,codex-step1
UXB-SURFACE-228,\=,operator,expression_operator,\=,a \= b,src/parser/parser/parser_expr.fbs,IMPLEMENTED,IMPLEMENTED,BINARY_OR_UNARY_EXPR,MISSING,MISSING,MISSING,MISSING,MISSING,MIR_OP,IMPLEMENTED,MISSING,MISSING,IMPLEMENTED,MISSING,IMPLEMENTED,MISSING,MISSING,IMPLEMENTED,WASM_UNSUPPORTED,IMPLEMENTED,MISSING,IMPLEMENTED,IMPLEMENTED,IMPLEMENTED,BROKEN,ADD_AST_CONTRACT,codex-step1
UXB-SURFACE-229,],operator,expression_operator,],],src/parser/parser/parser_stmt_dispatch.fbs,IMPLEMENTED,IMPLEMENTED,BINARY_OR_UNARY_EXPR,IMPLEMENTED,IMPLEMENTED,MISSING,MISSING,IMPLEMENTED,N/A,MISSING,MISSING,IMPLEMENTED,IMPLEMENTED,IMPLEMENTED,IMPLEMENTED,IMPLEMENTED,IMPLEMENTED,IMPLEMENTED,WASM_UNSUPPORTED,IMPLEMENTED,IMPLEMENTED,IMPLEMENTED,IMPLEMENTED,IMPLEMENTED,IMPLEMENTED,KEEP_GATE_COVERAGE,codex-step1
UXB-SURFACE-230,^,operator,expression_operator,^,a ^ b,src/parser/parser/parser_expr.fbs,IMPLEMENTED,IMPLEMENTED,BINARY_OR_UNARY_EXPR,MISSING,IMPLEMENTED,MISSING,MISSING,MISSING,MIR_OP,IMPLEMENTED,MISSING,MISSING,IMPLEMENTED,MISSING,IMPLEMENTED,MISSING,MISSING,IMPLEMENTED,WASM_UNSUPPORTED,IMPLEMENTED,MISSING,IMPLEMENTED,IMPLEMENTED,IMPLEMENTED,BROKEN,ADD_AST_CONTRACT,codex-step1
UXB-SURFACE-231,^=,operator,expression_operator,^=,a ^= b,src/parser/parser/parser_expr.fbs,IMPLEMENTED,IMPLEMENTED,BINARY_OR_UNARY_EXPR,MISSING,MISSING,MISSING,MISSING,MISSING,MIR_OP,IMPLEMENTED,MISSING,MISSING,IMPLEMENTED,MISSING,IMPLEMENTED,MISSING,MISSING,MISSING,WASM_UNSUPPORTED,MISSING,MISSING,MISSING,IMPLEMENTED,IMPLEMENTED,BROKEN,ADD_AST_CONTRACT,codex-step1
UXB-SURFACE-232,|,operator,expression_operator,|,a | b,src/parser/parser/parser_expr.fbs,IMPLEMENTED,IMPLEMENTED,BINARY_OR_UNARY_EXPR,MISSING,IMPLEMENTED,MISSING,MISSING,MISSING,MIR_OP,IMPLEMENTED,MISSING,MISSING,IMPLEMENTED,MISSING,IMPLEMENTED,IMPLEMENTED,MISSING,IMPLEMENTED,WASM_UNSUPPORTED,IMPLEMENTED,IMPLEMENTED,IMPLEMENTED,IMPLEMENTED,IMPLEMENTED,BROKEN,ADD_AST_CONTRACT,codex-step1
UXB-SURFACE-233,|=,operator,expression_operator,|=,a |= b,src/parser/parser/parser_expr.fbs,IMPLEMENTED,IMPLEMENTED,BINARY_OR_UNARY_EXPR,MISSING,MISSING,MISSING,MISSING,MISSING,MIR_OP,IMPLEMENTED,MISSING,MISSING,IMPLEMENTED,MISSING,IMPLEMENTED,MISSING,MISSING,MISSING,WASM_UNSUPPORTED,MISSING,MISSING,MISSING,IMPLEMENTED,IMPLEMENTED,BROKEN,ADD_AST_CONTRACT,codex-step1
UXB-SURFACE-234,CALL,procedure_oop,basic_statement,CALL,CALL,src/parser/parser/parser_expr.fbs,IMPLEMENTED,IMPLEMENTED,CALL_STMT,IMPLEMENTED,IMPLEMENTED,MISSING,IMPLEMENTED,IMPLEMENTED,MIR_CALL,IMPLEMENTED,IMPLEMENTED,MISSING,IMPLEMENTED,IMPLEMENTED,IMPLEMENTED,IMPLEMENTED,IMPLEMENTED,IMPLEMENTED,WASM_UNSUPPORTED,IMPLEMENTED,IMPLEMENTED,IMPLEMENTED,IMPLEMENTED,IMPLEMENTED,IMPLEMENTED,KEEP_GATE_COVERAGE,codex-step1
UXB-SURFACE-235,CLASS,procedure_oop,basic_statement,CLASS,CLASS C,src/parser/parser/parser_expr.fbs,IMPLEMENTED,IMPLEMENTED,CLASS_STMT,IMPLEMENTED,IMPLEMENTED,IMPLEMENTED,IMPLEMENTED,IMPLEMENTED,MIR_CLASS,IMPLEMENTED,MISSING,IMPLEMENTED,IMPLEMENTED,IMPLEMENTED,IMPLEMENTED,IMPLEMENTED,MISSING,IMPLEMENTED,WASM_UNSUPPORTED,IMPLEMENTED,MISSING,IMPLEMENTED,IMPLEMENTED,IMPLEMENTED,IMPLEMENTED,KEEP_GATE_COVERAGE,codex-step1
UXB-SURFACE-236,CONSTRUCTOR,procedure_oop,basic_statement,CONSTRUCTOR,CONSTRUCTOR,src/parser/parser/parser_stmt_decl_class_method.fbs,IMPLEMENTED,IMPLEMENTED,CONSTRUCTOR_STMT,IMPLEMENTED,IMPLEMENTED,MISSING,MISSING,MISSING,MIR_CONSTRUCTOR,IMPLEMENTED,MISSING,MISSING,IMPLEMENTED,IMPLEMENTED,IMPLEMENTED,IMPLEMENTED,MISSING,IMPLEMENTED,WASM_UNSUPPORTED,IMPLEMENTED,MISSING,IMPLEMENTED,IMPLEMENTED,IMPLEMENTED,IMPLEMENTED,KEEP_GATE_COVERAGE,codex-step1
UXB-SURFACE-237,DECLARE,procedure_oop,basic_statement,DECLARE,DECLARE,src/parser/parser/parser_expr.fbs,IMPLEMENTED,IMPLEMENTED,DECLARE_STMT,MISSING,IMPLEMENTED,MISSING,MISSING,IMPLEMENTED,MIR_DECLARE,IMPLEMENTED,MISSING,MISSING,IMPLEMENTED,IMPLEMENTED,IMPLEMENTED,IMPLEMENTED,COMPILE_TIME_ONLY,IMPLEMENTED,IMPLEMENTED,IMPLEMENTED,IMPLEMENTED,IMPLEMENTED,IMPLEMENTED,IMPLEMENTED,COMPILE_TIME_ONLY,KEEP_COMPILE_TIME_CONTRACT,codex-step1
UXB-SURFACE-238,DELETE,procedure_oop,basic_statement,DELETE,DELETE,src/parser/parser/parser_stmt_basic.fbs,IMPLEMENTED,IMPLEMENTED,DELETE_STMT,MISSING,IMPLEMENTED,MISSING,MISSING,MISSING,N/A,MISSING,MISSING,MISSING,IMPLEMENTED,MISSING,IMPLEMENTED,IMPLEMENTED,MISSING,IMPLEMENTED,WASM_UNSUPPORTED,IMPLEMENTED,MISSING,MISSING,IMPLEMENTED,IMPLEMENTED,BROKEN,ADD_AST_CONTRACT,codex-step1
UXB-SURFACE-239,DESTRUCTOR,procedure_oop,basic_statement,DESTRUCTOR,DESTRUCTOR,src/parser/parser/parser_stmt_decl_class_method.fbs,IMPLEMENTED,IMPLEMENTED,DESTRUCTOR_STMT,IMPLEMENTED,IMPLEMENTED,MISSING,MISSING,MISSING,MIR_DESTRUCTOR,IMPLEMENTED,MISSING,MISSING,IMPLEMENTED,MISSING,IMPLEMENTED,IMPLEMENTED,MISSING,IMPLEMENTED,WASM_UNSUPPORTED,IMPLEMENTED,MISSING,IMPLEMENTED,IMPLEMENTED,IMPLEMENTED,IMPLEMENTED,KEEP_GATE_COVERAGE,codex-step1
UXB-SURFACE-240,FUNCTION,procedure_oop,basic_statement,FUNCTION,FUNCTION f() AS I32,src/parser/parser/parser_expr.fbs,IMPLEMENTED,IMPLEMENTED,FUNCTION_STMT,IMPLEMENTED,IMPLEMENTED,IMPLEMENTED,IMPLEMENTED,IMPLEMENTED,MIR_FUNCTION,IMPLEMENTED,IMPLEMENTED,IMPLEMENTED,IMPLEMENTED,IMPLEMENTED,IMPLEMENTED,IMPLEMENTED,IMPLEMENTED,IMPLEMENTED,IMPLEMENTED,IMPLEMENTED,IMPLEMENTED,IMPLEMENTED,IMPLEMENTED,IMPLEMENTED,IMPLEMENTED,KEEP_GATE_COVERAGE,codex-step1
UXB-SURFACE-241,IMPLEMENTS,procedure_oop,basic_statement,IMPLEMENTS,IMPLEMENTS,src/parser/parser/parser_stmt_decl_core.fbs,IMPLEMENTED,IMPLEMENTED,IMPLEMENTS_STMT,MISSING,IMPLEMENTED,MISSING,MISSING,MISSING,N/A,MISSING,MISSING,MISSING,IMPLEMENTED,MISSING,IMPLEMENTED,IMPLEMENTED,MISSING,IMPLEMENTED,WASM_UNSUPPORTED,IMPLEMENTED,MISSING,MISSING,IMPLEMENTED,IMPLEMENTED,BROKEN,ADD_AST_CONTRACT,codex-step1
UXB-SURFACE-242,INTERFACE,procedure_oop,basic_statement,INTERFACE,INTERFACE,src/parser/parser/parser_stmt_decl_core.fbs,IMPLEMENTED,IMPLEMENTED,INTERFACE_STMT,IMPLEMENTED,IMPLEMENTED,IMPLEMENTED,MISSING,IMPLEMENTED,N/A,MISSING,MISSING,MISSING,IMPLEMENTED,MISSING,IMPLEMENTED,IMPLEMENTED,MISSING,IMPLEMENTED,WASM_UNSUPPORTED,IMPLEMENTED,MISSING,IMPLEMENTED,IMPLEMENTED,IMPLEMENTED,IMPLEMENTED,KEEP_GATE_COVERAGE,codex-step1
UXB-SURFACE-243,METHOD,procedure_oop,basic_statement,METHOD,METHOD,src/parser/parser/parser_expr.fbs,IMPLEMENTED,IMPLEMENTED,METHOD_STMT,IMPLEMENTED,IMPLEMENTED,MISSING,MISSING,MISSING,MIR_METHOD,IMPLEMENTED,MISSING,MISSING,IMPLEMENTED,MISSING,IMPLEMENTED,IMPLEMENTED,MISSING,IMPLEMENTED,WASM_UNSUPPORTED,IMPLEMENTED,IMPLEMENTED,IMPLEMENTED,IMPLEMENTED,IMPLEMENTED,IMPLEMENTED,KEEP_GATE_COVERAGE,codex-step1
UXB-SURFACE-244,NEW,procedure_oop,basic_statement,NEW,NEW,src/parser/parser/parser_expr.fbs,IMPLEMENTED,IMPLEMENTED,NEW_STMT,IMPLEMENTED,IMPLEMENTED,MISSING,MISSING,MISSING,MIR_NEW,IMPLEMENTED,MISSING,MISSING,IMPLEMENTED,IMPLEMENTED,IMPLEMENTED,IMPLEMENTED,MISSING,IMPLEMENTED,WASM_UNSUPPORTED,IMPLEMENTED,IMPLEMENTED,IMPLEMENTED,IMPLEMENTED,IMPLEMENTED,IMPLEMENTED,KEEP_GATE_COVERAGE,codex-step1
UXB-SURFACE-245,OPERATOR,procedure_oop,basic_statement,OPERATOR,OPERATOR,src/parser/parser/parser_stmt_decl_class_method.fbs,IMPLEMENTED,IMPLEMENTED,OPERATOR_STMT,IMPLEMENTED,IMPLEMENTED,MISSING,MISSING,IMPLEMENTED,MIR_OPERATOR,IMPLEMENTED,MISSING,MISSING,IMPLEMENTED,MISSING,IMPLEMENTED,IMPLEMENTED,MISSING,IMPLEMENTED,WASM_UNSUPPORTED,IMPLEMENTED,MISSING,IMPLEMENTED,IMPLEMENTED,IMPLEMENTED,IMPLEMENTED,KEEP_GATE_COVERAGE,codex-step1
UXB-SURFACE-246,PROPERTY,procedure_oop,basic_statement,PROPERTY,PROPERTY,src/parser/parser/parser_stmt_decl_class_method.fbs,IMPLEMENTED,IMPLEMENTED,PROPERTY_STMT,MISSING,IMPLEMENTED,MISSING,IMPLEMENTED,MISSING,MIR_PROPERTY,IMPLEMENTED,MISSING,MISSING,IMPLEMENTED,MISSING,IMPLEMENTED,IMPLEMENTED,MISSING,IMPLEMENTED,WASM_UNSUPPORTED,IMPLEMENTED,MISSING,IMPLEMENTED,IMPLEMENTED,IMPLEMENTED,BROKEN,ADD_AST_CONTRACT,codex-step1
UXB-SURFACE-247,SUB,procedure_oop,basic_statement,SUB,SUB Main(),src/parser/parser/parser_shared.fbs,IMPLEMENTED,IMPLEMENTED,SUB_STMT,IMPLEMENTED,IMPLEMENTED,IMPLEMENTED,IMPLEMENTED,IMPLEMENTED,MIR_SUB,IMPLEMENTED,IMPLEMENTED,IMPLEMENTED,IMPLEMENTED,IMPLEMENTED,IMPLEMENTED,IMPLEMENTED,IMPLEMENTED,IMPLEMENTED,WASM_UNSUPPORTED,IMPLEMENTED,IMPLEMENTED,IMPLEMENTED,IMPLEMENTED,IMPLEMENTED,IMPLEMENTED,KEEP_GATE_COVERAGE,codex-step1
UXB-SURFACE-248,TYPE,procedure_oop,basic_statement,TYPE,TYPE T,src/parser/parser/parser_expr.fbs,IMPLEMENTED,IMPLEMENTED,TYPE_STMT,IMPLEMENTED,IMPLEMENTED,IMPLEMENTED,IMPLEMENTED,IMPLEMENTED,MIR_TYPE,IMPLEMENTED,IMPLEMENTED,IMPLEMENTED,IMPLEMENTED,IMPLEMENTED,IMPLEMENTED,IMPLEMENTED,IMPLEMENTED,IMPLEMENTED,WASM_UNSUPPORTED,IMPLEMENTED,IMPLEMENTED,IMPLEMENTED,IMPLEMENTED,IMPLEMENTED,IMPLEMENTED,KEEP_GATE_COVERAGE,codex-step1
UXB-SURFACE-249,BALL,type,data_type,BALL,BALL,src/parser/parser/parser_shared.fbs,IMPLEMENTED,IMPLEMENTED,BALL_STMT,MISSING,MISSING,IMPLEMENTED,IMPLEMENTED,MISSING,N/A,MISSING,MISSING,MISSING,IMPLEMENTED,MISSING,IMPLEMENTED,MISSING,MISSING,IMPLEMENTED,WASM_UNSUPPORTED,IMPLEMENTED,IMPLEMENTED,MISSING,IMPLEMENTED,IMPLEMENTED,BROKEN,ADD_AST_CONTRACT,codex-step1
UXB-SURFACE-250,BIGD,type,data_type,BIGD,BIGD,src/parser/parser/parser_shared.fbs,IMPLEMENTED,IMPLEMENTED,BIGD_STMT,MISSING,MISSING,IMPLEMENTED,IMPLEMENTED,MISSING,N/A,MISSING,MISSING,MISSING,IMPLEMENTED,MISSING,MISSING,MISSING,MISSING,IMPLEMENTED,WASM_UNSUPPORTED,IMPLEMENTED,IMPLEMENTED,MISSING,IMPLEMENTED,IMPLEMENTED,BROKEN,ADD_AST_CONTRACT,codex-step1
UXB-SURFACE-251,BIGF,type,data_type,BIGF,BIGF,src/parser/parser/parser_shared.fbs,IMPLEMENTED,IMPLEMENTED,BIGF_STMT,MISSING,MISSING,IMPLEMENTED,IMPLEMENTED,MISSING,N/A,MISSING,MISSING,MISSING,IMPLEMENTED,MISSING,MISSING,MISSING,MISSING,IMPLEMENTED,WASM_UNSUPPORTED,IMPLEMENTED,IMPLEMENTED,MISSING,IMPLEMENTED,IMPLEMENTED,BROKEN,ADD_AST_CONTRACT,codex-step1
UXB-SURFACE-252,BOOLEAN,type,data_type,BOOLEAN,BOOLEAN,src/parser/parser/parser_shared.fbs,IMPLEMENTED,IMPLEMENTED,BOOLEAN_STMT,MISSING,MISSING,IMPLEMENTED,IMPLEMENTED,MISSING,N/A,MISSING,MISSING,MISSING,MISSING,IMPLEMENTED,IMPLEMENTED,MISSING,MISSING,IMPLEMENTED,WASM_UNSUPPORTED,IMPLEMENTED,MISSING,IMPLEMENTED,IMPLEMENTED,IMPLEMENTED,BROKEN,ADD_AST_CONTRACT,codex-step1
UXB-SURFACE-253,BYTE,type,data_type,BYTE,BYTE,src/parser/parser/parser_stmt_event_pipe.fbs,IMPLEMENTED,IMPLEMENTED,BYTE_STMT,MISSING,MISSING,IMPLEMENTED,IMPLEMENTED,MISSING,MIR_BYTE,IMPLEMENTED,MISSING,MISSING,IMPLEMENTED,IMPLEMENTED,IMPLEMENTED,IMPLEMENTED,IMPLEMENTED,IMPLEMENTED,WASM_UNSUPPORTED,IMPLEMENTED,IMPLEMENTED,MISSING,IMPLEMENTED,IMPLEMENTED,BROKEN,ADD_AST_CONTRACT,codex-step1
UXB-SURFACE-254,F128,type,data_type,F128,F128,src/parser/parser/parser_shared.fbs,IMPLEMENTED,IMPLEMENTED,F128_STMT,MISSING,MISSING,IMPLEMENTED,IMPLEMENTED,MISSING,N/A,MISSING,MISSING,MISSING,IMPLEMENTED,MISSING,IMPLEMENTED,MISSING,MISSING,IMPLEMENTED,WASM_UNSUPPORTED,IMPLEMENTED,IMPLEMENTED,MISSING,IMPLEMENTED,IMPLEMENTED,BROKEN,ADD_AST_CONTRACT,codex-step1
UXB-SURFACE-255,F32,type,data_type,F32,F32,src/parser/parser/parser_shared.fbs,IMPLEMENTED,IMPLEMENTED,F32_STMT,MISSING,MISSING,IMPLEMENTED,IMPLEMENTED,MISSING,MIR_F32,IMPLEMENTED,MISSING,MISSING,IMPLEMENTED,MISSING,IMPLEMENTED,MISSING,MISSING,IMPLEMENTED,IMPLEMENTED,IMPLEMENTED,MISSING,IMPLEMENTED,IMPLEMENTED,IMPLEMENTED,BROKEN,ADD_AST_CONTRACT,codex-step1
UXB-SURFACE-256,F64,type,data_type,F64,F64,src/parser/parser/parser_shared.fbs,IMPLEMENTED,IMPLEMENTED,F64_STMT,MISSING,IMPLEMENTED,IMPLEMENTED,IMPLEMENTED,MISSING,MIR_F64,IMPLEMENTED,MISSING,MISSING,IMPLEMENTED,IMPLEMENTED,IMPLEMENTED,MISSING,MISSING,IMPLEMENTED,IMPLEMENTED,IMPLEMENTED,MISSING,IMPLEMENTED,IMPLEMENTED,IMPLEMENTED,BROKEN,ADD_AST_CONTRACT,codex-step1
UXB-SURFACE-257,F80,type,data_type,F80,F80,src/parser/parser/parser_shared.fbs,IMPLEMENTED,IMPLEMENTED,F80_STMT,MISSING,MISSING,IMPLEMENTED,IMPLEMENTED,MISSING,MIR_F80,IMPLEMENTED,MISSING,MISSING,IMPLEMENTED,MISSING,IMPLEMENTED,MISSING,MISSING,IMPLEMENTED,WASM_UNSUPPORTED,IMPLEMENTED,IMPLEMENTED,MISSING,IMPLEMENTED,IMPLEMENTED,BROKEN,ADD_AST_CONTRACT,codex-step1
UXB-SURFACE-258,I16,type,data_type,I16,I16,src/parser/parser/parser_shared.fbs,IMPLEMENTED,IMPLEMENTED,I16_STMT,MISSING,MISSING,IMPLEMENTED,IMPLEMENTED,MISSING,N/A,MISSING,MISSING,MISSING,IMPLEMENTED,MISSING,IMPLEMENTED,MISSING,MISSING,IMPLEMENTED,MISSING,IMPLEMENTED,MISSING,IMPLEMENTED,IMPLEMENTED,IMPLEMENTED,BROKEN,ADD_AST_CONTRACT,codex-step1
UXB-SURFACE-259,I32,type,data_type,I32,I32,src/parser/parser/parser_shared.fbs,IMPLEMENTED,IMPLEMENTED,I32_STMT,MISSING,MISSING,IMPLEMENTED,IMPLEMENTED,MISSING,MIR_I32,IMPLEMENTED,MISSING,MISSING,IMPLEMENTED,IMPLEMENTED,IMPLEMENTED,MISSING,MISSING,IMPLEMENTED,IMPLEMENTED,IMPLEMENTED,MISSING,IMPLEMENTED,IMPLEMENTED,IMPLEMENTED,BROKEN,ADD_AST_CONTRACT,codex-step1
UXB-SURFACE-260,I64,type,data_type,I64,I64,src/parser/parser/parser_shared.fbs,IMPLEMENTED,IMPLEMENTED,I64_STMT,MISSING,MISSING,IMPLEMENTED,IMPLEMENTED,MISSING,N/A,MISSING,MISSING,MISSING,IMPLEMENTED,MISSING,IMPLEMENTED,IMPLEMENTED,MISSING,IMPLEMENTED,MISSING,IMPLEMENTED,MISSING,IMPLEMENTED,IMPLEMENTED,IMPLEMENTED,BROKEN,ADD_AST_CONTRACT,codex-step1
UXB-SURFACE-261,I8,type,data_type,I8,I8,src/parser/parser/parser_shared.fbs,IMPLEMENTED,IMPLEMENTED,I8_STMT,MISSING,MISSING,IMPLEMENTED,IMPLEMENTED,MISSING,N/A,MISSING,MISSING,MISSING,IMPLEMENTED,MISSING,IMPLEMENTED,MISSING,MISSING,IMPLEMENTED,MISSING,IMPLEMENTED,MISSING,IMPLEMENTED,IMPLEMENTED,IMPLEMENTED,BROKEN,ADD_AST_CONTRACT,codex-step1
UXB-SURFACE-262,OBJECT,type,data_type,OBJECT,OBJECT,src/parser/parser/parser_shared.fbs,IMPLEMENTED,IMPLEMENTED,OBJECT_STMT,MISSING,IMPLEMENTED,MISSING,MISSING,MISSING,N/A,MISSING,MISSING,MISSING,IMPLEMENTED,IMPLEMENTED,IMPLEMENTED,MISSING,MISSING,IMPLEMENTED,WASM_UNSUPPORTED,IMPLEMENTED,IMPLEMENTED,IMPLEMENTED,IMPLEMENTED,IMPLEMENTED,BROKEN,ADD_AST_CONTRACT,codex-step1
UXB-SURFACE-263,PTR,type,data_type,PTR,PTR,src/parser/parser/parser_shared.fbs,IMPLEMENTED,IMPLEMENTED,PTR_STMT,IMPLEMENTED,MISSING,IMPLEMENTED,IMPLEMENTED,MISSING,MIR_PTR,IMPLEMENTED,IMPLEMENTED,IMPLEMENTED,IMPLEMENTED,IMPLEMENTED,IMPLEMENTED,IMPLEMENTED,IMPLEMENTED,IMPLEMENTED,IMPLEMENTED,IMPLEMENTED,IMPLEMENTED,IMPLEMENTED,IMPLEMENTED,IMPLEMENTED,IMPLEMENTED,KEEP_GATE_COVERAGE,codex-step1
UXB-SURFACE-264,STRING,type,data_type,STRING,STRING,src/parser/parser/parser_expr.fbs,IMPLEMENTED,IMPLEMENTED,STRING_STMT,IMPLEMENTED,IMPLEMENTED,IMPLEMENTED,IMPLEMENTED,IMPLEMENTED,MIR_STRING,IMPLEMENTED,IMPLEMENTED,IMPLEMENTED,IMPLEMENTED,IMPLEMENTED,IMPLEMENTED,IMPLEMENTED,IMPLEMENTED,IMPLEMENTED,WASM_UNSUPPORTED,IMPLEMENTED,IMPLEMENTED,IMPLEMENTED,IMPLEMENTED,IMPLEMENTED,IMPLEMENTED,KEEP_GATE_COVERAGE,codex-step1
UXB-SURFACE-265,U16,type,data_type,U16,U16,src/parser/parser/parser_shared.fbs,IMPLEMENTED,IMPLEMENTED,U16_STMT,MISSING,MISSING,IMPLEMENTED,IMPLEMENTED,MISSING,N/A,MISSING,MISSING,MISSING,IMPLEMENTED,MISSING,IMPLEMENTED,MISSING,MISSING,IMPLEMENTED,MISSING,IMPLEMENTED,MISSING,IMPLEMENTED,MISSING,IMPLEMENTED,BROKEN,ADD_AST_CONTRACT,codex-step1
UXB-SURFACE-266,U32,type,data_type,U32,U32,src/parser/parser/parser_shared.fbs,IMPLEMENTED,IMPLEMENTED,U32_STMT,MISSING,MISSING,IMPLEMENTED,IMPLEMENTED,MISSING,MIR_U32,IMPLEMENTED,MISSING,MISSING,IMPLEMENTED,IMPLEMENTED,IMPLEMENTED,MISSING,MISSING,IMPLEMENTED,IMPLEMENTED,IMPLEMENTED,MISSING,IMPLEMENTED,IMPLEMENTED,IMPLEMENTED,BROKEN,ADD_AST_CONTRACT,codex-step1
UXB-SURFACE-267,U64,type,data_type,U64,U64,src/parser/parser/parser_shared.fbs,IMPLEMENTED,IMPLEMENTED,U64_STMT,MISSING,MISSING,IMPLEMENTED,IMPLEMENTED,MISSING,MIR_U64,IMPLEMENTED,MISSING,MISSING,IMPLEMENTED,IMPLEMENTED,IMPLEMENTED,MISSING,MISSING,IMPLEMENTED,IMPLEMENTED,IMPLEMENTED,MISSING,IMPLEMENTED,IMPLEMENTED,IMPLEMENTED,BROKEN,ADD_AST_CONTRACT,codex-step1
UXB-SURFACE-268,U8,type,data_type,U8,U8,src/parser/parser/parser_shared.fbs,IMPLEMENTED,IMPLEMENTED,U8_STMT,MISSING,MISSING,IMPLEMENTED,IMPLEMENTED,MISSING,N/A,MISSING,MISSING,MISSING,IMPLEMENTED,MISSING,IMPLEMENTED,MISSING,MISSING,IMPLEMENTED,MISSING,IMPLEMENTED,MISSING,IMPLEMENTED,IMPLEMENTED,IMPLEMENTED,BROKEN,ADD_AST_CONTRACT,codex-step1
