category,item,js_policy,wasm_policy,handler,reason,source_parser,source_mir,source_x64_mir,source_runtime,source_tests
builtin_functions,ABS,native_js_math,native_wasm_or_host,ux.math,math_builtin,implemented,missing,diagnostic_only,diagnostic_only,implemented
builtin_functions,ABSTRACT,js_object_model,host_object_handle,ux.oop,oop_builtin,implemented,missing,missing,diagnostic_only,implemented
builtin_functions,ADD,diagnostic_surface_entry,diagnostic_surface_entry,ux.diag,matrix_missing_or_doc_entry,diagnostic_only,partial,diagnostic_only,diagnostic_only,implemented
builtin_functions,AND,host_runtime_dispatch,host_import_if_called,ux.callBuiltin,generic_implemented_surface,implemented,partial,diagnostic_only,implemented,implemented
builtin_functions,ANY,host_runtime_dispatch,host_import_if_called,ux.callBuiltin,generic_implemented_surface,implemented,partial,missing,implemented,implemented
builtin_functions,API,bridge_only,host_import,ux.ffi,ffi_builtin,implemented,diagnostic_only,missing,diagnostic_only,implemented
builtin_functions,APPEND,browser_file_host,host_import,ux.file,file_builtin,missing,missing,missing,implemented,implemented
builtin_functions,AS,host_runtime_dispatch,host_import_if_called,ux.callBuiltin,generic_implemented_surface,implemented,partial,diagnostic_only,implemented,implemented
builtin_functions,ASC,native_js_string,host_string_import,ux.string,string_builtin,implemented,missing,diagnostic_only,implemented,implemented
builtin_functions,ASSERT,js_exception_model,host_or_exception_proposal,ux.errors,error_builtin,implemented,diagnostic_only,diagnostic_only,partial,implemented
builtin_functions,ASSERT_STMT,host_runtime_dispatch,host_import_if_called,ux.callBuiltin,generic_implemented_surface,implemented,diagnostic_only,missing,partial,partial
builtin_functions,ASSIGN_STMT,host_runtime_dispatch,host_import_if_called,ux.callBuiltin,generic_implemented_surface,implemented,diagnostic_only,missing,diagnostic_only,missing
builtin_functions,ATN,native_js_math,native_wasm_or_host,ux.math,math_builtin,implemented,diagnostic_only,missing,diagnostic_only,implemented
builtin_functions,BALL,external_runtime_decimal,host_import,ux.highPrecision,high_precision_builtin,implemented,missing,missing,implemented,implemented
builtin_functions,BAND,diagnostic_surface_entry,diagnostic_surface_entry,ux.diag,matrix_missing_or_doc_entry,missing,diagnostic_only,missing,diagnostic_only,missing
builtin_functions,BIGD,external_runtime_decimal,host_import,ux.highPrecision,high_precision_builtin,implemented,missing,missing,implemented,implemented
builtin_functions,BIGF,external_runtime_decimal,host_import,ux.highPrecision,high_precision_builtin,implemented,missing,missing,implemented,implemented
builtin_functions,BINARY,browser_file_host,host_import,ux.file,file_builtin,implemented,diagnostic_only,missing,partial,implemented
builtin_functions,BLOCK,host_runtime_dispatch,host_import_if_called,ux.callBuiltin,generic_implemented_surface,implemented,partial,diagnostic_only,diagnostic_only,implemented
builtin_functions,BOR,diagnostic_surface_entry,diagnostic_surface_entry,ux.diag,matrix_missing_or_doc_entry,missing,diagnostic_only,missing,diagnostic_only,missing
builtin_functions,BXOR,diagnostic_surface_entry,diagnostic_surface_entry,ux.diag,matrix_missing_or_doc_entry,missing,diagnostic_only,missing,diagnostic_only,missing
builtin_functions,BYREF,host_runtime_dispatch,host_import_if_called,ux.callBuiltin,generic_implemented_surface,implemented,partial,diagnostic_only,implemented,implemented
builtin_functions,BYTE,host_runtime_dispatch,host_import_if_called,ux.callBuiltin,generic_implemented_surface,implemented,missing,missing,implemented,implemented
builtin_functions,BYVAL,host_runtime_dispatch,host_import_if_called,ux.callBuiltin,generic_implemented_surface,implemented,partial,missing,implemented,implemented
builtin_functions,CALL,bridge_only,host_import,ux.ffi,ffi_builtin,implemented,partial,diagnostic_only,partial,implemented
builtin_functions,CALL_DLL,diagnostic_surface_entry,diagnostic_surface_entry,ux.diag,matrix_missing_or_doc_entry,missing,missing,diagnostic_only,missing,partial
builtin_functions,CALL_EXPR,host_runtime_dispatch,host_import_if_called,ux.callBuiltin,generic_implemented_surface,implemented,diagnostic_only,missing,implemented,implemented
builtin_functions,CALL_STMT,host_runtime_dispatch,host_import_if_called,ux.callBuiltin,generic_implemented_surface,implemented,diagnostic_only,missing,diagnostic_only,implemented
builtin_functions,CAST,diagnostic_surface_entry,diagnostic_surface_entry,ux.diag,matrix_missing_or_doc_entry,missing,missing,diagnostic_only,missing,missing
builtin_functions,CDBL,native_js_math,native_wasm_or_host,ux.math,math_builtin,implemented,diagnostic_only,missing,implemented,partial
builtin_functions,CDECL,bridge_only,host_import,ux.ffi,ffi_builtin,implemented,partial,missing,implemented,implemented
builtin_functions,CG,diagnostic_surface_entry,diagnostic_surface_entry,ux.diag,matrix_missing_or_doc_entry,missing,missing,diagnostic_only,missing,missing
builtin_functions,CHR,native_js_string,host_string_import,ux.string,string_builtin,implemented,diagnostic_only,diagnostic_only,implemented,implemented
builtin_functions,CINT,native_js_math,native_wasm_or_host,ux.math,math_builtin,implemented,missing,diagnostic_only,implemented,implemented
builtin_functions,CLASS,js_object_model,host_object_handle,ux.oop,oop_builtin,implemented,diagnostic_only,missing,diagnostic_only,implemented
builtin_functions,CLASS_ACCESS,diagnostic_surface_entry,diagnostic_surface_entry,ux.diag,matrix_missing_or_doc_entry,partial,missing,missing,diagnostic_only,partial
builtin_functions,CLASS_CONSTRUCTOR_DECL,diagnostic_surface_entry,diagnostic_surface_entry,ux.diag,matrix_missing_or_doc_entry,partial,missing,missing,diagnostic_only,missing
builtin_functions,CLASS_DESTRUCTOR_DECL,diagnostic_surface_entry,diagnostic_surface_entry,ux.diag,matrix_missing_or_doc_entry,partial,diagnostic_only,missing,diagnostic_only,missing
builtin_functions,CLASS_METHOD_DECL,diagnostic_surface_entry,diagnostic_surface_entry,ux.diag,matrix_missing_or_doc_entry,partial,diagnostic_only,missing,diagnostic_only,missing
builtin_functions,CLASS_OPERATOR_DECL,diagnostic_surface_entry,diagnostic_surface_entry,ux.diag,matrix_missing_or_doc_entry,partial,diagnostic_only,missing,diagnostic_only,missing
builtin_functions,CLASS_PROPERTY_GET_STMT,diagnostic_surface_entry,diagnostic_surface_entry,ux.diag,matrix_missing_or_doc_entry,partial,diagnostic_only,missing,diagnostic_only,missing
builtin_functions,CLASS_STMT,host_runtime_dispatch,host_import_if_called,ux.callBuiltin,generic_implemented_surface,implemented,diagnostic_only,missing,diagnostic_only,implemented
builtin_functions,CLNG,native_js_math,native_wasm_or_host,ux.math,math_builtin,implemented,missing,diagnostic_only,partial,diagnostic_only
builtin_functions,CLOSE,browser_file_host,host_import,ux.file,file_builtin,implemented,diagnostic_only,diagnostic_only,implemented,implemented
builtin_functions,CLOSE_STMT,host_runtime_dispatch,host_import_if_called,ux.callBuiltin,generic_implemented_surface,implemented,diagnostic_only,missing,partial,diagnostic_only
builtin_functions,CLS,browser_host,host_import,ux.console,console_builtin,implemented,diagnostic_only,diagnostic_only,partial,implemented
builtin_functions,CLS_STMT,diagnostic_surface_entry,diagnostic_surface_entry,ux.diag,matrix_missing_or_doc_entry,partial,diagnostic_only,missing,partial,diagnostic_only
builtin_functions,CODEPTR,host_runtime_dispatch,host_import_if_called,ux.callBuiltin,generic_implemented_surface,implemented,missing,missing,diagnostic_only,implemented
builtin_functions,COLOR,browser_host,host_import,ux.console,console_builtin,implemented,diagnostic_only,diagnostic_only,implemented,implemented
builtin_functions,COLOR_STMT,diagnostic_surface_entry,diagnostic_surface_entry,ux.diag,matrix_missing_or_doc_entry,partial,diagnostic_only,missing,partial,diagnostic_only
builtin_functions,CONST,host_runtime_dispatch,host_import_if_called,ux.callBuiltin,generic_implemented_surface,implemented,partial,diagnostic_only,partial,implemented
builtin_functions,CONST_STMT,host_runtime_dispatch,host_import_if_called,ux.callBuiltin,generic_implemented_surface,implemented,missing,missing,diagnostic_only,diagnostic_only
builtin_functions,COS,native_js_math,native_wasm_or_host,ux.math,math_builtin,implemented,diagnostic_only,missing,diagnostic_only,implemented
builtin_functions,CSNG,native_js_math,native_wasm_or_host,ux.math,math_builtin,implemented,diagnostic_only,missing,diagnostic_only,partial
builtin_functions,DAY,host_runtime_dispatch,host_import_if_called,ux.callBuiltin,generic_implemented_surface,partial,missing,missing,implemented,missing
builtin_functions,DEC,host_runtime_dispatch,host_import_if_called,ux.callBuiltin,generic_implemented_surface,implemented,missing,missing,diagnostic_only,implemented
builtin_functions,DECLARE,bridge_only,host_import,ux.ffi,ffi_builtin,implemented,partial,missing,implemented,implemented
builtin_functions,DECORATOR,diagnostic_surface_entry,diagnostic_surface_entry,ux.diag,matrix_missing_or_doc_entry,partial,missing,missing,diagnostic_only,implemented
builtin_functions,DEFBYT,host_runtime_dispatch,host_import_if_called,ux.callBuiltin,generic_implemented_surface,implemented,missing,missing,diagnostic_only,missing
builtin_functions,DEFDBL,host_runtime_dispatch,host_import_if_called,ux.callBuiltin,generic_implemented_surface,implemented,missing,missing,diagnostic_only,missing
builtin_functions,DEFEXT,host_runtime_dispatch,host_import_if_called,ux.callBuiltin,generic_implemented_surface,implemented,missing,missing,diagnostic_only,missing
builtin_functions,DEFINT,host_runtime_dispatch,host_import_if_called,ux.callBuiltin,generic_implemented_surface,implemented,missing,missing,diagnostic_only,implemented
builtin_functions,DEFLNG,host_runtime_dispatch,host_import_if_called,ux.callBuiltin,generic_implemented_surface,implemented,missing,missing,diagnostic_only,missing
builtin_functions,DEFSNG,host_runtime_dispatch,host_import_if_called,ux.callBuiltin,generic_implemented_surface,implemented,missing,missing,diagnostic_only,missing
builtin_functions,DEFSTR,host_runtime_dispatch,host_import_if_called,ux.callBuiltin,generic_implemented_surface,implemented,missing,missing,diagnostic_only,missing
builtin_functions,DEFTYPE_STMT,host_runtime_dispatch,host_import_if_called,ux.callBuiltin,generic_implemented_surface,implemented,missing,missing,diagnostic_only,diagnostic_only
builtin_functions,DEF_FN_STMT,diagnostic_surface_entry,diagnostic_surface_entry,ux.diag,matrix_missing_or_doc_entry,missing,missing,missing,diagnostic_only,missing
builtin_functions,DEF_TYPE,diagnostic_surface_entry,diagnostic_surface_entry,ux.diag,matrix_missing_or_doc_entry,missing,partial,diagnostic_only,missing,missing
builtin_functions,DELETE_STMT,host_runtime_dispatch,host_import_if_called,ux.callBuiltin,generic_implemented_surface,implemented,missing,missing,diagnostic_only,missing
builtin_functions,DICTCLEAR,diagnostic_surface_entry,diagnostic_surface_entry,ux.diag,matrix_missing_or_doc_entry,missing,missing,missing,diagnostic_only,missing
builtin_functions,DICTGET,diagnostic_surface_entry,diagnostic_surface_entry,ux.diag,matrix_missing_or_doc_entry,missing,missing,missing,diagnostic_only,implemented
builtin_functions,DICTHAS,diagnostic_surface_entry,diagnostic_surface_entry,ux.diag,matrix_missing_or_doc_entry,missing,missing,missing,diagnostic_only,missing
builtin_functions,DICTLEN,js_runtime_structure,host_or_linear_memory,ux.collections,collection_builtin,missing,missing,missing,diagnostic_only,missing
builtin_functions,DICTSET,diagnostic_surface_entry,diagnostic_surface_entry,ux.diag,matrix_missing_or_doc_entry,missing,missing,missing,diagnostic_only,implemented
builtin_functions,DIM,host_runtime_dispatch,host_import_if_called,ux.callBuiltin,generic_implemented_surface,implemented,partial,diagnostic_only,implemented,implemented
builtin_functions,DIM_STMT,host_runtime_dispatch,host_import_if_called,ux.callBuiltin,generic_implemented_surface,implemented,missing,missing,diagnostic_only,diagnostic_only
builtin_functions,DIRNAMEFROMPATH,diagnostic_surface_entry,diagnostic_surface_entry,ux.diag,matrix_missing_or_doc_entry,missing,missing,missing,partial,missing
builtin_functions,DIV,diagnostic_surface_entry,diagnostic_surface_entry,ux.diag,matrix_missing_or_doc_entry,diagnostic_only,partial,diagnostic_only,diagnostic_only,partial
builtin_functions,DLL,bridge_only,host_import,ux.ffi,ffi_builtin,partial,diagnostic_only,missing,implemented,implemented
builtin_functions,DOUBLE,host_runtime_dispatch,host_import_if_called,ux.callBuiltin,generic_implemented_surface,partial,partial,missing,implemented,diagnostic_only
builtin_functions,DO_EACH_STMT,host_runtime_dispatch,host_import_if_called,ux.callBuiltin,generic_implemented_surface,implemented,missing,missing,partial,missing
builtin_functions,DO_STMT,host_runtime_dispatch,host_import_if_called,ux.callBuiltin,generic_implemented_surface,implemented,missing,missing,partial,diagnostic_only
builtin_functions,END,host_runtime_dispatch,host_import_if_called,ux.callBuiltin,generic_implemented_surface,implemented,partial,diagnostic_only,implemented,implemented
builtin_functions,END_STMT,diagnostic_surface_entry,diagnostic_surface_entry,ux.diag,matrix_missing_or_doc_entry,partial,diagnostic_only,missing,diagnostic_only,diagnostic_only
builtin_functions,EOF,browser_file_host,host_import,ux.file,file_builtin,implemented,missing,missing,implemented,implemented
builtin_functions,EQ,diagnostic_surface_entry,diagnostic_surface_entry,ux.diag,matrix_missing_or_doc_entry,diagnostic_only,partial,diagnostic_only,diagnostic_only,partial
builtin_functions,EVENT,async_host_runtime,host_import,ux.events,event_builtin,implemented,missing,diagnostic_only,implemented,implemented
builtin_functions,EVENT_STMT,host_runtime_dispatch,host_import_if_called,ux.callBuiltin,generic_implemented_surface,implemented,missing,missing,partial,missing
builtin_functions,EXECALLOCCLASSINSTANCE,diagnostic_surface_entry,diagnostic_surface_entry,ux.diag,matrix_missing_or_doc_entry,missing,missing,missing,diagnostic_only,missing
builtin_functions,EXECAREDLLCALLINGCONVENTIONSCOMPATIBLE,diagnostic_surface_entry,diagnostic_surface_entry,ux.diag,matrix_missing_or_doc_entry,missing,missing,missing,partial,missing
builtin_functions,EXECARRAYEXTENT,diagnostic_surface_entry,diagnostic_surface_entry,ux.diag,matrix_missing_or_doc_entry,missing,missing,missing,partial,missing
builtin_functions,EXECARRAYRESIZEVAR,diagnostic_surface_entry,diagnostic_surface_entry,ux.diag,matrix_missing_or_doc_entry,missing,missing,missing,partial,missing
builtin_functions,EXECBINARYOPERATORTOKENTOROUTINESUFFIX,diagnostic_surface_entry,diagnostic_surface_entry,ux.diag,matrix_missing_or_doc_entry,missing,missing,missing,diagnostic_only,missing
builtin_functions,EXECBUILDFIELDPATH,diagnostic_surface_entry,diagnostic_surface_entry,ux.diag,matrix_missing_or_doc_entry,missing,missing,missing,diagnostic_only,missing
builtin_functions,EXECBUILDROUTINEMAPFROMCLASS,diagnostic_surface_entry,diagnostic_surface_entry,ux.diag,matrix_missing_or_doc_entry,missing,missing,missing,diagnostic_only,missing
builtin_functions,EXECBUILDTOPLEVELLABELMAP,diagnostic_surface_entry,diagnostic_surface_entry,ux.diag,matrix_missing_or_doc_entry,missing,missing,missing,diagnostic_only,missing
builtin_functions,EXECBUILDTOPLEVELROUTINEMAP,diagnostic_surface_entry,diagnostic_surface_entry,ux.diag,matrix_missing_or_doc_entry,missing,missing,missing,diagnostic_only,missing
builtin_functions,EXECBUILDVTABLEMAP,diagnostic_surface_entry,diagnostic_surface_entry,ux.diag,matrix_missing_or_doc_entry,missing,missing,missing,diagnostic_only,missing
builtin_functions,EXECBUILTINARGASINT,diagnostic_surface_entry,diagnostic_surface_entry,ux.diag,matrix_missing_or_doc_entry,missing,missing,missing,partial,missing
builtin_functions,EXECBUILTINARGASTEXT,diagnostic_surface_entry,diagnostic_surface_entry,ux.diag,matrix_missing_or_doc_entry,missing,missing,missing,partial,missing
builtin_functions,EXECBUILTINARGASTYPENAME,diagnostic_surface_entry,diagnostic_surface_entry,ux.diag,matrix_missing_or_doc_entry,missing,missing,missing,partial,missing
builtin_functions,EXECBUILTINGETARGNODE,diagnostic_surface_entry,diagnostic_surface_entry,ux.diag,matrix_missing_or_doc_entry,missing,missing,missing,partial,missing
builtin_functions,EXECBUILTINTEXTMIDCALL,diagnostic_surface_entry,diagnostic_surface_entry,ux.diag,matrix_missing_or_doc_entry,missing,missing,missing,partial,missing
builtin_functions,EXECBUILTINTEXTSPACECALL,diagnostic_surface_entry,diagnostic_surface_entry,ux.diag,matrix_missing_or_doc_entry,missing,missing,missing,partial,missing
builtin_functions,EXECBUILTINTEXTSTRINGCALL,diagnostic_surface_entry,diagnostic_surface_entry,ux.diag,matrix_missing_or_doc_entry,missing,missing,missing,partial,missing
builtin_functions,EXECCANACCESSMETHOD,diagnostic_surface_entry,diagnostic_surface_entry,ux.diag,matrix_missing_or_doc_entry,missing,missing,missing,diagnostic_only,missing
builtin_functions,EXECCANASSIGNCLASSTYPE,diagnostic_surface_entry,diagnostic_surface_entry,ux.diag,matrix_missing_or_doc_entry,missing,missing,missing,diagnostic_only,missing
builtin_functions,EXECCASEEXPRMATCHES,diagnostic_surface_entry,diagnostic_surface_entry,ux.diag,matrix_missing_or_doc_entry,missing,missing,missing,partial,missing
builtin_functions,EXECCHILDAT,host_runtime_dispatch,host_import_if_called,ux.callBuiltin,generic_implemented_surface,missing,missing,missing,implemented,diagnostic_only
builtin_functions,EXECCHILDCOUNT,host_runtime_dispatch,host_import_if_called,ux.callBuiltin,generic_implemented_surface,missing,missing,missing,implemented,missing
builtin_functions,EXECCLAMPI32,diagnostic_surface_entry,diagnostic_surface_entry,ux.diag,matrix_missing_or_doc_entry,missing,missing,missing,partial,missing
builtin_functions,EXECCLASSALLOWSFRIENDCALLER,diagnostic_surface_entry,diagnostic_surface_entry,ux.diag,matrix_missing_or_doc_entry,missing,missing,missing,diagnostic_only,missing
builtin_functions,EXECCLASSBASENAME,diagnostic_surface_entry,diagnostic_surface_entry,ux.diag,matrix_missing_or_doc_entry,missing,missing,missing,diagnostic_only,missing
builtin_functions,EXECCLASSFIELDHASFLAG,diagnostic_surface_entry,diagnostic_surface_entry,ux.diag,matrix_missing_or_doc_entry,missing,missing,missing,diagnostic_only,missing
builtin_functions,EXECCLASSHASFLAG,diagnostic_surface_entry,diagnostic_surface_entry,ux.diag,matrix_missing_or_doc_entry,missing,missing,missing,diagnostic_only,missing
builtin_functions,EXECCLASSISORDERIVEDFROM,diagnostic_surface_entry,diagnostic_surface_entry,ux.diag,matrix_missing_or_doc_entry,missing,missing,missing,diagnostic_only,missing
builtin_functions,EXECCLASSISORDERIVESFROM,diagnostic_surface_entry,diagnostic_surface_entry,ux.diag,matrix_missing_or_doc_entry,missing,missing,missing,diagnostic_only,missing
builtin_functions,EXECCLASSMETHODACCESSTEXT,diagnostic_surface_entry,diagnostic_surface_entry,ux.diag,matrix_missing_or_doc_entry,missing,missing,missing,diagnostic_only,missing
builtin_functions,EXECCLASSMETHODHASFLAG,diagnostic_surface_entry,diagnostic_surface_entry,ux.diag,matrix_missing_or_doc_entry,missing,missing,missing,diagnostic_only,missing
builtin_functions,EXECCLASSPROPERTYHASACCESSOR,diagnostic_surface_entry,diagnostic_surface_entry,ux.diag,matrix_missing_or_doc_entry,missing,missing,missing,diagnostic_only,missing
builtin_functions,EXECCOLLECTIONCREATE,diagnostic_surface_entry,diagnostic_surface_entry,ux.diag,matrix_missing_or_doc_entry,missing,missing,missing,partial,missing
builtin_functions,EXECCOLLECTIONENSUREKIND,diagnostic_surface_entry,diagnostic_surface_entry,ux.diag,matrix_missing_or_doc_entry,missing,missing,missing,partial,missing
builtin_functions,EXECCOLLECTIONGETHANDLEARG,diagnostic_surface_entry,diagnostic_surface_entry,ux.diag,matrix_missing_or_doc_entry,missing,missing,missing,diagnostic_only,missing
builtin_functions,EXECCOLLECTIONGETINTARG,diagnostic_surface_entry,diagnostic_surface_entry,ux.diag,matrix_missing_or_doc_entry,missing,missing,missing,diagnostic_only,missing
builtin_functions,EXECCOLLECTIONGETTEXTARG,diagnostic_surface_entry,diagnostic_surface_entry,ux.diag,matrix_missing_or_doc_entry,missing,missing,missing,diagnostic_only,missing
builtin_functions,EXECCOLLECTIONGETVALUEARG,diagnostic_surface_entry,diagnostic_surface_entry,ux.diag,matrix_missing_or_doc_entry,missing,missing,missing,diagnostic_only,missing
builtin_functions,EXECCONFIGURECLASSSTORAGE,diagnostic_surface_entry,diagnostic_surface_entry,ux.diag,matrix_missing_or_doc_entry,missing,missing,missing,diagnostic_only,missing
builtin_functions,EXECCONSUMELOOPEXIT,host_runtime_dispatch,host_import_if_called,ux.callBuiltin,generic_implemented_surface,missing,missing,missing,implemented,missing
builtin_functions,EXECCONTAINSINVALIDDLLCHARS,diagnostic_surface_entry,diagnostic_surface_entry,ux.diag,matrix_missing_or_doc_entry,missing,missing,missing,partial,missing
builtin_functions,EXECDEBUGGETFFIX86RESOLVEDCOUNT,diagnostic_surface_entry,diagnostic_surface_entry,ux.diag,matrix_missing_or_doc_entry,missing,missing,missing,partial,implemented
builtin_functions,EXECDEBUGGETINPUTQUEUEREMAINING,diagnostic_surface_entry,diagnostic_surface_entry,ux.diag,matrix_missing_or_doc_entry,missing,missing,missing,diagnostic_only,partial
builtin_functions,EXECDEBUGGETKEYQUEUEREMAINING,diagnostic_surface_entry,diagnostic_surface_entry,ux.diag,matrix_missing_or_doc_entry,missing,missing,missing,diagnostic_only,diagnostic_only
builtin_functions,EXECDEBUGGETLOCATEROW,diagnostic_surface_entry,diagnostic_surface_entry,ux.diag,matrix_missing_or_doc_entry,missing,missing,missing,diagnostic_only,partial
builtin_functions,EXECDEBUGINPUTQUEUEPOP,diagnostic_surface_entry,diagnostic_surface_entry,ux.diag,matrix_missing_or_doc_entry,missing,missing,missing,partial,missing
builtin_functions,EXECDEBUGKEYQUEUEPOP,diagnostic_surface_entry,diagnostic_surface_entry,ux.diag,matrix_missing_or_doc_entry,missing,missing,missing,diagnostic_only,missing
builtin_functions,EXECDICTCLEAR,diagnostic_surface_entry,diagnostic_surface_entry,ux.diag,matrix_missing_or_doc_entry,missing,missing,missing,partial,missing
builtin_functions,EXECDICTFINDKEY,diagnostic_surface_entry,diagnostic_surface_entry,ux.diag,matrix_missing_or_doc_entry,missing,missing,missing,partial,missing
builtin_functions,EXECDICTGET,diagnostic_surface_entry,diagnostic_surface_entry,ux.diag,matrix_missing_or_doc_entry,missing,missing,missing,partial,missing
builtin_functions,EXECDICTHAS,diagnostic_surface_entry,diagnostic_surface_entry,ux.diag,matrix_missing_or_doc_entry,missing,missing,missing,partial,missing
builtin_functions,EXECDICTLEN,diagnostic_surface_entry,diagnostic_surface_entry,ux.diag,matrix_missing_or_doc_entry,missing,missing,missing,partial,missing
builtin_functions,EXECDICTSET,diagnostic_surface_entry,diagnostic_surface_entry,ux.diag,matrix_missing_or_doc_entry,missing,missing,missing,partial,missing
builtin_functions,EXECDLLCALLISALLOWLISTED,diagnostic_surface_entry,diagnostic_surface_entry,ux.diag,matrix_missing_or_doc_entry,missing,missing,missing,partial,diagnostic_only
builtin_functions,EXECENSUREVAR,diagnostic_surface_entry,diagnostic_surface_entry,ux.diag,matrix_missing_or_doc_entry,missing,missing,missing,partial,missing
builtin_functions,EXECEVALBINARYVALUES,diagnostic_surface_entry,diagnostic_surface_entry,ux.diag,matrix_missing_or_doc_entry,missing,missing,missing,diagnostic_only,missing
builtin_functions,EXECEVALBUILTINCALL,diagnostic_surface_entry,diagnostic_surface_entry,ux.diag,matrix_missing_or_doc_entry,missing,missing,missing,diagnostic_only,missing
builtin_functions,EXECEVALBUILTINCOLLECTIONCATEGORY,diagnostic_surface_entry,diagnostic_surface_entry,ux.diag,matrix_missing_or_doc_entry,missing,missing,missing,diagnostic_only,missing
builtin_functions,EXECEVALBUILTINCOLLECTIONDICT,diagnostic_surface_entry,diagnostic_surface_entry,ux.diag,matrix_missing_or_doc_entry,missing,missing,missing,diagnostic_only,missing
builtin_functions,EXECEVALBUILTINCOLLECTIONLIST,diagnostic_surface_entry,diagnostic_surface_entry,ux.diag,matrix_missing_or_doc_entry,missing,missing,missing,diagnostic_only,missing
builtin_functions,EXECEVALBUILTINCOLLECTIONSET,diagnostic_surface_entry,diagnostic_surface_entry,ux.diag,matrix_missing_or_doc_entry,missing,missing,missing,diagnostic_only,missing
builtin_functions,EXECEVALBUILTINFFICATEGORY,diagnostic_surface_entry,diagnostic_surface_entry,ux.diag,matrix_missing_or_doc_entry,missing,missing,missing,diagnostic_only,diagnostic_only
builtin_functions,EXECEVALBUILTINFILECATEGORY,diagnostic_surface_entry,diagnostic_surface_entry,ux.diag,matrix_missing_or_doc_entry,missing,missing,missing,diagnostic_only,missing
builtin_functions,EXECEVALBUILTINKEYBOARDCATEGORY,diagnostic_surface_entry,diagnostic_surface_entry,ux.diag,matrix_missing_or_doc_entry,missing,missing,missing,diagnostic_only,missing
builtin_functions,EXECEVALBUILTINLAYOUTCATEGORY,diagnostic_surface_entry,diagnostic_surface_entry,ux.diag,matrix_missing_or_doc_entry,missing,missing,missing,diagnostic_only,missing
builtin_functions,EXECEVALBUILTINPEEKCATEGORY,diagnostic_surface_entry,diagnostic_surface_entry,ux.diag,matrix_missing_or_doc_entry,missing,missing,missing,diagnostic_only,missing
builtin_functions,EXECEVALBUILTINPOINTERCATEGORY,diagnostic_surface_entry,diagnostic_surface_entry,ux.diag,matrix_missing_or_doc_entry,missing,missing,missing,diagnostic_only,missing
builtin_functions,EXECEVALBUILTINSCALARCATEGORY,diagnostic_surface_entry,diagnostic_surface_entry,ux.diag,matrix_missing_or_doc_entry,missing,missing,missing,diagnostic_only,missing
builtin_functions,EXECEVALBUILTINTIMERANDOMCATEGORY,diagnostic_surface_entry,diagnostic_surface_entry,ux.diag,matrix_missing_or_doc_entry,missing,missing,missing,diagnostic_only,missing
builtin_functions,EXECEVALCALL,diagnostic_surface_entry,diagnostic_surface_entry,ux.diag,matrix_missing_or_doc_entry,missing,missing,missing,diagnostic_only,diagnostic_only
builtin_functions,EXECEVALCONST,diagnostic_surface_entry,diagnostic_surface_entry,ux.diag,matrix_missing_or_doc_entry,missing,missing,missing,diagnostic_only,missing
builtin_functions,EXECEVALDEF,diagnostic_surface_entry,diagnostic_surface_entry,ux.diag,matrix_missing_or_doc_entry,missing,missing,missing,diagnostic_only,missing
builtin_functions,EXECEVALDIM,diagnostic_surface_entry,diagnostic_surface_entry,ux.diag,matrix_missing_or_doc_entry,missing,missing,missing,diagnostic_only,missing
builtin_functions,EXECEVALDLLARGASMIXEDSLOT,diagnostic_surface_entry,diagnostic_surface_entry,ux.diag,matrix_missing_or_doc_entry,missing,missing,missing,partial,missing
builtin_functions,EXECEVALDLLCALLCORE,diagnostic_surface_entry,diagnostic_surface_entry,ux.diag,matrix_missing_or_doc_entry,missing,missing,missing,diagnostic_only,missing
builtin_functions,EXECEVALEXPRESSION,host_runtime_dispatch,host_import_if_called,ux.callBuiltin,generic_implemented_surface,missing,missing,missing,implemented,diagnostic_only
builtin_functions,EXECEVALMETHODCALL,diagnostic_surface_entry,diagnostic_surface_entry,ux.diag,matrix_missing_or_doc_entry,missing,missing,missing,diagnostic_only,missing
builtin_functions,EXECEVALNODE,host_runtime_dispatch,host_import_if_called,ux.callBuiltin,generic_implemented_surface,missing,missing,missing,implemented,diagnostic_only
builtin_functions,EXECEVALNODEASTEXT,host_runtime_dispatch,host_import_if_called,ux.callBuiltin,generic_implemented_surface,missing,missing,missing,implemented,missing
builtin_functions,EXECEVALPIPEINVOKE,diagnostic_surface_entry,diagnostic_surface_entry,ux.diag,matrix_missing_or_doc_entry,missing,missing,missing,diagnostic_only,missing
builtin_functions,EXECEVALREDIM,diagnostic_surface_entry,diagnostic_surface_entry,ux.diag,matrix_missing_or_doc_entry,missing,missing,missing,diagnostic_only,missing
builtin_functions,EXECEVALSETSTRINGSIZE,diagnostic_surface_entry,diagnostic_surface_entry,ux.diag,matrix_missing_or_doc_entry,missing,missing,missing,diagnostic_only,missing
builtin_functions,EXECEVALSTRINGLITERAL,diagnostic_surface_entry,diagnostic_surface_entry,ux.diag,matrix_missing_or_doc_entry,missing,missing,missing,partial,missing
builtin_functions,EXECEVALUSERCALL,diagnostic_surface_entry,diagnostic_surface_entry,ux.diag,matrix_missing_or_doc_entry,missing,missing,missing,diagnostic_only,missing
builtin_functions,EXECEXCEPTIONBUILDMESSAGE,diagnostic_surface_entry,diagnostic_surface_entry,ux.diag,matrix_missing_or_doc_entry,missing,missing,missing,partial,missing
builtin_functions,EXECFFINORMALIZETYPETOKEN,diagnostic_surface_entry,diagnostic_surface_entry,ux.diag,matrix_missing_or_doc_entry,missing,missing,missing,partial,missing
builtin_functions,EXECFFIPARSEARGTYPELIST,diagnostic_surface_entry,diagnostic_surface_entry,ux.diag,matrix_missing_or_doc_entry,missing,missing,missing,partial,missing
builtin_functions,EXECFIELDNODETYPENAME,diagnostic_surface_entry,diagnostic_surface_entry,ux.diag,matrix_missing_or_doc_entry,missing,missing,missing,diagnostic_only,missing
builtin_functions,EXECFIELDPATHREADIDENT,diagnostic_surface_entry,diagnostic_surface_entry,ux.diag,matrix_missing_or_doc_entry,missing,missing,missing,diagnostic_only,missing
builtin_functions,EXECFIELDPATHSKIPINDEXES,diagnostic_surface_entry,diagnostic_surface_entry,ux.diag,matrix_missing_or_doc_entry,missing,missing,missing,diagnostic_only,missing
builtin_functions,EXECFIELDZEROVALUE,diagnostic_surface_entry,diagnostic_surface_entry,ux.diag,matrix_missing_or_doc_entry,missing,missing,missing,diagnostic_only,missing
builtin_functions,EXECFINDAGGREGATEFIELDNODE,diagnostic_surface_entry,diagnostic_surface_entry,ux.diag,matrix_missing_or_doc_entry,missing,missing,missing,diagnostic_only,missing
builtin_functions,EXECFINDAGGREGATENODEBYNAME,diagnostic_surface_entry,diagnostic_surface_entry,ux.diag,matrix_missing_or_doc_entry,missing,missing,missing,diagnostic_only,missing
builtin_functions,EXECFINDCHILDBYKIND,diagnostic_surface_entry,diagnostic_surface_entry,ux.diag,matrix_missing_or_doc_entry,missing,missing,missing,diagnostic_only,missing
builtin_functions,EXECFINDCLASSDECLNODE,diagnostic_surface_entry,diagnostic_surface_entry,ux.diag,matrix_missing_or_doc_entry,missing,missing,missing,diagnostic_only,missing
builtin_functions,EXECFINDCLASSMETHODDECL,diagnostic_surface_entry,diagnostic_surface_entry,ux.diag,matrix_missing_or_doc_entry,missing,missing,missing,diagnostic_only,missing
builtin_functions,EXECFINDCLASSNODE,diagnostic_surface_entry,diagnostic_surface_entry,ux.diag,matrix_missing_or_doc_entry,missing,missing,missing,diagnostic_only,missing
builtin_functions,EXECFINDCLASSPROPERTYACCESSORBODY,diagnostic_surface_entry,diagnostic_surface_entry,ux.diag,matrix_missing_or_doc_entry,missing,missing,missing,diagnostic_only,missing
builtin_functions,EXECFINDNODENAMESPACE,diagnostic_surface_entry,diagnostic_surface_entry,ux.diag,matrix_missing_or_doc_entry,missing,missing,missing,diagnostic_only,missing
builtin_functions,EXECFINDNODENAMESPACEREC,diagnostic_surface_entry,diagnostic_surface_entry,ux.diag,matrix_missing_or_doc_entry,missing,missing,missing,diagnostic_only,missing
builtin_functions,EXECFINDRUNTIMEVTABLECLASSBYHANDLE,diagnostic_surface_entry,diagnostic_surface_entry,ux.diag,matrix_missing_or_doc_entry,missing,missing,missing,diagnostic_only,missing
builtin_functions,EXECFINDRUNTIMEVTABLECLASSINDEX,diagnostic_surface_entry,diagnostic_surface_entry,ux.diag,matrix_missing_or_doc_entry,missing,missing,missing,diagnostic_only,missing
builtin_functions,EXECFINDRUNTIMEVTABLEHANDLE,diagnostic_surface_entry,diagnostic_surface_entry,ux.diag,matrix_missing_or_doc_entry,missing,missing,missing,diagnostic_only,missing
builtin_functions,EXECFINDVAR,diagnostic_surface_entry,diagnostic_surface_entry,ux.diag,matrix_missing_or_doc_entry,missing,missing,missing,partial,diagnostic_only
builtin_functions,EXECFINDVTABLEROUTINEIDX,diagnostic_surface_entry,diagnostic_surface_entry,ux.diag,matrix_missing_or_doc_entry,missing,missing,missing,diagnostic_only,missing
builtin_functions,EXECFINDX86RESOLVEDPROC,diagnostic_surface_entry,diagnostic_surface_entry,ux.diag,matrix_missing_or_doc_entry,missing,missing,missing,partial,missing
builtin_functions,EXECFINDX86RESOLVERENTRYINDEX,diagnostic_surface_entry,diagnostic_surface_entry,ux.diag,matrix_missing_or_doc_entry,missing,missing,missing,partial,missing
builtin_functions,EXECFINDX86SYMPTRMAPINDEX,diagnostic_surface_entry,diagnostic_surface_entry,ux.diag,matrix_missing_or_doc_entry,missing,missing,missing,partial,missing
builtin_functions,EXECFORMATFILEERROR,diagnostic_surface_entry,diagnostic_surface_entry,ux.diag,matrix_missing_or_doc_entry,missing,missing,missing,partial,missing
builtin_functions,EXECGETACTIVEFFIABINAME,diagnostic_surface_entry,diagnostic_surface_entry,ux.diag,matrix_missing_or_doc_entry,missing,missing,missing,partial,diagnostic_only
builtin_functions,EXECGETARRAYELEMENT,diagnostic_surface_entry,diagnostic_surface_entry,ux.diag,matrix_missing_or_doc_entry,missing,missing,missing,partial,missing
builtin_functions,EXECGETCLASSBASETYPEBYNAME,diagnostic_surface_entry,diagnostic_surface_entry,ux.diag,matrix_missing_or_doc_entry,missing,missing,missing,diagnostic_only,missing
builtin_functions,EXECGETCLASSBASETYPENAME,diagnostic_surface_entry,diagnostic_surface_entry,ux.diag,matrix_missing_or_doc_entry,missing,missing,missing,diagnostic_only,missing
builtin_functions,EXECGETFFIPOLICYMODE,diagnostic_surface_entry,diagnostic_surface_entry,ux.diag,matrix_missing_or_doc_entry,missing,missing,missing,partial,missing
builtin_functions,EXECGETFFIPOLICYPATH,diagnostic_surface_entry,diagnostic_surface_entry,ux.diag,matrix_missing_or_doc_entry,missing,missing,missing,partial,missing
builtin_functions,EXECGETFFIRESOLVERMODE,diagnostic_surface_entry,diagnostic_surface_entry,ux.diag,matrix_missing_or_doc_entry,missing,missing,missing,partial,missing
builtin_functions,EXECGETFFIRESOLVERPATH,diagnostic_surface_entry,diagnostic_surface_entry,ux.diag,matrix_missing_or_doc_entry,missing,missing,missing,partial,missing
builtin_functions,EXECGETVAR,host_runtime_dispatch,host_import_if_called,ux.callBuiltin,generic_implemented_surface,missing,missing,missing,implemented,missing
builtin_functions,EXECGETVARADDR,diagnostic_surface_entry,diagnostic_surface_entry,ux.diag,matrix_missing_or_doc_entry,missing,missing,missing,partial,missing
builtin_functions,EXECGETVARVALUE,host_runtime_dispatch,host_import_if_called,ux.callBuiltin,generic_implemented_surface,missing,missing,missing,implemented,missing
builtin_functions,EXECHANDLEIFEXITREQUEST,diagnostic_surface_entry,diagnostic_surface_entry,ux.diag,matrix_missing_or_doc_entry,missing,missing,missing,partial,missing
builtin_functions,EXECHASDLLPATHSEGMENTS,diagnostic_surface_entry,diagnostic_surface_entry,ux.diag,matrix_missing_or_doc_entry,missing,missing,missing,partial,missing
builtin_functions,EXECHASHTEXT,diagnostic_surface_entry,diagnostic_surface_entry,ux.diag,matrix_missing_or_doc_entry,missing,missing,missing,diagnostic_only,missing
builtin_functions,EXECINFERCALLERCLASS,diagnostic_surface_entry,diagnostic_surface_entry,ux.diag,matrix_missing_or_doc_entry,missing,missing,missing,diagnostic_only,missing
builtin_functions,EXECINFERRECEIVERCLASSTYPE,diagnostic_surface_entry,diagnostic_surface_entry,ux.diag,matrix_missing_or_doc_entry,missing,missing,missing,diagnostic_only,missing
builtin_functions,EXECINVOKECLASSCTORIFPRESENT,diagnostic_surface_entry,diagnostic_surface_entry,ux.diag,matrix_missing_or_doc_entry,missing,missing,missing,diagnostic_only,diagnostic_only
builtin_functions,EXECINVOKECLASSDTORIFPRESENT,diagnostic_surface_entry,diagnostic_surface_entry,ux.diag,matrix_missing_or_doc_entry,missing,missing,missing,diagnostic_only,diagnostic_only
builtin_functions,EXECINVOKEROUTINEBYINDEX,diagnostic_surface_entry,diagnostic_surface_entry,ux.diag,matrix_missing_or_doc_entry,missing,missing,missing,diagnostic_only,missing
builtin_functions,EXECINVOKEROUTINEBYPREPAREDARGS,diagnostic_surface_entry,diagnostic_surface_entry,ux.diag,matrix_missing_or_doc_entry,missing,missing,missing,diagnostic_only,missing
builtin_functions,EXECISABSOLUTEDLLPATH,diagnostic_surface_entry,diagnostic_surface_entry,ux.diag,matrix_missing_or_doc_entry,missing,missing,missing,partial,missing
builtin_functions,EXECISALLOWEDDLLSIGNATURE,diagnostic_surface_entry,diagnostic_surface_entry,ux.diag,matrix_missing_or_doc_entry,missing,missing,missing,partial,missing
builtin_functions,EXECISBUILTINCALLNAME,diagnostic_surface_entry,diagnostic_surface_entry,ux.diag,matrix_missing_or_doc_entry,missing,missing,missing,diagnostic_only,missing
builtin_functions,EXECISCLASSDERIVEDFROM,diagnostic_surface_entry,diagnostic_surface_entry,ux.diag,matrix_missing_or_doc_entry,missing,missing,missing,diagnostic_only,missing
builtin_functions,EXECISCTORSELFTYPESUPPORTED,diagnostic_surface_entry,diagnostic_surface_entry,ux.diag,matrix_missing_or_doc_entry,missing,missing,missing,diagnostic_only,missing
builtin_functions,EXECISDLLCALLINGCONVENTION,diagnostic_surface_entry,diagnostic_surface_entry,ux.diag,matrix_missing_or_doc_entry,missing,missing,missing,partial,missing
builtin_functions,EXECISEXPRESSIONNODEKIND,diagnostic_surface_entry,diagnostic_surface_entry,ux.diag,matrix_missing_or_doc_entry,missing,missing,missing,diagnostic_only,missing
builtin_functions,EXECISROUTINEMETADATANODE,diagnostic_surface_entry,diagnostic_surface_entry,ux.diag,matrix_missing_or_doc_entry,missing,missing,missing,diagnostic_only,missing
builtin_functions,EXECISSTMTNODE,host_runtime_dispatch,host_import_if_called,ux.callBuiltin,generic_implemented_surface,missing,missing,missing,implemented,missing
builtin_functions,EXECLABELINDEXOF,diagnostic_surface_entry,diagnostic_surface_entry,ux.diag,matrix_missing_or_doc_entry,missing,missing,missing,diagnostic_only,missing
builtin_functions,EXECLISTADD,diagnostic_surface_entry,diagnostic_surface_entry,ux.diag,matrix_missing_or_doc_entry,missing,missing,missing,partial,missing
builtin_functions,EXECLISTCLEAR,diagnostic_surface_entry,diagnostic_surface_entry,ux.diag,matrix_missing_or_doc_entry,missing,missing,missing,partial,missing
builtin_functions,EXECLISTGET,diagnostic_surface_entry,diagnostic_surface_entry,ux.diag,matrix_missing_or_doc_entry,missing,missing,missing,partial,missing
builtin_functions,EXECLISTLEN,diagnostic_surface_entry,diagnostic_surface_entry,ux.diag,matrix_missing_or_doc_entry,missing,missing,missing,partial,missing
builtin_functions,EXECLISTREMOVE,diagnostic_surface_entry,diagnostic_surface_entry,ux.diag,matrix_missing_or_doc_entry,missing,missing,missing,partial,missing
builtin_functions,EXECLISTSET,diagnostic_surface_entry,diagnostic_surface_entry,ux.diag,matrix_missing_or_doc_entry,missing,missing,missing,partial,missing
builtin_functions,EXECMAGICOPERATORROUTINENAMEBYSUFFIX,diagnostic_surface_entry,diagnostic_surface_entry,ux.diag,matrix_missing_or_doc_entry,missing,missing,missing,diagnostic_only,missing
builtin_functions,EXECMAGICROUTINEDUNDERALIAS,diagnostic_surface_entry,diagnostic_surface_entry,ux.diag,matrix_missing_or_doc_entry,missing,missing,missing,diagnostic_only,missing
builtin_functions,EXECNORMALIZEDLLNAME,diagnostic_surface_entry,diagnostic_surface_entry,ux.diag,matrix_missing_or_doc_entry,missing,missing,missing,partial,missing
builtin_functions,EXECNORMALIZEFFIHASHTOKEN,diagnostic_surface_entry,diagnostic_surface_entry,ux.diag,matrix_missing_or_doc_entry,missing,missing,missing,partial,missing
builtin_functions,EXECNORMALIZEFFISIGNERTOKEN,diagnostic_surface_entry,diagnostic_surface_entry,ux.diag,matrix_missing_or_doc_entry,missing,missing,missing,partial,missing
builtin_functions,EXECNORMALIZETYPENAME,diagnostic_surface_entry,diagnostic_surface_entry,ux.diag,matrix_missing_or_doc_entry,missing,missing,missing,diagnostic_only,missing
builtin_functions,EXECOPERATORTOKENTOROUTINESUFFIX,diagnostic_surface_entry,diagnostic_surface_entry,ux.diag,matrix_missing_or_doc_entry,missing,missing,missing,diagnostic_only,missing
builtin_functions,EXECPARAMDECLTYPENAME,diagnostic_surface_entry,diagnostic_surface_entry,ux.diag,matrix_missing_or_doc_entry,missing,missing,missing,diagnostic_only,missing
builtin_functions,EXECPARSEBOUNDRANGE,diagnostic_surface_entry,diagnostic_surface_entry,ux.diag,matrix_missing_or_doc_entry,missing,missing,missing,diagnostic_only,missing
builtin_functions,EXECPARSEFFIALLOWLISTLINE,diagnostic_surface_entry,diagnostic_surface_entry,ux.diag,matrix_missing_or_doc_entry,missing,missing,missing,partial,missing
builtin_functions,EXECPOLICYDENYCODE,diagnostic_surface_entry,diagnostic_surface_entry,ux.diag,matrix_missing_or_doc_entry,missing,missing,missing,partial,missing
builtin_functions,EXECPOLICYDENYPHASE,diagnostic_surface_entry,diagnostic_surface_entry,ux.diag,matrix_missing_or_doc_entry,missing,missing,missing,partial,missing
builtin_functions,EXECREADFIELDVALUE,diagnostic_surface_entry,diagnostic_surface_entry,ux.diag,matrix_missing_or_doc_entry,missing,missing,missing,diagnostic_only,missing
builtin_functions,EXECREGISTERDEFFNSTATEMENT,diagnostic_surface_entry,diagnostic_surface_entry,ux.diag,matrix_missing_or_doc_entry,missing,missing,missing,diagnostic_only,missing
builtin_functions,EXECREGISTERROUTINEDEF,diagnostic_surface_entry,diagnostic_surface_entry,ux.diag,matrix_missing_or_doc_entry,missing,missing,missing,diagnostic_only,missing
builtin_functions,EXECRESOLVEFIELDACCESS,diagnostic_surface_entry,diagnostic_surface_entry,ux.diag,matrix_missing_or_doc_entry,missing,missing,missing,diagnostic_only,missing
builtin_functions,EXECRESOLVEFIELDPOLICY,diagnostic_surface_entry,diagnostic_surface_entry,ux.diag,matrix_missing_or_doc_entry,missing,missing,missing,diagnostic_only,missing
builtin_functions,EXECRESOLVEINSTANCEOFOBJECTCLASS,diagnostic_surface_entry,diagnostic_surface_entry,ux.diag,matrix_missing_or_doc_entry,missing,missing,missing,diagnostic_only,missing
builtin_functions,EXECRESOLVEMAGICROUTINEINHIERARCHY,diagnostic_surface_entry,diagnostic_surface_entry,ux.diag,matrix_missing_or_doc_entry,missing,missing,missing,diagnostic_only,missing
builtin_functions,EXECRESOLVEMETHODROUTINEINDEX,diagnostic_surface_entry,diagnostic_surface_entry,ux.diag,matrix_missing_or_doc_entry,missing,missing,missing,diagnostic_only,missing
builtin_functions,EXECRESOLVEMETHODROUTINEINHIERARCHY,diagnostic_surface_entry,diagnostic_surface_entry,ux.diag,matrix_missing_or_doc_entry,missing,missing,missing,diagnostic_only,missing
builtin_functions,EXECRESOLVEOPERATORROUTINEINHIERARCHY,diagnostic_surface_entry,diagnostic_surface_entry,ux.diag,matrix_missing_or_doc_entry,missing,missing,missing,diagnostic_only,missing
builtin_functions,EXECRESOLVERUNTIMECLASSBYOBJECTADDR,diagnostic_surface_entry,diagnostic_surface_entry,ux.diag,matrix_missing_or_doc_entry,missing,missing,missing,diagnostic_only,implemented
builtin_functions,EXECRESOLVETHISMEIDENTADDR,diagnostic_surface_entry,diagnostic_surface_entry,ux.diag,matrix_missing_or_doc_entry,missing,missing,missing,diagnostic_only,missing
builtin_functions,EXECRESOLVETHISMEIDENTVALUE,diagnostic_surface_entry,diagnostic_surface_entry,ux.diag,matrix_missing_or_doc_entry,missing,missing,missing,diagnostic_only,missing
builtin_functions,EXECRESOLVEX86INTEROPTARGET,diagnostic_surface_entry,diagnostic_surface_entry,ux.diag,matrix_missing_or_doc_entry,missing,missing,missing,partial,missing
builtin_functions,EXECROL32,diagnostic_surface_entry,diagnostic_surface_entry,ux.diag,matrix_missing_or_doc_entry,missing,missing,missing,diagnostic_only,missing
builtin_functions,EXECROR32,diagnostic_surface_entry,diagnostic_surface_entry,ux.diag,matrix_missing_or_doc_entry,missing,missing,missing,diagnostic_only,missing
builtin_functions,EXECROUTINEINDEXOF,diagnostic_surface_entry,diagnostic_surface_entry,ux.diag,matrix_missing_or_doc_entry,missing,missing,missing,diagnostic_only,missing
builtin_functions,EXECROUTINENODEHASRETURNTYPE,diagnostic_surface_entry,diagnostic_surface_entry,ux.diag,matrix_missing_or_doc_entry,missing,missing,missing,diagnostic_only,missing
builtin_functions,EXECROUTINEPARAMCOUNT,diagnostic_surface_entry,diagnostic_surface_entry,ux.diag,matrix_missing_or_doc_entry,missing,missing,missing,diagnostic_only,missing
builtin_functions,EXECRUNASSERTSTMT,diagnostic_surface_entry,diagnostic_surface_entry,ux.diag,matrix_missing_or_doc_entry,missing,missing,missing,partial,missing
builtin_functions,EXECRUNASSIGNSTMT,diagnostic_surface_entry,diagnostic_surface_entry,ux.diag,matrix_missing_or_doc_entry,missing,missing,missing,diagnostic_only,missing
builtin_functions,EXECRUNBLOCKCHILDREN,diagnostic_surface_entry,diagnostic_surface_entry,ux.diag,matrix_missing_or_doc_entry,missing,missing,missing,diagnostic_only,missing
builtin_functions,EXECRUNCLASSPROPERTYGETBODY,diagnostic_surface_entry,diagnostic_surface_entry,ux.diag,matrix_missing_or_doc_entry,missing,missing,missing,diagnostic_only,missing
builtin_functions,EXECRUNCLASSPROPERTYSETBODY,diagnostic_surface_entry,diagnostic_surface_entry,ux.diag,matrix_missing_or_doc_entry,missing,missing,missing,diagnostic_only,missing
builtin_functions,EXECRUNCLOSESTMT,diagnostic_surface_entry,diagnostic_surface_entry,ux.diag,matrix_missing_or_doc_entry,missing,missing,missing,partial,missing
builtin_functions,EXECRUNCOLORSTMT,diagnostic_surface_entry,diagnostic_surface_entry,ux.diag,matrix_missing_or_doc_entry,missing,missing,missing,partial,missing
builtin_functions,EXECRUNDECLDIRECTIVESTMT,diagnostic_surface_entry,diagnostic_surface_entry,ux.diag,matrix_missing_or_doc_entry,missing,missing,missing,diagnostic_only,missing
builtin_functions,EXECRUNDELETESTMT,diagnostic_surface_entry,diagnostic_surface_entry,ux.diag,matrix_missing_or_doc_entry,missing,missing,missing,diagnostic_only,missing
builtin_functions,EXECRUNDOEACHSTMT,diagnostic_surface_entry,diagnostic_surface_entry,ux.diag,matrix_missing_or_doc_entry,missing,missing,missing,partial,missing
builtin_functions,EXECRUNDOSTMT,diagnostic_surface_entry,diagnostic_surface_entry,ux.diag,matrix_missing_or_doc_entry,missing,missing,missing,partial,missing
builtin_functions,EXECRUNFLOWSTMT,diagnostic_surface_entry,diagnostic_surface_entry,ux.diag,matrix_missing_or_doc_entry,missing,missing,missing,partial,missing
builtin_functions,EXECRUNFOREACHSTMT,diagnostic_surface_entry,diagnostic_surface_entry,ux.diag,matrix_missing_or_doc_entry,missing,missing,missing,partial,missing
builtin_functions,EXECRUNFORSTMT,diagnostic_surface_entry,diagnostic_surface_entry,ux.diag,matrix_missing_or_doc_entry,missing,missing,missing,partial,missing
builtin_functions,EXECRUNGETSTMT,diagnostic_surface_entry,diagnostic_surface_entry,ux.diag,matrix_missing_or_doc_entry,missing,missing,missing,partial,missing
builtin_functions,EXECRUNIFSTMT,diagnostic_surface_entry,diagnostic_surface_entry,ux.diag,matrix_missing_or_doc_entry,missing,missing,missing,partial,missing
builtin_functions,EXECRUNINCDECSTMT,diagnostic_surface_entry,diagnostic_surface_entry,ux.diag,matrix_missing_or_doc_entry,missing,missing,missing,diagnostic_only,missing
builtin_functions,EXECRUNINPUTFILESTMT,diagnostic_surface_entry,diagnostic_surface_entry,ux.diag,matrix_missing_or_doc_entry,missing,missing,missing,partial,missing
builtin_functions,EXECRUNINPUTSTMT,diagnostic_surface_entry,diagnostic_surface_entry,ux.diag,matrix_missing_or_doc_entry,missing,missing,missing,partial,missing
builtin_functions,EXECRUNIOFILESTMT,diagnostic_surface_entry,diagnostic_surface_entry,ux.diag,matrix_missing_or_doc_entry,missing,missing,missing,partial,missing
builtin_functions,EXECRUNLOCATESTMT,diagnostic_surface_entry,diagnostic_surface_entry,ux.diag,matrix_missing_or_doc_entry,missing,missing,missing,partial,missing
builtin_functions,EXECRUNMEMCOPYBSTMT,diagnostic_surface_entry,diagnostic_surface_entry,ux.diag,matrix_missing_or_doc_entry,missing,missing,missing,diagnostic_only,missing
builtin_functions,EXECRUNMEMCOPYDSTMT,diagnostic_surface_entry,diagnostic_surface_entry,ux.diag,matrix_missing_or_doc_entry,missing,missing,missing,diagnostic_only,missing
builtin_functions,EXECRUNMEMCOPYWSTMT,diagnostic_surface_entry,diagnostic_surface_entry,ux.diag,matrix_missing_or_doc_entry,missing,missing,missing,diagnostic_only,missing
builtin_functions,EXECRUNMEMFILLBSTMT,diagnostic_surface_entry,diagnostic_surface_entry,ux.diag,matrix_missing_or_doc_entry,missing,missing,missing,diagnostic_only,missing
builtin_functions,EXECRUNMEMFILLDSTMT,diagnostic_surface_entry,diagnostic_surface_entry,ux.diag,matrix_missing_or_doc_entry,missing,missing,missing,diagnostic_only,missing
builtin_functions,EXECRUNMEMFILLWSTMT,diagnostic_surface_entry,diagnostic_surface_entry,ux.diag,matrix_missing_or_doc_entry,missing,missing,missing,diagnostic_only,missing
builtin_functions,EXECRUNMEMORYCORESTMT,diagnostic_surface_entry,diagnostic_surface_entry,ux.diag,matrix_missing_or_doc_entry,missing,missing,missing,diagnostic_only,missing
builtin_functions,EXECRUNOPENSTMT,diagnostic_surface_entry,diagnostic_surface_entry,ux.diag,matrix_missing_or_doc_entry,missing,missing,missing,partial,missing
builtin_functions,EXECRUNPOKEBSTMT,diagnostic_surface_entry,diagnostic_surface_entry,ux.diag,matrix_missing_or_doc_entry,missing,missing,missing,diagnostic_only,missing
builtin_functions,EXECRUNPOKEDSTMT,diagnostic_surface_entry,diagnostic_surface_entry,ux.diag,matrix_missing_or_doc_entry,missing,missing,missing,diagnostic_only,missing
builtin_functions,EXECRUNPOKESSTMT,diagnostic_surface_entry,diagnostic_surface_entry,ux.diag,matrix_missing_or_doc_entry,missing,missing,missing,diagnostic_only,missing
builtin_functions,EXECRUNPOKEWSTMT,diagnostic_surface_entry,diagnostic_surface_entry,ux.diag,matrix_missing_or_doc_entry,missing,missing,missing,diagnostic_only,missing
builtin_functions,EXECRUNPRINTSTMT,diagnostic_surface_entry,diagnostic_surface_entry,ux.diag,matrix_missing_or_doc_entry,missing,missing,missing,partial,missing
builtin_functions,EXECRUNPROGRAMSCOPEDTORS,diagnostic_surface_entry,diagnostic_surface_entry,ux.diag,matrix_missing_or_doc_entry,missing,missing,missing,diagnostic_only,missing
builtin_functions,EXECRUNPUTSTMT,diagnostic_surface_entry,diagnostic_surface_entry,ux.diag,matrix_missing_or_doc_entry,missing,missing,missing,partial,missing
builtin_functions,EXECRUNRANDOMIZESTMT,diagnostic_surface_entry,diagnostic_surface_entry,ux.diag,matrix_missing_or_doc_entry,missing,missing,missing,diagnostic_only,missing
builtin_functions,EXECRUNSEEKSTMT,diagnostic_surface_entry,diagnostic_surface_entry,ux.diag,matrix_missing_or_doc_entry,missing,missing,missing,partial,missing
builtin_functions,EXECRUNSELECTCASEBODY,diagnostic_surface_entry,diagnostic_surface_entry,ux.diag,matrix_missing_or_doc_entry,missing,missing,missing,partial,missing
builtin_functions,EXECRUNSELECTELSEBODY,diagnostic_surface_entry,diagnostic_surface_entry,ux.diag,matrix_missing_or_doc_entry,missing,missing,missing,partial,missing
builtin_functions,EXECRUNSELECTSTMT,diagnostic_surface_entry,diagnostic_surface_entry,ux.diag,matrix_missing_or_doc_entry,missing,missing,missing,partial,missing
builtin_functions,EXECRUNSETNEWOFFSETSTMT,diagnostic_surface_entry,diagnostic_surface_entry,ux.diag,matrix_missing_or_doc_entry,missing,missing,missing,diagnostic_only,missing
builtin_functions,EXECRUNSTMT,host_runtime_dispatch,host_import_if_called,ux.callBuiltin,generic_implemented_surface,missing,missing,missing,implemented,diagnostic_only
builtin_functions,EXECRUNTAILSTMT,diagnostic_surface_entry,diagnostic_surface_entry,ux.diag,matrix_missing_or_doc_entry,missing,missing,missing,diagnostic_only,missing
builtin_functions,EXECRUNTHROWSTMT,diagnostic_surface_entry,diagnostic_surface_entry,ux.diag,matrix_missing_or_doc_entry,missing,missing,missing,partial,missing
builtin_functions,EXECRUNTRYPART,diagnostic_surface_entry,diagnostic_surface_entry,ux.diag,matrix_missing_or_doc_entry,missing,missing,missing,partial,missing
builtin_functions,EXECRUNTRYSTMT,diagnostic_surface_entry,diagnostic_surface_entry,ux.diag,matrix_missing_or_doc_entry,missing,missing,missing,partial,missing
builtin_functions,EXECSETADD,diagnostic_surface_entry,diagnostic_surface_entry,ux.diag,matrix_missing_or_doc_entry,missing,missing,missing,partial,missing
builtin_functions,EXECSETARRAYELEMENT,diagnostic_surface_entry,diagnostic_surface_entry,ux.diag,matrix_missing_or_doc_entry,missing,missing,missing,partial,missing
builtin_functions,EXECSETCLEAR,diagnostic_surface_entry,diagnostic_surface_entry,ux.diag,matrix_missing_or_doc_entry,missing,missing,missing,partial,missing
builtin_functions,EXECSETFIND,diagnostic_surface_entry,diagnostic_surface_entry,ux.diag,matrix_missing_or_doc_entry,missing,missing,missing,partial,missing
builtin_functions,EXECSETHAS,diagnostic_surface_entry,diagnostic_surface_entry,ux.diag,matrix_missing_or_doc_entry,missing,missing,missing,partial,missing
builtin_functions,EXECSETLEN,diagnostic_surface_entry,diagnostic_surface_entry,ux.diag,matrix_missing_or_doc_entry,missing,missing,missing,partial,missing
builtin_functions,EXECSETREMOVE,diagnostic_surface_entry,diagnostic_surface_entry,ux.diag,matrix_missing_or_doc_entry,missing,missing,missing,partial,missing
builtin_functions,EXECSLOTBLOCKKIND,diagnostic_surface_entry,diagnostic_surface_entry,ux.diag,matrix_missing_or_doc_entry,missing,missing,missing,partial,missing
builtin_functions,EXECSLOTFIND,diagnostic_surface_entry,diagnostic_surface_entry,ux.diag,matrix_missing_or_doc_entry,missing,missing,missing,partial,missing
builtin_functions,EXECSLOTNORMALIZEKIND,diagnostic_surface_entry,diagnostic_surface_entry,ux.diag,matrix_missing_or_doc_entry,missing,missing,missing,partial,missing
builtin_functions,EXECSLOTREADHEADERID,diagnostic_surface_entry,diagnostic_surface_entry,ux.diag,matrix_missing_or_doc_entry,missing,missing,missing,partial,missing
builtin_functions,EXECSLOTREGISTERBLOCK,diagnostic_surface_entry,diagnostic_surface_entry,ux.diag,matrix_missing_or_doc_entry,missing,missing,missing,partial,missing
builtin_functions,EXECSLOTRUNBLOCKBODY,diagnostic_surface_entry,diagnostic_surface_entry,ux.diag,matrix_missing_or_doc_entry,missing,missing,missing,partial,missing
builtin_functions,EXECSLOTRUNCONTROLSTMT,diagnostic_surface_entry,diagnostic_surface_entry,ux.diag,matrix_missing_or_doc_entry,missing,missing,missing,partial,missing
builtin_functions,EXECSLOTRUNSTMT,diagnostic_surface_entry,diagnostic_surface_entry,ux.diag,matrix_missing_or_doc_entry,missing,missing,missing,partial,missing
builtin_functions,EXECSLOTTARGETINFO,diagnostic_surface_entry,diagnostic_surface_entry,ux.diag,matrix_missing_or_doc_entry,missing,missing,missing,partial,missing
builtin_functions,EXECSLOTTRIGGER,diagnostic_surface_entry,diagnostic_surface_entry,ux.diag,matrix_missing_or_doc_entry,missing,missing,missing,partial,missing
builtin_functions,EXECSLOTTRIGGERPIPEVALUE,diagnostic_surface_entry,diagnostic_surface_entry,ux.diag,matrix_missing_or_doc_entry,missing,missing,missing,partial,missing
builtin_functions,EXECSPLITMETHODCALLNAME,diagnostic_surface_entry,diagnostic_surface_entry,ux.diag,matrix_missing_or_doc_entry,missing,missing,missing,diagnostic_only,missing
builtin_functions,EXECSTATICFIELDFINDINDEX,diagnostic_surface_entry,diagnostic_surface_entry,ux.diag,matrix_missing_or_doc_entry,missing,missing,missing,diagnostic_only,missing
builtin_functions,EXECSTATICFIELDREAD,diagnostic_surface_entry,diagnostic_surface_entry,ux.diag,matrix_missing_or_doc_entry,missing,missing,missing,diagnostic_only,missing
builtin_functions,EXECTIMERUNITSCALE,diagnostic_surface_entry,diagnostic_surface_entry,ux.diag,matrix_missing_or_doc_entry,missing,missing,missing,partial,missing
builtin_functions,EXECTRYEVALCALLEXPRASTEXT,diagnostic_surface_entry,diagnostic_surface_entry,ux.diag,matrix_missing_or_doc_entry,missing,missing,missing,partial,missing
builtin_functions,EXECTRYEVALDEFFNCALL,diagnostic_surface_entry,diagnostic_surface_entry,ux.diag,matrix_missing_or_doc_entry,missing,missing,missing,diagnostic_only,missing
builtin_functions,EXECTRYEVALOVERLOADEDBINARY,diagnostic_surface_entry,diagnostic_surface_entry,ux.diag,matrix_missing_or_doc_entry,missing,missing,missing,diagnostic_only,missing
builtin_functions,EXECTRYEXTRACTDEFFNDECLARATION,diagnostic_surface_entry,diagnostic_surface_entry,ux.diag,matrix_missing_or_doc_entry,missing,missing,missing,diagnostic_only,missing
builtin_functions,EXECTRYINVOKEDIRECTX86I32,diagnostic_surface_entry,diagnostic_surface_entry,ux.diag,matrix_missing_or_doc_entry,missing,missing,missing,partial,missing
builtin_functions,EXECTRYINVOKEMAGICFIELDGET,diagnostic_surface_entry,diagnostic_surface_entry,ux.diag,matrix_missing_or_doc_entry,missing,missing,missing,diagnostic_only,missing
builtin_functions,EXECTRYINVOKEMAGICFIELDSET,diagnostic_surface_entry,diagnostic_surface_entry,ux.diag,matrix_missing_or_doc_entry,missing,missing,missing,diagnostic_only,missing
builtin_functions,EXECTRYINVOKERESOLVEDX64I32,diagnostic_surface_entry,diagnostic_surface_entry,ux.diag,matrix_missing_or_doc_entry,missing,missing,missing,partial,missing
builtin_functions,EXECTRYINVOKERESOLVEDX64MIXED,diagnostic_surface_entry,diagnostic_surface_entry,ux.diag,matrix_missing_or_doc_entry,missing,missing,missing,partial,missing
builtin_functions,EXECTRYINVOKERESOLVEDX86I32,diagnostic_surface_entry,diagnostic_surface_entry,ux.diag,matrix_missing_or_doc_entry,missing,missing,missing,partial,missing
builtin_functions,EXECTRYPARSEALIASDLLTARGET,diagnostic_surface_entry,diagnostic_surface_entry,ux.diag,matrix_missing_or_doc_entry,missing,missing,missing,partial,missing
builtin_functions,EXECTRYREADDLLARGTYPELIST,diagnostic_surface_entry,diagnostic_surface_entry,ux.diag,matrix_missing_or_doc_entry,missing,missing,missing,partial,missing
builtin_functions,EXECTRYRESOLVEALIASDLLTARGET,diagnostic_surface_entry,diagnostic_surface_entry,ux.diag,matrix_missing_or_doc_entry,missing,missing,missing,diagnostic_only,missing
builtin_functions,EXECTRYRESOLVEARRAYACCESS,diagnostic_surface_entry,diagnostic_surface_entry,ux.diag,matrix_missing_or_doc_entry,missing,missing,missing,partial,missing
builtin_functions,EXECTRYRESOLVEBINARYRECEIVER,diagnostic_surface_entry,diagnostic_surface_entry,ux.diag,matrix_missing_or_doc_entry,missing,missing,missing,diagnostic_only,missing
builtin_functions,EXECTRYRESOLVEMAGICFIELDRECEIVER,diagnostic_surface_entry,diagnostic_surface_entry,ux.diag,matrix_missing_or_doc_entry,missing,missing,missing,diagnostic_only,missing
builtin_functions,EXECTRYRESOLVERUNTIMECLASSBYOBJECTADDR,diagnostic_surface_entry,diagnostic_surface_entry,ux.diag,matrix_missing_or_doc_entry,missing,missing,missing,diagnostic_only,missing
builtin_functions,EXECTYPEELEMSIZEBYTES,diagnostic_surface_entry,diagnostic_surface_entry,ux.diag,matrix_missing_or_doc_entry,missing,missing,missing,diagnostic_only,missing
builtin_functions,EXECVALIDATECLASSCTORSIGNATURE,diagnostic_surface_entry,diagnostic_surface_entry,ux.diag,matrix_missing_or_doc_entry,missing,missing,missing,diagnostic_only,diagnostic_only
builtin_functions,EXECVALIDATECLASSDTORSIGNATURE,diagnostic_surface_entry,diagnostic_surface_entry,ux.diag,matrix_missing_or_doc_entry,missing,missing,missing,diagnostic_only,missing
builtin_functions,EXECVALIDATEDLLMARSHALARG,diagnostic_surface_entry,diagnostic_surface_entry,ux.diag,matrix_missing_or_doc_entry,missing,missing,missing,partial,missing
builtin_functions,EXECVALUETOFLOAT,diagnostic_surface_entry,diagnostic_surface_entry,ux.diag,matrix_missing_or_doc_entry,missing,missing,missing,partial,missing
builtin_functions,EXECVALUETOINTEGER,host_runtime_dispatch,host_import_if_called,ux.callBuiltin,generic_implemented_surface,missing,missing,missing,implemented,missing
builtin_functions,EXECVALUETOSTRING,host_runtime_dispatch,host_import_if_called,ux.callBuiltin,generic_implemented_surface,missing,missing,missing,implemented,missing
builtin_functions,EXECWRITEFIELDVALUE,diagnostic_surface_entry,diagnostic_surface_entry,ux.diag,matrix_missing_or_doc_entry,missing,missing,missing,diagnostic_only,missing
builtin_functions,EXECX64DISPATCHMIXEDINVOKE,diagnostic_surface_entry,diagnostic_surface_entry,ux.diag,matrix_missing_or_doc_entry,missing,missing,missing,partial,missing
builtin_functions,EXECX64EVALARGS,diagnostic_surface_entry,diagnostic_surface_entry,ux.diag,matrix_missing_or_doc_entry,missing,missing,missing,partial,missing
builtin_functions,EXIT_STMT,host_runtime_dispatch,host_import_if_called,ux.callBuiltin,generic_implemented_surface,implemented,diagnostic_only,missing,diagnostic_only,diagnostic_only
builtin_functions,EXP,native_js_math,native_wasm_or_host,ux.math,math_builtin,implemented,diagnostic_only,missing,diagnostic_only,implemented
builtin_functions,EXPR_STMT,host_runtime_dispatch,host_import_if_called,ux.callBuiltin,generic_implemented_surface,implemented,missing,missing,diagnostic_only,missing
builtin_functions,F128,external_runtime_decimal,host_import,ux.highPrecision,high_precision_builtin,implemented,missing,missing,diagnostic_only,implemented
builtin_functions,F32,host_runtime_dispatch,host_import_if_called,ux.callBuiltin,generic_implemented_surface,implemented,diagnostic_only,missing,diagnostic_only,implemented
builtin_functions,F64,host_runtime_dispatch,host_import_if_called,ux.callBuiltin,generic_implemented_surface,implemented,diagnostic_only,missing,partial,implemented
builtin_functions,F80,external_runtime_decimal,host_import,ux.highPrecision,high_precision_builtin,implemented,diagnostic_only,missing,implemented,implemented
builtin_functions,FADD,diagnostic_surface_entry,diagnostic_surface_entry,ux.diag,matrix_missing_or_doc_entry,missing,partial,diagnostic_only,missing,missing
builtin_functions,FDIV,diagnostic_surface_entry,diagnostic_surface_entry,ux.diag,matrix_missing_or_doc_entry,missing,partial,diagnostic_only,missing,missing
builtin_functions,FFICALLCHILDAT,diagnostic_surface_entry,diagnostic_surface_entry,ux.diag,matrix_missing_or_doc_entry,missing,missing,missing,missing,missing
builtin_functions,FFICALLCHILDCOUNT,diagnostic_surface_entry,diagnostic_surface_entry,ux.diag,matrix_missing_or_doc_entry,missing,missing,missing,missing,missing
builtin_functions,FFICALLCOLLECTENTRIES,diagnostic_surface_entry,diagnostic_surface_entry,ux.diag,matrix_missing_or_doc_entry,missing,missing,missing,missing,missing
builtin_functions,FFICALLCOLLECTNODE,diagnostic_surface_entry,diagnostic_surface_entry,ux.diag,matrix_missing_or_doc_entry,missing,missing,missing,missing,missing
builtin_functions,FFICALLCSTRINGESCAPE,diagnostic_surface_entry,diagnostic_surface_entry,ux.diag,matrix_missing_or_doc_entry,missing,missing,missing,missing,missing
builtin_functions,FFICALLISDLLCONVENTION,diagnostic_surface_entry,diagnostic_surface_entry,ux.diag,matrix_missing_or_doc_entry,missing,missing,missing,missing,missing
builtin_functions,FFICALLNASMSTUBTEXT,diagnostic_surface_entry,diagnostic_surface_entry,ux.diag,matrix_missing_or_doc_entry,missing,missing,missing,missing,missing
builtin_functions,FFICALLPLANCSV,diagnostic_surface_entry,diagnostic_surface_entry,ux.diag,matrix_missing_or_doc_entry,missing,missing,missing,missing,missing
builtin_functions,FFICALLREADDLLENTRY,diagnostic_surface_entry,diagnostic_surface_entry,ux.diag,matrix_missing_or_doc_entry,missing,missing,missing,missing,missing
builtin_functions,FFICALLRESOLVERCSV,diagnostic_surface_entry,diagnostic_surface_entry,ux.diag,matrix_missing_or_doc_entry,missing,missing,missing,missing,missing
builtin_functions,FFICALLRESOLVERCTEXT,diagnostic_surface_entry,diagnostic_surface_entry,ux.diag,matrix_missing_or_doc_entry,missing,missing,missing,missing,missing
builtin_functions,FFIESCAPEPOWERSHELLLITERAL,diagnostic_surface_entry,diagnostic_surface_entry,ux.diag,matrix_missing_or_doc_entry,missing,missing,missing,partial,missing
builtin_functions,FFIEXTRACTHASHFROMDLLPATH,diagnostic_surface_entry,diagnostic_surface_entry,ux.diag,matrix_missing_or_doc_entry,missing,missing,missing,partial,missing
builtin_functions,FFIEXTRACTSIGNERFROMDLLPATH,diagnostic_surface_entry,diagnostic_surface_entry,ux.diag,matrix_missing_or_doc_entry,missing,missing,missing,partial,missing
builtin_functions,FFIREADFIRSTNONEMPTYLINE,diagnostic_surface_entry,diagnostic_surface_entry,ux.diag,matrix_missing_or_doc_entry,missing,missing,missing,partial,missing
builtin_functions,FFIRESOLVEDLLPATH,diagnostic_surface_entry,diagnostic_surface_entry,ux.diag,matrix_missing_or_doc_entry,missing,missing,missing,partial,missing
builtin_functions,FFIRUNPOWERSHELLCAPTURE,diagnostic_surface_entry,diagnostic_surface_entry,ux.diag,matrix_missing_or_doc_entry,missing,missing,missing,partial,missing
builtin_functions,FFIWRITETEXTFILE,diagnostic_surface_entry,diagnostic_surface_entry,ux.diag,matrix_missing_or_doc_entry,missing,missing,missing,missing,missing
builtin_functions,FFIX86CALLCHILDAT,diagnostic_surface_entry,diagnostic_surface_entry,ux.diag,matrix_missing_or_doc_entry,missing,missing,missing,missing,missing
builtin_functions,FFIX86CALLCHILDCOUNT,diagnostic_surface_entry,diagnostic_surface_entry,ux.diag,matrix_missing_or_doc_entry,missing,missing,missing,missing,missing
builtin_functions,FFIX86CALLCOLLECTENTRIES,diagnostic_surface_entry,diagnostic_surface_entry,ux.diag,matrix_missing_or_doc_entry,missing,missing,missing,missing,missing
builtin_functions,FFIX86CALLCOLLECTNODE,diagnostic_surface_entry,diagnostic_surface_entry,ux.diag,matrix_missing_or_doc_entry,missing,missing,missing,missing,missing
builtin_functions,FFIX86CALLISDLLCONVENTION,diagnostic_surface_entry,diagnostic_surface_entry,ux.diag,matrix_missing_or_doc_entry,missing,missing,missing,missing,missing
builtin_functions,FFIX86CALLPLANCSV,diagnostic_surface_entry,diagnostic_surface_entry,ux.diag,matrix_missing_or_doc_entry,missing,missing,missing,missing,missing
builtin_functions,FFIX86CALLREADDLLENTRY,diagnostic_surface_entry,diagnostic_surface_entry,ux.diag,matrix_missing_or_doc_entry,missing,missing,missing,missing,missing
builtin_functions,FFIX86CLEANUPTYPE,diagnostic_surface_entry,diagnostic_surface_entry,ux.diag,matrix_missing_or_doc_entry,missing,missing,missing,missing,missing
builtin_functions,FFIX86NASMSTUBTEXT,diagnostic_surface_entry,diagnostic_surface_entry,ux.diag,matrix_missing_or_doc_entry,missing,missing,missing,missing,missing
builtin_functions,FFIX86RESOLVERCSV,diagnostic_surface_entry,diagnostic_surface_entry,ux.diag,matrix_missing_or_doc_entry,missing,missing,missing,missing,missing
builtin_functions,FFIX86WRITETEXTFILE,diagnostic_surface_entry,diagnostic_surface_entry,ux.diag,matrix_missing_or_doc_entry,missing,missing,missing,missing,missing
builtin_functions,FIELD_EXPR,host_runtime_dispatch,host_import_if_called,ux.callBuiltin,generic_implemented_surface,implemented,diagnostic_only,missing,diagnostic_only,missing
builtin_functions,FINAL,js_object_model,host_object_handle,ux.oop,oop_builtin,implemented,missing,missing,partial,implemented
builtin_functions,FIX,native_js_math,native_wasm_or_host,ux.math,math_builtin,implemented,missing,diagnostic_only,diagnostic_only,partial
builtin_functions,FLOAT,host_runtime_dispatch,host_import_if_called,ux.callBuiltin,generic_implemented_surface,missing,partial,missing,implemented,implemented
builtin_functions,FMUL,diagnostic_surface_entry,diagnostic_surface_entry,ux.diag,matrix_missing_or_doc_entry,missing,partial,diagnostic_only,missing,missing
builtin_functions,FOR,host_runtime_dispatch,host_import_if_called,ux.callBuiltin,generic_implemented_surface,implemented,partial,diagnostic_only,implemented,implemented
builtin_functions,FOR_EACH_STMT,host_runtime_dispatch,host_import_if_called,ux.callBuiltin,generic_implemented_surface,implemented,missing,missing,partial,missing
builtin_functions,FOR_STMT,host_runtime_dispatch,host_import_if_called,ux.callBuiltin,generic_implemented_surface,implemented,diagnostic_only,missing,partial,diagnostic_only
builtin_functions,FSUB,diagnostic_surface_entry,diagnostic_surface_entry,ux.diag,matrix_missing_or_doc_entry,missing,partial,diagnostic_only,missing,missing
builtin_functions,FUNCTION,host_runtime_dispatch,host_import_if_called,ux.callBuiltin,generic_implemented_surface,implemented,partial,diagnostic_only,implemented,implemented
builtin_functions,FUNCTION_STMT,host_runtime_dispatch,host_import_if_called,ux.callBuiltin,generic_implemented_surface,implemented,diagnostic_only,missing,diagnostic_only,partial
builtin_functions,GE,diagnostic_surface_entry,diagnostic_surface_entry,ux.diag,matrix_missing_or_doc_entry,diagnostic_only,partial,diagnostic_only,diagnostic_only,missing
builtin_functions,GENERATECALL,diagnostic_surface_entry,diagnostic_surface_entry,ux.diag,matrix_missing_or_doc_entry,missing,missing,missing,missing,missing
builtin_functions,GENERATEEXPRESSION,diagnostic_surface_entry,diagnostic_surface_entry,ux.diag,matrix_missing_or_doc_entry,missing,missing,missing,missing,missing
builtin_functions,GENERATEFOR,diagnostic_surface_entry,diagnostic_surface_entry,ux.diag,matrix_missing_or_doc_entry,missing,missing,missing,missing,missing
builtin_functions,GENERATEIF,diagnostic_surface_entry,diagnostic_surface_entry,ux.diag,matrix_missing_or_doc_entry,missing,missing,missing,missing,missing
builtin_functions,GENERATELOCALDIM,diagnostic_surface_entry,diagnostic_surface_entry,ux.diag,matrix_missing_or_doc_entry,missing,missing,missing,missing,missing
builtin_functions,GENERATEPRINT,diagnostic_surface_entry,diagnostic_surface_entry,ux.diag,matrix_missing_or_doc_entry,missing,missing,missing,missing,missing
builtin_functions,GENERATEROUTINE,diagnostic_surface_entry,diagnostic_surface_entry,ux.diag,matrix_missing_or_doc_entry,missing,missing,missing,missing,missing
builtin_functions,GENERATESTATEMENT,diagnostic_surface_entry,diagnostic_surface_entry,ux.diag,matrix_missing_or_doc_entry,missing,missing,missing,missing,missing
builtin_functions,GENERATEX64CODE,diagnostic_surface_entry,diagnostic_surface_entry,ux.diag,matrix_missing_or_doc_entry,missing,missing,missing,missing,missing
builtin_functions,GETKEY,host_runtime_dispatch,host_import_if_called,ux.callBuiltin,generic_implemented_surface,implemented,missing,diagnostic_only,diagnostic_only,diagnostic_only
builtin_functions,GETPROCADDRESS,diagnostic_surface_entry,diagnostic_surface_entry,ux.diag,matrix_missing_or_doc_entry,missing,partial,missing,partial,implemented
builtin_functions,GET_STMT,host_runtime_dispatch,host_import_if_called,ux.callBuiltin,generic_implemented_surface,implemented,diagnostic_only,missing,partial,diagnostic_only
builtin_functions,GOSUB_STMT,host_runtime_dispatch,host_import_if_called,ux.callBuiltin,generic_implemented_surface,implemented,missing,missing,diagnostic_only,diagnostic_only
builtin_functions,GOTO_STMT,host_runtime_dispatch,host_import_if_called,ux.callBuiltin,generic_implemented_surface,implemented,missing,missing,diagnostic_only,diagnostic_only
builtin_functions,GT,diagnostic_surface_entry,diagnostic_surface_entry,ux.diag,matrix_missing_or_doc_entry,diagnostic_only,partial,diagnostic_only,diagnostic_only,partial
builtin_functions,GX64ROUTINERETURNTYPES,diagnostic_surface_entry,diagnostic_surface_entry,ux.diag,matrix_missing_or_doc_entry,missing,missing,missing,missing,missing
builtin_functions,I16,host_runtime_dispatch,host_import_if_called,ux.callBuiltin,generic_implemented_surface,implemented,missing,missing,diagnostic_only,implemented
builtin_functions,I32,host_runtime_dispatch,host_import_if_called,ux.callBuiltin,generic_implemented_surface,implemented,diagnostic_only,missing,partial,implemented
builtin_functions,I64,host_runtime_dispatch,host_import_if_called,ux.callBuiltin,generic_implemented_surface,implemented,missing,missing,diagnostic_only,implemented
builtin_functions,I8,host_runtime_dispatch,host_import_if_called,ux.callBuiltin,generic_implemented_surface,implemented,missing,missing,diagnostic_only,implemented
builtin_functions,IDENT,host_runtime_dispatch,host_import_if_called,ux.callBuiltin,generic_implemented_surface,implemented,diagnostic_only,missing,implemented,implemented
builtin_functions,IF,host_runtime_dispatch,host_import_if_called,ux.callBuiltin,generic_implemented_surface,implemented,partial,diagnostic_only,implemented,implemented
builtin_functions,IF_STMT,host_runtime_dispatch,host_import_if_called,ux.callBuiltin,generic_implemented_surface,implemented,diagnostic_only,missing,partial,diagnostic_only
builtin_functions,IMPORT,bridge_only,host_import,ux.ffi,ffi_builtin,implemented,missing,diagnostic_only,partial,implemented
builtin_functions,INCDEC_EXPR,host_runtime_dispatch,host_import_if_called,ux.callBuiltin,generic_implemented_surface,implemented,diagnostic_only,missing,diagnostic_only,missing
builtin_functions,INCDEC_STMT,host_runtime_dispatch,host_import_if_called,ux.callBuiltin,generic_implemented_surface,implemented,diagnostic_only,missing,diagnostic_only,diagnostic_only
builtin_functions,INCLUDE_STMT,host_runtime_dispatch,host_import_if_called,ux.callBuiltin,generic_implemented_surface,implemented,missing,missing,diagnostic_only,diagnostic_only
builtin_functions,INDEX,host_runtime_dispatch,host_import_if_called,ux.callBuiltin,generic_implemented_surface,implemented,partial,diagnostic_only,implemented,implemented
builtin_functions,INDEX_EXPR,diagnostic_surface_entry,diagnostic_surface_entry,ux.diag,matrix_missing_or_doc_entry,partial,missing,missing,missing,missing
builtin_functions,INKEY,host_runtime_dispatch,host_import_if_called,ux.callBuiltin,generic_implemented_surface,implemented,missing,diagnostic_only,diagnostic_only,diagnostic_only
builtin_functions,INLINECOLLECTX64BLOCKS,diagnostic_surface_entry,diagnostic_surface_entry,ux.diag,matrix_missing_or_doc_entry,missing,missing,missing,missing,missing
builtin_functions,INLINECONTAINSWORD,diagnostic_surface_entry,diagnostic_surface_entry,ux.diag,matrix_missing_or_doc_entry,missing,missing,missing,missing,missing
builtin_functions,INLINEISKW,diagnostic_surface_entry,diagnostic_surface_entry,ux.diag,matrix_missing_or_doc_entry,missing,missing,missing,missing,missing
builtin_functions,INLINEISOP,diagnostic_surface_entry,diagnostic_surface_entry,ux.diag,matrix_missing_or_doc_entry,missing,missing,missing,missing,missing
builtin_functions,INLINEPARSEBODY,diagnostic_surface_entry,diagnostic_surface_entry,ux.diag,matrix_missing_or_doc_entry,missing,missing,missing,missing,missing
builtin_functions,INLINEPARSEHEADER,diagnostic_surface_entry,diagnostic_surface_entry,ux.diag,matrix_missing_or_doc_entry,missing,missing,missing,missing,missing
builtin_functions,INLINEREADHEADERARG,diagnostic_surface_entry,diagnostic_surface_entry,ux.diag,matrix_missing_or_doc_entry,missing,missing,missing,missing,missing
builtin_functions,INLINEVALIDATEBLOCK,diagnostic_surface_entry,diagnostic_surface_entry,ux.diag,matrix_missing_or_doc_entry,missing,missing,missing,missing,missing
builtin_functions,INPUT,browser_host,host_import,ux.console,console_builtin,implemented,diagnostic_only,diagnostic_only,implemented,implemented
builtin_functions,INPUT_FILE_STMT,host_runtime_dispatch,host_import_if_called,ux.callBuiltin,generic_implemented_surface,implemented,diagnostic_only,missing,partial,diagnostic_only
builtin_functions,INPUT_STMT,host_runtime_dispatch,host_import_if_called,ux.callBuiltin,generic_implemented_surface,implemented,diagnostic_only,missing,partial,partial
builtin_functions,INSTANCEOF,diagnostic_surface_entry,diagnostic_surface_entry,ux.diag,matrix_missing_or_doc_entry,missing,missing,missing,diagnostic_only,implemented
builtin_functions,INT,native_js_math,native_wasm_or_host,ux.math,math_builtin,implemented,diagnostic_only,diagnostic_only,partial,implemented
builtin_functions,INTEGER,host_runtime_dispatch,host_import_if_called,ux.callBuiltin,generic_implemented_surface,implemented,partial,diagnostic_only,implemented,implemented
builtin_functions,JMP,diagnostic_surface_entry,diagnostic_surface_entry,ux.diag,matrix_missing_or_doc_entry,missing,partial,diagnostic_only,missing,implemented
builtin_functions,JZ,diagnostic_surface_entry,diagnostic_surface_entry,ux.diag,matrix_missing_or_doc_entry,missing,partial,diagnostic_only,missing,partial
builtin_functions,KEYWORD_REF,host_runtime_dispatch,host_import_if_called,ux.callBuiltin,generic_implemented_surface,implemented,diagnostic_only,missing,implemented,implemented
builtin_functions,LABEL,diagnostic_surface_entry,diagnostic_surface_entry,ux.diag,matrix_missing_or_doc_entry,partial,partial,diagnostic_only,diagnostic_only,implemented
builtin_functions,LABEL_STMT,host_runtime_dispatch,host_import_if_called,ux.callBuiltin,generic_implemented_surface,implemented,missing,missing,diagnostic_only,missing
builtin_functions,LCASE,native_js_string,host_string_import,ux.string,string_builtin,implemented,missing,missing,implemented,implemented
builtin_functions,LE,diagnostic_surface_entry,diagnostic_surface_entry,ux.diag,matrix_missing_or_doc_entry,diagnostic_only,partial,diagnostic_only,diagnostic_only,missing
builtin_functions,LEN,native_js_string,host_string_import,ux.string,string_builtin,implemented,diagnostic_only,diagnostic_only,implemented,implemented
builtin_functions,LISTADD,diagnostic_surface_entry,diagnostic_surface_entry,ux.diag,matrix_missing_or_doc_entry,missing,missing,missing,diagnostic_only,implemented
builtin_functions,LISTCLEAR,diagnostic_surface_entry,diagnostic_surface_entry,ux.diag,matrix_missing_or_doc_entry,missing,missing,missing,diagnostic_only,missing
builtin_functions,LISTGET,diagnostic_surface_entry,diagnostic_surface_entry,ux.diag,matrix_missing_or_doc_entry,missing,missing,missing,diagnostic_only,implemented
builtin_functions,LISTLEN,js_runtime_structure,host_or_linear_memory,ux.collections,collection_builtin,missing,missing,missing,diagnostic_only,implemented
builtin_functions,LISTREMOVE,diagnostic_surface_entry,diagnostic_surface_entry,ux.diag,matrix_missing_or_doc_entry,missing,missing,missing,diagnostic_only,missing
builtin_functions,LISTSET,diagnostic_surface_entry,diagnostic_surface_entry,ux.diag,matrix_missing_or_doc_entry,missing,missing,missing,diagnostic_only,missing
builtin_functions,LNOT,diagnostic_surface_entry,diagnostic_surface_entry,ux.diag,matrix_missing_or_doc_entry,partial,diagnostic_only,missing,diagnostic_only,missing
builtin_functions,LOADLIBRARYA,diagnostic_surface_entry,diagnostic_surface_entry,ux.diag,matrix_missing_or_doc_entry,missing,partial,missing,partial,implemented
builtin_functions,LOAD_ADDR,diagnostic_surface_entry,diagnostic_surface_entry,ux.diag,matrix_missing_or_doc_entry,missing,missing,diagnostic_only,missing,missing
builtin_functions,LOAD_CONST,diagnostic_surface_entry,diagnostic_surface_entry,ux.diag,matrix_missing_or_doc_entry,missing,partial,diagnostic_only,diagnostic_only,missing
builtin_functions,LOAD_FIELD,diagnostic_surface_entry,diagnostic_surface_entry,ux.diag,matrix_missing_or_doc_entry,missing,missing,diagnostic_only,missing,missing
builtin_functions,LOAD_INDEXED,diagnostic_surface_entry,diagnostic_surface_entry,ux.diag,matrix_missing_or_doc_entry,missing,partial,diagnostic_only,missing,missing
builtin_functions,LOAD_VAR,diagnostic_surface_entry,diagnostic_surface_entry,ux.diag,matrix_missing_or_doc_entry,missing,partial,diagnostic_only,diagnostic_only,missing
builtin_functions,LOCATE,browser_host,host_import,ux.console,console_builtin,implemented,diagnostic_only,diagnostic_only,implemented,implemented
builtin_functions,LOCATE_STMT,diagnostic_surface_entry,diagnostic_surface_entry,ux.diag,matrix_missing_or_doc_entry,partial,diagnostic_only,missing,partial,diagnostic_only
builtin_functions,LOF,browser_file_host,host_import,ux.file,file_builtin,implemented,missing,missing,diagnostic_only,partial
builtin_functions,LOG,native_js_math,native_wasm_or_host,ux.math,math_builtin,implemented,diagnostic_only,missing,partial,implemented
builtin_functions,LPTR,host_runtime_dispatch,host_import_if_called,ux.callBuiltin,generic_implemented_surface,implemented,missing,missing,diagnostic_only,implemented
builtin_functions,LT,diagnostic_surface_entry,diagnostic_surface_entry,ux.diag,matrix_missing_or_doc_entry,diagnostic_only,partial,diagnostic_only,diagnostic_only,missing
builtin_functions,LTRIM,native_js_string,host_string_import,ux.string,string_builtin,implemented,diagnostic_only,missing,implemented,implemented
builtin_functions,MEMCOPYB_STMT,diagnostic_surface_entry,diagnostic_surface_entry,ux.diag,matrix_missing_or_doc_entry,partial,diagnostic_only,missing,diagnostic_only,diagnostic_only
builtin_functions,MEMCOPYD_STMT,diagnostic_surface_entry,diagnostic_surface_entry,ux.diag,matrix_missing_or_doc_entry,partial,diagnostic_only,missing,diagnostic_only,diagnostic_only
builtin_functions,MEMCOPYW_STMT,diagnostic_surface_entry,diagnostic_surface_entry,ux.diag,matrix_missing_or_doc_entry,partial,diagnostic_only,missing,diagnostic_only,diagnostic_only
builtin_functions,MEMFILLB_STMT,diagnostic_surface_entry,diagnostic_surface_entry,ux.diag,matrix_missing_or_doc_entry,partial,diagnostic_only,missing,diagnostic_only,diagnostic_only
builtin_functions,MEMFILLD_STMT,diagnostic_surface_entry,diagnostic_surface_entry,ux.diag,matrix_missing_or_doc_entry,partial,diagnostic_only,missing,diagnostic_only,diagnostic_only
builtin_functions,MEMFILLW_STMT,diagnostic_surface_entry,diagnostic_surface_entry,ux.diag,matrix_missing_or_doc_entry,partial,diagnostic_only,missing,diagnostic_only,diagnostic_only
builtin_functions,METHOD_DECL,diagnostic_surface_entry,diagnostic_surface_entry,ux.diag,matrix_missing_or_doc_entry,missing,missing,diagnostic_only,missing,missing
builtin_functions,MID,native_js_string,host_string_import,ux.string,string_builtin,implemented,diagnostic_only,missing,implemented,implemented
builtin_functions,MIN,host_runtime_dispatch,host_import_if_called,ux.callBuiltin,generic_implemented_surface,partial,missing,missing,implemented,partial
builtin_functions,MIREXECUTE,diagnostic_surface_entry,diagnostic_surface_entry,ux.diag,matrix_missing_or_doc_entry,missing,missing,missing,diagnostic_only,missing
builtin_functions,MIRGENERATEFROMAST,diagnostic_surface_entry,diagnostic_surface_entry,ux.diag,matrix_missing_or_doc_entry,missing,missing,missing,diagnostic_only,missing
builtin_functions,MIRX64ALIGN16,diagnostic_surface_entry,diagnostic_surface_entry,ux.diag,matrix_missing_or_doc_entry,missing,missing,diagnostic_only,missing,missing
builtin_functions,MIRX64ARRAYLABEL,diagnostic_surface_entry,diagnostic_surface_entry,ux.diag,matrix_missing_or_doc_entry,missing,missing,missing,missing,missing
builtin_functions,MIRX64COLLECTLOCALS,diagnostic_surface_entry,diagnostic_surface_entry,ux.diag,matrix_missing_or_doc_entry,missing,missing,diagnostic_only,missing,missing
builtin_functions,MIRX64CONDITIONCODE,diagnostic_surface_entry,diagnostic_surface_entry,ux.diag,matrix_missing_or_doc_entry,missing,missing,diagnostic_only,missing,missing
builtin_functions,MIRX64EMITBUILTINONEARGRESULT,diagnostic_surface_entry,diagnostic_surface_entry,ux.diag,matrix_missing_or_doc_entry,missing,missing,missing,missing,missing
builtin_functions,MIRX64EMITCALLINSTRUCTION,diagnostic_surface_entry,diagnostic_surface_entry,ux.diag,matrix_missing_or_doc_entry,missing,missing,diagnostic_only,missing,missing
builtin_functions,MIRX64EMITFUNCTION,diagnostic_surface_entry,diagnostic_surface_entry,ux.diag,matrix_missing_or_doc_entry,missing,missing,diagnostic_only,missing,missing
builtin_functions,MIRX64EMITINPUTCALL,diagnostic_surface_entry,diagnostic_surface_entry,ux.diag,matrix_missing_or_doc_entry,missing,missing,diagnostic_only,missing,missing
builtin_functions,MIRX64EMITINSTRUCTION,diagnostic_surface_entry,diagnostic_surface_entry,ux.diag,matrix_missing_or_doc_entry,missing,missing,diagnostic_only,missing,missing
builtin_functions,MIRX64EMITPRINTVALUE,diagnostic_surface_entry,diagnostic_surface_entry,ux.diag,matrix_missing_or_doc_entry,missing,missing,diagnostic_only,missing,missing
builtin_functions,MIRX64EMITTERAVAILABLE,diagnostic_surface_entry,diagnostic_surface_entry,ux.diag,matrix_missing_or_doc_entry,missing,missing,diagnostic_only,missing,missing
builtin_functions,MIRX64FIELDKEY,diagnostic_surface_entry,diagnostic_surface_entry,ux.diag,matrix_missing_or_doc_entry,missing,missing,missing,missing,missing
builtin_functions,MIRX64ISFLOATLITERAL,diagnostic_surface_entry,diagnostic_surface_entry,ux.diag,matrix_missing_or_doc_entry,missing,missing,missing,missing,missing
builtin_functions,MIRX64KEYWORDCOUNTERPARTSTATUS,diagnostic_surface_entry,diagnostic_surface_entry,ux.diag,matrix_missing_or_doc_entry,missing,missing,missing,missing,missing
builtin_functions,MIRX64SELECTENTRYFUNCTIONINDEX,diagnostic_surface_entry,diagnostic_surface_entry,ux.diag,matrix_missing_or_doc_entry,missing,missing,diagnostic_only,missing,missing
builtin_functions,MIRX64TRACKDIMSTORAGE,diagnostic_surface_entry,diagnostic_surface_entry,ux.diag,matrix_missing_or_doc_entry,missing,missing,diagnostic_only,missing,missing
builtin_functions,MIRX64TRACKLOCALIFNEEDED,diagnostic_surface_entry,diagnostic_surface_entry,ux.diag,matrix_missing_or_doc_entry,missing,missing,diagnostic_only,missing,missing
builtin_functions,MIRX64UPPER,diagnostic_surface_entry,diagnostic_surface_entry,ux.diag,matrix_missing_or_doc_entry,missing,missing,missing,missing,missing
builtin_functions,MOD,host_runtime_dispatch,host_import_if_called,ux.callBuiltin,generic_implemented_surface,implemented,partial,diagnostic_only,partial,implemented
builtin_functions,MOVE,diagnostic_surface_entry,diagnostic_surface_entry,ux.diag,matrix_missing_or_doc_entry,missing,missing,diagnostic_only,missing,missing
builtin_functions,MS,host_runtime_dispatch,host_import_if_called,ux.callBuiltin,generic_implemented_surface,partial,missing,missing,implemented,implemented
builtin_functions,MUL,diagnostic_surface_entry,diagnostic_surface_entry,ux.diag,matrix_missing_or_doc_entry,diagnostic_only,partial,diagnostic_only,diagnostic_only,partial
builtin_functions,MUTABLE,host_runtime_dispatch,host_import_if_called,ux.callBuiltin,generic_implemented_surface,implemented,missing,missing,missing,implemented
builtin_functions,NAMESPACE_STMT,host_runtime_dispatch,host_import_if_called,ux.callBuiltin,generic_implemented_surface,implemented,missing,missing,diagnostic_only,partial
builtin_functions,NE,diagnostic_surface_entry,diagnostic_surface_entry,ux.diag,matrix_missing_or_doc_entry,diagnostic_only,partial,diagnostic_only,diagnostic_only,partial
builtin_functions,NEG,diagnostic_surface_entry,diagnostic_surface_entry,ux.diag,matrix_missing_or_doc_entry,missing,partial,diagnostic_only,diagnostic_only,implemented
builtin_functions,NEW,js_object_model,host_object_handle,ux.oop,oop_builtin,implemented,partial,diagnostic_only,diagnostic_only,implemented
builtin_functions,NEW_EXPR,host_runtime_dispatch,host_import_if_called,ux.callBuiltin,generic_implemented_surface,implemented,diagnostic_only,missing,diagnostic_only,missing
builtin_functions,NEXT_STMT,diagnostic_surface_entry,diagnostic_surface_entry,ux.diag,matrix_missing_or_doc_entry,missing,missing,missing,missing,missing
builtin_functions,NOP,diagnostic_surface_entry,diagnostic_surface_entry,ux.diag,matrix_missing_or_doc_entry,missing,missing,diagnostic_only,missing,partial
builtin_functions,NOT,host_runtime_dispatch,host_import_if_called,ux.callBuiltin,generic_implemented_surface,implemented,partial,diagnostic_only,implemented,implemented
builtin_functions,NS,host_runtime_dispatch,host_import_if_called,ux.callBuiltin,generic_implemented_surface,partial,missing,missing,implemented,missing
builtin_functions,NUMBER,host_runtime_dispatch,host_import_if_called,ux.callBuiltin,generic_implemented_surface,implemented,diagnostic_only,missing,diagnostic_only,implemented
builtin_functions,OFF,host_runtime_dispatch,host_import_if_called,ux.callBuiltin,generic_implemented_surface,implemented,missing,diagnostic_only,implemented,implemented
builtin_functions,OFFSETOF,host_runtime_dispatch,host_import_if_called,ux.callBuiltin,generic_implemented_surface,implemented,diagnostic_only,missing,diagnostic_only,implemented
builtin_functions,ON,host_runtime_dispatch,host_import_if_called,ux.callBuiltin,generic_implemented_surface,implemented,diagnostic_only,missing,implemented,implemented
builtin_functions,OPEN_STMT,host_runtime_dispatch,host_import_if_called,ux.callBuiltin,generic_implemented_surface,implemented,diagnostic_only,missing,partial,diagnostic_only
builtin_functions,OR,host_runtime_dispatch,host_import_if_called,ux.callBuiltin,generic_implemented_surface,implemented,partial,diagnostic_only,implemented,implemented
builtin_functions,OUTPUT,host_runtime_dispatch,host_import_if_called,ux.callBuiltin,generic_implemented_surface,implemented,diagnostic_only,diagnostic_only,implemented,implemented
builtin_functions,PARALEL,host_runtime_dispatch,host_import_if_called,ux.callBuiltin,generic_implemented_surface,implemented,missing,missing,partial,implemented
builtin_functions,PARALEL_STMT,host_runtime_dispatch,host_import_if_called,ux.callBuiltin,generic_implemented_surface,implemented,missing,missing,partial,missing
builtin_functions,PARAM_DECL,host_runtime_dispatch,host_import_if_called,ux.callBuiltin,generic_implemented_surface,implemented,diagnostic_only,missing,diagnostic_only,partial
builtin_functions,PAREN_EXPR,diagnostic_surface_entry,diagnostic_surface_entry,ux.diag,matrix_missing_or_doc_entry,missing,missing,missing,diagnostic_only,missing
builtin_functions,PEEKB,host_runtime_dispatch,host_import_if_called,ux.callBuiltin,generic_implemented_surface,implemented,missing,missing,diagnostic_only,implemented
builtin_functions,PEEKD,host_runtime_dispatch,host_import_if_called,ux.callBuiltin,generic_implemented_surface,implemented,missing,missing,diagnostic_only,implemented
builtin_functions,PEEKW,host_runtime_dispatch,host_import_if_called,ux.callBuiltin,generic_implemented_surface,implemented,missing,missing,diagnostic_only,implemented
builtin_functions,PIPE,async_host_runtime,host_import,ux.events,event_builtin,implemented,diagnostic_only,diagnostic_only,partial,implemented
builtin_functions,PIPE_STMT,host_runtime_dispatch,host_import_if_called,ux.callBuiltin,generic_implemented_surface,implemented,missing,missing,partial,missing
builtin_functions,POKEB_STMT,diagnostic_surface_entry,diagnostic_surface_entry,ux.diag,matrix_missing_or_doc_entry,partial,diagnostic_only,missing,diagnostic_only,diagnostic_only
builtin_functions,POKED_STMT,diagnostic_surface_entry,diagnostic_surface_entry,ux.diag,matrix_missing_or_doc_entry,partial,diagnostic_only,missing,diagnostic_only,diagnostic_only
builtin_functions,POKES_STMT,host_runtime_dispatch,host_import_if_called,ux.callBuiltin,generic_implemented_surface,implemented,diagnostic_only,missing,diagnostic_only,diagnostic_only
builtin_functions,POKEW,host_runtime_dispatch,host_import_if_called,ux.callBuiltin,generic_implemented_surface,implemented,missing,missing,diagnostic_only,implemented
builtin_functions,POKEW_STMT,diagnostic_surface_entry,diagnostic_surface_entry,ux.diag,matrix_missing_or_doc_entry,partial,diagnostic_only,missing,diagnostic_only,diagnostic_only
builtin_functions,PRINT,browser_host,host_import,ux.console,console_builtin,implemented,diagnostic_only,diagnostic_only,implemented,implemented
builtin_functions,PRINTLN,diagnostic_surface_entry,diagnostic_surface_entry,ux.diag,matrix_missing_or_doc_entry,missing,diagnostic_only,diagnostic_only,partial,missing
builtin_functions,PRINT_SEP_COMMA,diagnostic_surface_entry,diagnostic_surface_entry,ux.diag,matrix_missing_or_doc_entry,missing,diagnostic_only,diagnostic_only,missing,missing
builtin_functions,PRINT_SEP_SEMICOLON,diagnostic_surface_entry,diagnostic_surface_entry,ux.diag,matrix_missing_or_doc_entry,missing,missing,diagnostic_only,missing,missing
builtin_functions,PRINT_SEP_SPACE,diagnostic_surface_entry,diagnostic_surface_entry,ux.diag,matrix_missing_or_doc_entry,missing,diagnostic_only,diagnostic_only,missing,missing
builtin_functions,PRINT_STMT,host_runtime_dispatch,host_import_if_called,ux.callBuiltin,generic_implemented_surface,implemented,diagnostic_only,missing,partial,partial
builtin_functions,PRIVATE,host_runtime_dispatch,host_import_if_called,ux.callBuiltin,generic_implemented_surface,implemented,diagnostic_only,diagnostic_only,implemented,implemented
builtin_functions,PROGRAM,host_runtime_dispatch,host_import_if_called,ux.callBuiltin,generic_implemented_surface,implemented,missing,missing,partial,implemented
builtin_functions,PTR,host_runtime_dispatch,host_import_if_called,ux.callBuiltin,generic_implemented_surface,implemented,partial,missing,implemented,implemented
builtin_functions,PUBLIC,host_runtime_dispatch,host_import_if_called,ux.callBuiltin,generic_implemented_surface,implemented,missing,missing,diagnostic_only,implemented
builtin_functions,PUT_STMT,host_runtime_dispatch,host_import_if_called,ux.callBuiltin,generic_implemented_surface,implemented,diagnostic_only,missing,partial,diagnostic_only
builtin_functions,RANDOM,browser_file_host,host_import,ux.file,file_builtin,missing,missing,missing,partial,implemented
builtin_functions,RANDOMIZE,native_js_math,native_wasm_or_host,ux.math,math_builtin,implemented,diagnostic_only,diagnostic_only,diagnostic_only,implemented
builtin_functions,RANDOMIZE_STMT,diagnostic_surface_entry,diagnostic_surface_entry,ux.diag,matrix_missing_or_doc_entry,partial,diagnostic_only,missing,diagnostic_only,diagnostic_only
builtin_functions,REDIM,host_runtime_dispatch,host_import_if_called,ux.callBuiltin,generic_implemented_surface,implemented,partial,diagnostic_only,implemented,implemented
builtin_functions,REDIM_STMT,host_runtime_dispatch,host_import_if_called,ux.callBuiltin,generic_implemented_surface,implemented,missing,missing,diagnostic_only,diagnostic_only
builtin_functions,RET,diagnostic_surface_entry,diagnostic_surface_entry,ux.diag,matrix_missing_or_doc_entry,missing,partial,diagnostic_only,missing,partial
builtin_functions,RETURN,host_runtime_dispatch,host_import_if_called,ux.callBuiltin,generic_implemented_surface,implemented,partial,diagnostic_only,implemented,implemented
builtin_functions,RETURN_STMT,host_runtime_dispatch,host_import_if_called,ux.callBuiltin,generic_implemented_surface,implemented,diagnostic_only,missing,diagnostic_only,diagnostic_only
builtin_functions,RND,native_js_math,native_wasm_or_host,ux.math,math_builtin,implemented,diagnostic_only,diagnostic_only,diagnostic_only,implemented
builtin_functions,ROL,host_runtime_dispatch,host_import_if_called,ux.callBuiltin,generic_implemented_surface,implemented,partial,diagnostic_only,diagnostic_only,implemented
builtin_functions,ROR,host_runtime_dispatch,host_import_if_called,ux.callBuiltin,generic_implemented_surface,implemented,partial,diagnostic_only,diagnostic_only,partial
builtin_functions,RTRIM,native_js_string,host_string_import,ux.string,string_builtin,implemented,missing,missing,partial,partial
builtin_functions,SADD,host_runtime_dispatch,host_import_if_called,ux.callBuiltin,generic_implemented_surface,implemented,missing,missing,diagnostic_only,implemented
builtin_functions,SAVEDEPILOGLABEL,diagnostic_surface_entry,diagnostic_surface_entry,ux.diag,matrix_missing_or_doc_entry,missing,missing,missing,missing,missing
builtin_functions,SEEK_STMT,host_runtime_dispatch,host_import_if_called,ux.callBuiltin,generic_implemented_surface,implemented,diagnostic_only,missing,partial,diagnostic_only
builtin_functions,SELECT_STMT,host_runtime_dispatch,host_import_if_called,ux.callBuiltin,generic_implemented_surface,implemented,diagnostic_only,missing,partial,partial
builtin_functions,SETADD,diagnostic_surface_entry,diagnostic_surface_entry,ux.diag,matrix_missing_or_doc_entry,missing,missing,missing,diagnostic_only,implemented
builtin_functions,SETCLEAR,diagnostic_surface_entry,diagnostic_surface_entry,ux.diag,matrix_missing_or_doc_entry,missing,missing,missing,diagnostic_only,missing
builtin_functions,SETHAS,diagnostic_surface_entry,diagnostic_surface_entry,ux.diag,matrix_missing_or_doc_entry,missing,missing,missing,diagnostic_only,missing
builtin_functions,SETLEN,js_runtime_structure,host_or_linear_memory,ux.collections,collection_builtin,missing,missing,missing,diagnostic_only,implemented
builtin_functions,SETNEWOFFSET_STMT,host_runtime_dispatch,host_import_if_called,ux.callBuiltin,generic_implemented_surface,implemented,diagnostic_only,missing,diagnostic_only,diagnostic_only
builtin_functions,SETREMOVE,diagnostic_surface_entry,diagnostic_surface_entry,ux.diag,matrix_missing_or_doc_entry,missing,missing,missing,diagnostic_only,missing
builtin_functions,SETSTRINGSIZE_STMT,host_runtime_dispatch,host_import_if_called,ux.callBuiltin,generic_implemented_surface,implemented,missing,missing,diagnostic_only,diagnostic_only
builtin_functions,SGN,native_js_math,native_wasm_or_host,ux.math,math_builtin,implemented,missing,diagnostic_only,diagnostic_only,implemented
builtin_functions,SHL,host_runtime_dispatch,host_import_if_called,ux.callBuiltin,generic_implemented_surface,implemented,partial,diagnostic_only,implemented,implemented
builtin_functions,SHORT,diagnostic_surface_entry,diagnostic_surface_entry,ux.diag,matrix_missing_or_doc_entry,missing,missing,missing,diagnostic_only,partial
builtin_functions,SHR,host_runtime_dispatch,host_import_if_called,ux.callBuiltin,generic_implemented_surface,implemented,partial,diagnostic_only,partial,partial
builtin_functions,SIN,native_js_math,native_wasm_or_host,ux.math,math_builtin,implemented,diagnostic_only,missing,diagnostic_only,implemented
builtin_functions,SINGLE,diagnostic_surface_entry,diagnostic_surface_entry,ux.diag,matrix_missing_or_doc_entry,partial,diagnostic_only,missing,partial,partial
builtin_functions,SIZEOF,host_runtime_dispatch,host_import_if_called,ux.callBuiltin,generic_implemented_surface,implemented,missing,missing,implemented,implemented
builtin_functions,SLOT_CONTROL_STMT,diagnostic_surface_entry,diagnostic_surface_entry,ux.diag,matrix_missing_or_doc_entry,partial,missing,missing,partial,missing
builtin_functions,SLOT_STMT,host_runtime_dispatch,host_import_if_called,ux.callBuiltin,generic_implemented_surface,implemented,missing,missing,partial,missing
builtin_functions,SPACE,native_js_string,host_string_import,ux.string,string_builtin,implemented,missing,missing,partial,implemented
builtin_functions,SQR,native_js_math,native_wasm_or_host,ux.math,math_builtin,implemented,diagnostic_only,missing,diagnostic_only,implemented
builtin_functions,SQRT,host_runtime_dispatch,host_import_if_called,ux.callBuiltin,generic_implemented_surface,implemented,missing,missing,missing,partial
builtin_functions,STDCALL,bridge_only,host_import,ux.ffi,ffi_builtin,implemented,partial,missing,partial,implemented
builtin_functions,STORE_FIELD,diagnostic_surface_entry,diagnostic_surface_entry,ux.diag,matrix_missing_or_doc_entry,missing,missing,diagnostic_only,missing,missing
builtin_functions,STORE_INDEXED,diagnostic_surface_entry,diagnostic_surface_entry,ux.diag,matrix_missing_or_doc_entry,missing,partial,diagnostic_only,missing,missing
builtin_functions,STORE_VAR,diagnostic_surface_entry,diagnostic_surface_entry,ux.diag,matrix_missing_or_doc_entry,missing,partial,diagnostic_only,diagnostic_only,missing
builtin_functions,STR,native_js_string,host_string_import,ux.string,string_builtin,implemented,diagnostic_only,missing,implemented,implemented
builtin_functions,STRING,native_js_string,host_string_import,ux.string,string_builtin,implemented,partial,diagnostic_only,implemented,implemented
builtin_functions,STRPTR,host_runtime_dispatch,host_import_if_called,ux.callBuiltin,generic_implemented_surface,implemented,missing,missing,partial,implemented
builtin_functions,SUB,host_runtime_dispatch,host_import_if_called,ux.callBuiltin,generic_implemented_surface,implemented,partial,diagnostic_only,implemented,implemented
builtin_functions,SUB_STMT,host_runtime_dispatch,host_import_if_called,ux.callBuiltin,generic_implemented_surface,implemented,diagnostic_only,missing,diagnostic_only,partial
builtin_functions,TAN,native_js_math,native_wasm_or_host,ux.math,math_builtin,implemented,diagnostic_only,missing,diagnostic_only,implemented
builtin_functions,TERNARY_EXPR,host_runtime_dispatch,host_import_if_called,ux.callBuiltin,generic_implemented_surface,implemented,diagnostic_only,missing,diagnostic_only,missing
builtin_functions,THREAD,async_host_runtime,host_import,ux.events,event_builtin,implemented,missing,diagnostic_only,partial,implemented
builtin_functions,THREAD_STMT,host_runtime_dispatch,host_import_if_called,ux.callBuiltin,generic_implemented_surface,implemented,missing,missing,partial,missing
builtin_functions,THREAT,diagnostic_surface_entry,diagnostic_surface_entry,ux.diag,matrix_missing_or_doc_entry,partial,missing,missing,missing,missing
builtin_functions,THROW_STMT,host_runtime_dispatch,host_import_if_called,ux.callBuiltin,generic_implemented_surface,implemented,diagnostic_only,missing,partial,partial
builtin_functions,TIMER,host_runtime_dispatch,host_import_if_called,ux.callBuiltin,generic_implemented_surface,implemented,diagnostic_only,diagnostic_only,implemented,implemented
builtin_functions,TIMERNORMALIZEUNIT,diagnostic_surface_entry,diagnostic_surface_entry,ux.diag,matrix_missing_or_doc_entry,missing,missing,missing,partial,missing
builtin_functions,TRIGGER_STMT,diagnostic_surface_entry,diagnostic_surface_entry,ux.diag,matrix_missing_or_doc_entry,partial,missing,missing,partial,missing
builtin_functions,TRY_STMT,host_runtime_dispatch,host_import_if_called,ux.callBuiltin,generic_implemented_surface,implemented,missing,missing,partial,implemented
builtin_functions,TYPE_STMT,host_runtime_dispatch,host_import_if_called,ux.callBuiltin,generic_implemented_surface,implemented,missing,missing,diagnostic_only,diagnostic_only
builtin_functions,U64,host_runtime_dispatch,host_import_if_called,ux.callBuiltin,generic_implemented_surface,implemented,missing,missing,partial,implemented
builtin_functions,UCASE,native_js_string,host_string_import,ux.string,string_builtin,implemented,diagnostic_only,diagnostic_only,implemented,implemented
builtin_functions,UNARY,host_runtime_dispatch,host_import_if_called,ux.callBuiltin,generic_implemented_surface,implemented,diagnostic_only,missing,diagnostic_only,diagnostic_only
builtin_functions,US,host_runtime_dispatch,host_import_if_called,ux.callBuiltin,generic_implemented_surface,partial,missing,missing,implemented,missing
builtin_functions,USING_STMT,host_runtime_dispatch,host_import_if_called,ux.callBuiltin,generic_implemented_surface,implemented,missing,missing,diagnostic_only,partial
builtin_functions,VAL,native_js_math,native_wasm_or_host,ux.math,math_builtin,implemented,diagnostic_only,diagnostic_only,implemented,implemented
builtin_functions,VARMAPPINGFINDINDEX,diagnostic_surface_entry,diagnostic_surface_entry,ux.diag,matrix_missing_or_doc_entry,missing,missing,missing,missing,missing
builtin_functions,VARMAPPINGFORMATRBPREF,diagnostic_surface_entry,diagnostic_surface_entry,ux.diag,matrix_missing_or_doc_entry,missing,missing,missing,missing,missing
builtin_functions,VARMAPPINGMAKEKEY,diagnostic_surface_entry,diagnostic_surface_entry,ux.diag,matrix_missing_or_doc_entry,missing,missing,missing,missing,missing
builtin_functions,VARMAPPINGTRYGETLOCALOFFSET,diagnostic_surface_entry,diagnostic_surface_entry,ux.diag,matrix_missing_or_doc_entry,missing,missing,missing,missing,missing
builtin_functions,VARPTR,host_runtime_dispatch,host_import_if_called,ux.callBuiltin,generic_implemented_surface,implemented,missing,missing,diagnostic_only,implemented
builtin_functions,VMEMINRANGE,diagnostic_surface_entry,diagnostic_surface_entry,ux.diag,matrix_missing_or_doc_entry,missing,missing,missing,partial,missing
builtin_functions,VMEMPEEKB,diagnostic_surface_entry,diagnostic_surface_entry,ux.diag,matrix_missing_or_doc_entry,missing,missing,missing,partial,implemented
builtin_functions,VOID,host_runtime_dispatch,host_import_if_called,ux.callBuiltin,generic_implemented_surface,implemented,missing,missing,partial,missing
builtin_functions,X64,diagnostic_surface_entry,diagnostic_surface_entry,ux.diag,matrix_missing_or_doc_entry,missing,missing,diagnostic_only,partial,implemented
builtin_functions,X64ALIGN16,diagnostic_surface_entry,diagnostic_surface_entry,ux.diag,matrix_missing_or_doc_entry,missing,missing,missing,missing,missing
builtin_functions,X64BUILDFIELDPATH,diagnostic_surface_entry,diagnostic_surface_entry,ux.diag,matrix_missing_or_doc_entry,missing,missing,missing,missing,missing
builtin_functions,X64BUILTINCALLSYMBOL,diagnostic_surface_entry,diagnostic_surface_entry,ux.diag,matrix_missing_or_doc_entry,missing,missing,missing,missing,missing
builtin_functions,X64CHILDAT,diagnostic_surface_entry,diagnostic_surface_entry,ux.diag,matrix_missing_or_doc_entry,missing,missing,missing,missing,missing
builtin_functions,X64CHILDCOUNT,diagnostic_surface_entry,diagnostic_surface_entry,ux.diag,matrix_missing_or_doc_entry,missing,missing,missing,missing,missing
builtin_functions,X64CLASSROUTINEHASBODY,diagnostic_surface_entry,diagnostic_surface_entry,ux.diag,matrix_missing_or_doc_entry,missing,missing,missing,missing,missing
builtin_functions,X64CLASSTYPEID,diagnostic_surface_entry,diagnostic_surface_entry,ux.diag,matrix_missing_or_doc_entry,missing,missing,missing,missing,missing
builtin_functions,X64CLASSVTABLELABEL,diagnostic_surface_entry,diagnostic_surface_entry,ux.diag,matrix_missing_or_doc_entry,missing,missing,missing,missing,missing
builtin_functions,X64CODEGENASSEMBLEOUTPUT,diagnostic_surface_entry,diagnostic_surface_entry,ux.diag,matrix_missing_or_doc_entry,missing,missing,missing,missing,missing
builtin_functions,X64COLLECTDLLCALLPLAN,diagnostic_surface_entry,diagnostic_surface_entry,ux.diag,matrix_missing_or_doc_entry,missing,missing,missing,missing,missing
builtin_functions,X64COMPACTBLANKLINES,diagnostic_surface_entry,diagnostic_surface_entry,ux.diag,matrix_missing_or_doc_entry,missing,missing,missing,missing,missing
builtin_functions,X64COMPUTEDIMSLOTCOUNT,diagnostic_surface_entry,diagnostic_surface_entry,ux.diag,matrix_missing_or_doc_entry,missing,missing,missing,missing,missing
builtin_functions,X64COUNTROUTINEPARAMS,diagnostic_surface_entry,diagnostic_surface_entry,ux.diag,matrix_missing_or_doc_entry,missing,missing,missing,missing,missing
builtin_functions,X64CREATECSTRINGCONSTANT,diagnostic_surface_entry,diagnostic_surface_entry,ux.diag,matrix_missing_or_doc_entry,missing,missing,missing,missing,missing
builtin_functions,X64CREATEFLOATCONSTANT,diagnostic_surface_entry,diagnostic_surface_entry,ux.diag,matrix_missing_or_doc_entry,missing,missing,missing,missing,missing
builtin_functions,X64CSTRINGDBBYTES,diagnostic_surface_entry,diagnostic_surface_entry,ux.diag,matrix_missing_or_doc_entry,missing,missing,missing,missing,missing
builtin_functions,X64DLLCALLARGSTARTPOS,diagnostic_surface_entry,diagnostic_surface_entry,ux.diag,matrix_missing_or_doc_entry,missing,missing,missing,missing,missing
builtin_functions,X64ELEMBYTESFORFLOATKIND,diagnostic_surface_entry,diagnostic_surface_entry,ux.diag,matrix_missing_or_doc_entry,missing,missing,missing,missing,missing
builtin_functions,X64EMITADDROFFIELDEXPR,diagnostic_surface_entry,diagnostic_surface_entry,ux.diag,matrix_missing_or_doc_entry,missing,missing,missing,missing,missing
builtin_functions,X64EMITADDROFINDEXEDGLOBAL,diagnostic_surface_entry,diagnostic_surface_entry,ux.diag,matrix_missing_or_doc_entry,missing,missing,missing,missing,missing
builtin_functions,X64EMITADDROFINDEXEDLOCAL,diagnostic_surface_entry,diagnostic_surface_entry,ux.diag,matrix_missing_or_doc_entry,missing,missing,missing,missing,missing
builtin_functions,X64EMITADDROFVAR,diagnostic_surface_entry,diagnostic_surface_entry,ux.diag,matrix_missing_or_doc_entry,missing,missing,missing,missing,missing
builtin_functions,X64EMITASSIGNSTMT,diagnostic_surface_entry,diagnostic_surface_entry,ux.diag,matrix_missing_or_doc_entry,missing,missing,missing,missing,missing
builtin_functions,X64EMITBLOCKSTMT,diagnostic_surface_entry,diagnostic_surface_entry,ux.diag,matrix_missing_or_doc_entry,missing,missing,missing,missing,missing
builtin_functions,X64EMITBUILTINCALL,diagnostic_surface_entry,diagnostic_surface_entry,ux.diag,matrix_missing_or_doc_entry,missing,missing,missing,missing,missing
builtin_functions,X64EMITCALLNODE,diagnostic_surface_entry,diagnostic_surface_entry,ux.diag,matrix_missing_or_doc_entry,missing,missing,missing,missing,missing
builtin_functions,X64EMITCALLNODESPECIAL,diagnostic_surface_entry,diagnostic_surface_entry,ux.diag,matrix_missing_or_doc_entry,missing,missing,missing,missing,missing
builtin_functions,X64EMITCALLNODETOXMM0,diagnostic_surface_entry,diagnostic_surface_entry,ux.diag,matrix_missing_or_doc_entry,missing,missing,missing,missing,missing
builtin_functions,X64EMITCALLNODETOXMM0AS,diagnostic_surface_entry,diagnostic_surface_entry,ux.diag,matrix_missing_or_doc_entry,missing,missing,missing,missing,missing
builtin_functions,X64EMITCALLSTMT,diagnostic_surface_entry,diagnostic_surface_entry,ux.diag,matrix_missing_or_doc_entry,missing,missing,missing,missing,missing
builtin_functions,X64EMITCLASSDECLMETADATA,diagnostic_surface_entry,diagnostic_surface_entry,ux.diag,matrix_missing_or_doc_entry,missing,missing,missing,missing,missing
builtin_functions,X64EMITCLASSROUTINENODE,diagnostic_surface_entry,diagnostic_surface_entry,ux.diag,matrix_missing_or_doc_entry,missing,missing,missing,missing,missing
builtin_functions,X64EMITCLASSVTABLE,diagnostic_surface_entry,diagnostic_surface_entry,ux.diag,matrix_missing_or_doc_entry,missing,missing,missing,missing,missing
builtin_functions,X64EMITCLOSESTMT,diagnostic_surface_entry,diagnostic_surface_entry,ux.diag,matrix_missing_or_doc_entry,missing,missing,missing,missing,missing
builtin_functions,X64EMITCLSSTMT,diagnostic_surface_entry,diagnostic_surface_entry,ux.diag,matrix_missing_or_doc_entry,missing,missing,missing,missing,missing
builtin_functions,X64EMITCOLORSTMT,diagnostic_surface_entry,diagnostic_surface_entry,ux.diag,matrix_missing_or_doc_entry,missing,missing,missing,missing,missing
builtin_functions,X64EMITCOMPOUNDASSIGN,diagnostic_surface_entry,diagnostic_surface_entry,ux.diag,matrix_missing_or_doc_entry,missing,missing,missing,missing,missing
builtin_functions,X64EMITCONSTSTMTMETADATA,diagnostic_surface_entry,diagnostic_surface_entry,ux.diag,matrix_missing_or_doc_entry,missing,missing,missing,missing,missing
builtin_functions,X64EMITDECLARATIONMETADATA,diagnostic_surface_entry,diagnostic_surface_entry,ux.diag,matrix_missing_or_doc_entry,missing,missing,missing,missing,missing
builtin_functions,X64EMITDELETESTMT,diagnostic_surface_entry,diagnostic_surface_entry,ux.diag,matrix_missing_or_doc_entry,missing,missing,missing,missing,missing
builtin_functions,X64EMITDIMSTMT,diagnostic_surface_entry,diagnostic_surface_entry,ux.diag,matrix_missing_or_doc_entry,missing,missing,missing,missing,missing
builtin_functions,X64EMITDLLCALLNODE,diagnostic_surface_entry,diagnostic_surface_entry,ux.diag,matrix_missing_or_doc_entry,missing,missing,missing,missing,missing
builtin_functions,X64EMITDOEACHSTMT,diagnostic_surface_entry,diagnostic_surface_entry,ux.diag,matrix_missing_or_doc_entry,missing,missing,missing,missing,missing
builtin_functions,X64EMITDOSTMT,diagnostic_surface_entry,diagnostic_surface_entry,ux.diag,matrix_missing_or_doc_entry,missing,missing,missing,missing,missing
builtin_functions,X64EMITEXITSTMT,diagnostic_surface_entry,diagnostic_surface_entry,ux.diag,matrix_missing_or_doc_entry,missing,missing,missing,missing,missing
builtin_functions,X64EMITEXPRSTMT,diagnostic_surface_entry,diagnostic_surface_entry,ux.diag,matrix_missing_or_doc_entry,missing,missing,missing,missing,missing
builtin_functions,X64EMITEXPRTORAX,diagnostic_surface_entry,diagnostic_surface_entry,ux.diag,matrix_missing_or_doc_entry,missing,missing,missing,missing,missing
builtin_functions,X64EMITEXPRTOXMM0,diagnostic_surface_entry,diagnostic_surface_entry,ux.diag,matrix_missing_or_doc_entry,missing,missing,missing,missing,missing
builtin_functions,X64EMITEXPRTOXMM0AS,diagnostic_surface_entry,diagnostic_surface_entry,ux.diag,matrix_missing_or_doc_entry,missing,missing,missing,missing,missing
builtin_functions,X64EMITEXTFPADDROFEXPRTORAX,diagnostic_surface_entry,diagnostic_surface_entry,ux.diag,matrix_missing_or_doc_entry,missing,missing,missing,missing,missing
builtin_functions,X64EMITEXTFPASSIGNSTMTCORE,diagnostic_surface_entry,diagnostic_surface_entry,ux.diag,matrix_missing_or_doc_entry,missing,missing,missing,missing,missing
builtin_functions,X64EMITEXTFPASSIGNTOPREPAREDADDRESS,diagnostic_surface_entry,diagnostic_surface_entry,ux.diag,matrix_missing_or_doc_entry,missing,missing,missing,missing,missing
builtin_functions,X64EMITEXTFPPRINTEXPR,diagnostic_surface_entry,diagnostic_surface_entry,ux.diag,matrix_missing_or_doc_entry,missing,missing,missing,missing,missing
builtin_functions,X64EMITEXTFPSTORELITERALTOADDRESS,diagnostic_surface_entry,diagnostic_surface_entry,ux.diag,matrix_missing_or_doc_entry,missing,missing,missing,missing,missing
builtin_functions,X64EMITFIELDROOTADDRESS,diagnostic_surface_entry,diagnostic_surface_entry,ux.diag,matrix_missing_or_doc_entry,missing,missing,missing,missing,missing
builtin_functions,X64EMITFLOATBINARYAS,diagnostic_surface_entry,diagnostic_surface_entry,ux.diag,matrix_missing_or_doc_entry,missing,missing,missing,missing,missing
builtin_functions,X64EMITFOREACHSTMT,diagnostic_surface_entry,diagnostic_surface_entry,ux.diag,matrix_missing_or_doc_entry,missing,missing,missing,missing,missing
builtin_functions,X64EMITFORSTMT,diagnostic_surface_entry,diagnostic_surface_entry,ux.diag,matrix_missing_or_doc_entry,missing,missing,missing,missing,missing
builtin_functions,X64EMITFUNCTIONSTMT,diagnostic_surface_entry,diagnostic_surface_entry,ux.diag,matrix_missing_or_doc_entry,missing,missing,missing,missing,missing
builtin_functions,X64EMITGETSTMT,diagnostic_surface_entry,diagnostic_surface_entry,ux.diag,matrix_missing_or_doc_entry,missing,missing,missing,missing,missing
builtin_functions,X64EMITGOSUBSTMT,diagnostic_surface_entry,diagnostic_surface_entry,ux.diag,matrix_missing_or_doc_entry,missing,missing,missing,missing,missing
builtin_functions,X64EMITGOTOSTMT,diagnostic_surface_entry,diagnostic_surface_entry,ux.diag,matrix_missing_or_doc_entry,missing,missing,missing,missing,missing
builtin_functions,X64EMITIFSTMT,diagnostic_surface_entry,diagnostic_surface_entry,ux.diag,matrix_missing_or_doc_entry,missing,missing,missing,missing,missing
builtin_functions,X64EMITINCDECSTMT,diagnostic_surface_entry,diagnostic_surface_entry,ux.diag,matrix_missing_or_doc_entry,missing,missing,missing,missing,missing
builtin_functions,X64EMITINPUTFILESTMT,diagnostic_surface_entry,diagnostic_surface_entry,ux.diag,matrix_missing_or_doc_entry,missing,missing,missing,missing,missing
builtin_functions,X64EMITINPUTSTMT,diagnostic_surface_entry,diagnostic_surface_entry,ux.diag,matrix_missing_or_doc_entry,missing,missing,missing,missing,missing
builtin_functions,X64EMITLABELSTMT,diagnostic_surface_entry,diagnostic_surface_entry,ux.diag,matrix_missing_or_doc_entry,missing,missing,missing,missing,missing
builtin_functions,X64EMITLOADFIELDEXPR,diagnostic_surface_entry,diagnostic_surface_entry,ux.diag,matrix_missing_or_doc_entry,missing,missing,missing,missing,missing
builtin_functions,X64EMITLOADFLOATVARTOXMM0,diagnostic_surface_entry,diagnostic_surface_entry,ux.diag,matrix_missing_or_doc_entry,missing,missing,missing,missing,missing
builtin_functions,X64EMITLOADFLOATVARTOXMM0AS,diagnostic_surface_entry,diagnostic_surface_entry,ux.diag,matrix_missing_or_doc_entry,missing,missing,missing,missing,missing
builtin_functions,X64EMITLOADINDEXEDGLOBAL,diagnostic_surface_entry,diagnostic_surface_entry,ux.diag,matrix_missing_or_doc_entry,missing,missing,missing,missing,missing
builtin_functions,X64EMITLOADINDEXEDGLOBALXMM,diagnostic_surface_entry,diagnostic_surface_entry,ux.diag,matrix_missing_or_doc_entry,missing,missing,missing,missing,missing
builtin_functions,X64EMITLOADINDEXEDLOCAL,diagnostic_surface_entry,diagnostic_surface_entry,ux.diag,matrix_missing_or_doc_entry,missing,missing,missing,missing,missing
builtin_functions,X64EMITLOADINDEXEDLOCALXMM,diagnostic_surface_entry,diagnostic_surface_entry,ux.diag,matrix_missing_or_doc_entry,missing,missing,missing,missing,missing
builtin_functions,X64EMITLOCATESTMT,diagnostic_surface_entry,diagnostic_surface_entry,ux.diag,matrix_missing_or_doc_entry,missing,missing,missing,missing,missing
builtin_functions,X64EMITMEMCOPYSTMT,diagnostic_surface_entry,diagnostic_surface_entry,ux.diag,matrix_missing_or_doc_entry,missing,missing,missing,missing,missing
builtin_functions,X64EMITMEMFILLSTMT,diagnostic_surface_entry,diagnostic_surface_entry,ux.diag,matrix_missing_or_doc_entry,missing,missing,missing,missing,missing
builtin_functions,X64EMITNEWEXPR,diagnostic_surface_entry,diagnostic_surface_entry,ux.diag,matrix_missing_or_doc_entry,missing,missing,missing,missing,missing
builtin_functions,X64EMITNEXTSTMT,diagnostic_surface_entry,diagnostic_surface_entry,ux.diag,matrix_missing_or_doc_entry,missing,missing,missing,missing,missing
builtin_functions,X64EMITNODE,diagnostic_surface_entry,diagnostic_surface_entry,ux.diag,matrix_missing_or_doc_entry,missing,missing,missing,missing,missing
builtin_functions,X64EMITOPENSTMT,diagnostic_surface_entry,diagnostic_surface_entry,ux.diag,matrix_missing_or_doc_entry,missing,missing,missing,missing,missing
builtin_functions,X64EMITPIPEINVOKE,diagnostic_surface_entry,diagnostic_surface_entry,ux.diag,matrix_missing_or_doc_entry,missing,missing,missing,missing,missing
builtin_functions,X64EMITPOKESSTMT,diagnostic_surface_entry,diagnostic_surface_entry,ux.diag,matrix_missing_or_doc_entry,missing,missing,missing,missing,missing
builtin_functions,X64EMITPOKESTMT,diagnostic_surface_entry,diagnostic_surface_entry,ux.diag,matrix_missing_or_doc_entry,missing,missing,missing,missing,missing
builtin_functions,X64EMITPRINTSTMT,diagnostic_surface_entry,diagnostic_surface_entry,ux.diag,matrix_missing_or_doc_entry,missing,missing,missing,missing,missing
builtin_functions,X64EMITPROGRAM,diagnostic_surface_entry,diagnostic_surface_entry,ux.diag,matrix_missing_or_doc_entry,missing,missing,missing,missing,missing
builtin_functions,X64EMITPUTSTMT,diagnostic_surface_entry,diagnostic_surface_entry,ux.diag,matrix_missing_or_doc_entry,missing,missing,missing,missing,missing
builtin_functions,X64EMITRANDOMIZESTMT,diagnostic_surface_entry,diagnostic_surface_entry,ux.diag,matrix_missing_or_doc_entry,missing,missing,missing,missing,missing
builtin_functions,X64EMITRETURNSTMT,diagnostic_surface_entry,diagnostic_surface_entry,ux.diag,matrix_missing_or_doc_entry,missing,missing,missing,missing,missing
builtin_functions,X64EMITROUTINECALL,diagnostic_surface_entry,diagnostic_surface_entry,ux.diag,matrix_missing_or_doc_entry,missing,missing,missing,missing,missing
builtin_functions,X64EMITRUNTIMEINSTANCEOFSUPPORT,diagnostic_surface_entry,diagnostic_surface_entry,ux.diag,matrix_missing_or_doc_entry,missing,missing,missing,missing,missing
builtin_functions,X64EMITSEEKSTMT,diagnostic_surface_entry,diagnostic_surface_entry,ux.diag,matrix_missing_or_doc_entry,missing,missing,missing,missing,missing
builtin_functions,X64EMITSELECTSTMT,diagnostic_surface_entry,diagnostic_surface_entry,ux.diag,matrix_missing_or_doc_entry,missing,missing,missing,missing,missing
builtin_functions,X64EMITSETNEWOFFSETSTMT,diagnostic_surface_entry,diagnostic_surface_entry,ux.diag,matrix_missing_or_doc_entry,missing,missing,missing,missing,missing
builtin_functions,X64EMITSLOTLANEBODYROUTINE,diagnostic_surface_entry,diagnostic_surface_entry,ux.diag,matrix_missing_or_doc_entry,missing,missing,missing,missing,missing
builtin_functions,X64EMITSLOTLANEROUTINES,diagnostic_surface_entry,diagnostic_surface_entry,ux.diag,matrix_missing_or_doc_entry,missing,missing,missing,missing,missing
builtin_functions,X64EMITSLOTLANESTMT,diagnostic_surface_entry,diagnostic_surface_entry,ux.diag,matrix_missing_or_doc_entry,missing,missing,missing,missing,missing
builtin_functions,X64EMITSLOTLANESTMTCORE,diagnostic_surface_entry,diagnostic_surface_entry,ux.diag,matrix_missing_or_doc_entry,missing,missing,missing,missing,missing
builtin_functions,X64EMITSTOREF80LITERALVAR,diagnostic_surface_entry,diagnostic_surface_entry,ux.diag,matrix_missing_or_doc_entry,missing,missing,missing,missing,missing
builtin_functions,X64EMITSTOREFIELDEXPR,diagnostic_surface_entry,diagnostic_surface_entry,ux.diag,matrix_missing_or_doc_entry,missing,missing,missing,missing,missing
builtin_functions,X64EMITSTOREFIELDFROMRHS,diagnostic_surface_entry,diagnostic_surface_entry,ux.diag,matrix_missing_or_doc_entry,missing,missing,missing,missing,missing
builtin_functions,X64EMITSTOREFIELDFROMXMM0,diagnostic_surface_entry,diagnostic_surface_entry,ux.diag,matrix_missing_or_doc_entry,missing,missing,missing,missing,missing
builtin_functions,X64EMITSTOREINDEXEDGLOBAL,diagnostic_surface_entry,diagnostic_surface_entry,ux.diag,matrix_missing_or_doc_entry,missing,missing,missing,missing,missing
builtin_functions,X64EMITSTOREINDEXEDGLOBALF80LITERAL,diagnostic_surface_entry,diagnostic_surface_entry,ux.diag,matrix_missing_or_doc_entry,missing,missing,missing,missing,missing
builtin_functions,X64EMITSTOREINDEXEDGLOBALXMM,diagnostic_surface_entry,diagnostic_surface_entry,ux.diag,matrix_missing_or_doc_entry,missing,missing,missing,missing,missing
builtin_functions,X64EMITSTOREINDEXEDLOCAL,diagnostic_surface_entry,diagnostic_surface_entry,ux.diag,matrix_missing_or_doc_entry,missing,missing,missing,missing,missing
builtin_functions,X64EMITSTOREINDEXEDLOCALF80LITERAL,diagnostic_surface_entry,diagnostic_surface_entry,ux.diag,matrix_missing_or_doc_entry,missing,missing,missing,missing,missing
builtin_functions,X64EMITSTOREINDEXEDLOCALXMM,diagnostic_surface_entry,diagnostic_surface_entry,ux.diag,matrix_missing_or_doc_entry,missing,missing,missing,missing,missing
builtin_functions,X64EMITSTOREINTEGERFIELDEXPR,diagnostic_surface_entry,diagnostic_surface_entry,ux.diag,matrix_missing_or_doc_entry,missing,missing,missing,missing,missing
builtin_functions,X64EMITSTOREXMM0TOFLOATVARAS,diagnostic_surface_entry,diagnostic_surface_entry,ux.diag,matrix_missing_or_doc_entry,missing,missing,missing,missing,missing
builtin_functions,X64EMITSUBSTMT,diagnostic_surface_entry,diagnostic_surface_entry,ux.diag,matrix_missing_or_doc_entry,missing,missing,missing,missing,missing
builtin_functions,X64EMITTYPEDECLMETADATA,diagnostic_surface_entry,diagnostic_surface_entry,ux.diag,matrix_missing_or_doc_entry,missing,missing,missing,missing,missing
builtin_functions,X64EMITUNKNOWNNODE,diagnostic_surface_entry,diagnostic_surface_entry,ux.diag,matrix_missing_or_doc_entry,missing,missing,missing,missing,missing
builtin_functions,X64ENSUREGLOBALSYMBOL,diagnostic_surface_entry,diagnostic_surface_entry,ux.diag,matrix_missing_or_doc_entry,missing,missing,missing,missing,missing
builtin_functions,X64ENSURELOCALSLOT,diagnostic_surface_entry,diagnostic_surface_entry,ux.diag,matrix_missing_or_doc_entry,missing,missing,missing,missing,missing
builtin_functions,X64ENSURESYMBOL,diagnostic_surface_entry,diagnostic_surface_entry,ux.diag,matrix_missing_or_doc_entry,missing,missing,missing,missing,missing
builtin_functions,X64ENSUREVAR,diagnostic_surface_entry,diagnostic_surface_entry,ux.diag,matrix_missing_or_doc_entry,missing,missing,missing,missing,missing
builtin_functions,X64EXPRRETURNSSTRING,diagnostic_surface_entry,diagnostic_surface_entry,ux.diag,matrix_missing_or_doc_entry,missing,missing,missing,missing,missing
builtin_functions,X64EXTFPSTRIDEBYTES,diagnostic_surface_entry,diagnostic_surface_entry,ux.diag,matrix_missing_or_doc_entry,missing,missing,missing,missing,missing
builtin_functions,X64EXTRACTPROPERTYTYPE,diagnostic_surface_entry,diagnostic_surface_entry,ux.diag,matrix_missing_or_doc_entry,missing,missing,missing,missing,missing
builtin_functions,X64EXTRACTROUTINERETURNTYPE,diagnostic_surface_entry,diagnostic_surface_entry,ux.diag,matrix_missing_or_doc_entry,missing,missing,missing,missing,missing
builtin_functions,X64EXTRACTTYPENAMEFROMNODE,diagnostic_surface_entry,diagnostic_surface_entry,ux.diag,matrix_missing_or_doc_entry,missing,missing,missing,missing,missing
builtin_functions,X64FFIARGCOUNTAT,diagnostic_surface_entry,diagnostic_surface_entry,ux.diag,matrix_missing_or_doc_entry,missing,missing,missing,missing,missing
builtin_functions,X64FIELDNODETYPENAME,diagnostic_surface_entry,diagnostic_surface_entry,ux.diag,matrix_missing_or_doc_entry,missing,missing,missing,missing,missing
builtin_functions,X64FIELDPATHREADIDENT,diagnostic_surface_entry,diagnostic_surface_entry,ux.diag,matrix_missing_or_doc_entry,missing,missing,missing,missing,missing
builtin_functions,X64FIELDPATHSKIPINDEXES,diagnostic_surface_entry,diagnostic_surface_entry,ux.diag,matrix_missing_or_doc_entry,missing,missing,missing,missing,missing
builtin_functions,X64FINDCHILDBYKIND,diagnostic_surface_entry,diagnostic_surface_entry,ux.diag,matrix_missing_or_doc_entry,missing,missing,missing,missing,missing
builtin_functions,X64FINDCLASSDECLNODE,diagnostic_surface_entry,diagnostic_surface_entry,ux.diag,matrix_missing_or_doc_entry,missing,missing,missing,missing,missing
builtin_functions,X64FINDCLASSMEMBERNODE,diagnostic_surface_entry,diagnostic_surface_entry,ux.diag,matrix_missing_or_doc_entry,missing,missing,missing,missing,missing
builtin_functions,X64FINDCLASSMETHODDECLNODE,diagnostic_surface_entry,diagnostic_surface_entry,ux.diag,matrix_missing_or_doc_entry,missing,missing,missing,missing,missing
builtin_functions,X64FINDCLASSOPERATORDECLNODE,diagnostic_surface_entry,diagnostic_surface_entry,ux.diag,matrix_missing_or_doc_entry,missing,missing,missing,missing,missing
builtin_functions,X64FINDDECLAREDTYPENAME,diagnostic_surface_entry,diagnostic_surface_entry,ux.diag,matrix_missing_or_doc_entry,missing,missing,missing,missing,missing
builtin_functions,X64FINDGLOBALSYMBOL,diagnostic_surface_entry,diagnostic_surface_entry,ux.diag,matrix_missing_or_doc_entry,missing,missing,missing,missing,missing
builtin_functions,X64FINDLOCAL,diagnostic_surface_entry,diagnostic_surface_entry,ux.diag,matrix_missing_or_doc_entry,missing,missing,missing,missing,missing
builtin_functions,X64FINDMETHODSLOTGLOBAL,diagnostic_surface_entry,diagnostic_surface_entry,ux.diag,matrix_missing_or_doc_entry,missing,missing,missing,missing,missing
builtin_functions,X64FINDOWNINGCLASSNAME,diagnostic_surface_entry,diagnostic_surface_entry,ux.diag,matrix_missing_or_doc_entry,missing,missing,missing,missing,missing
builtin_functions,X64FINDPROPERTYACCESSORBODY,diagnostic_surface_entry,diagnostic_surface_entry,ux.diag,matrix_missing_or_doc_entry,missing,missing,missing,missing,missing
builtin_functions,X64FINDROUTINE,diagnostic_surface_entry,diagnostic_surface_entry,ux.diag,matrix_missing_or_doc_entry,missing,missing,missing,missing,missing
builtin_functions,X64FINDROUTINESYMBOLNAME,diagnostic_surface_entry,diagnostic_surface_entry,ux.diag,matrix_missing_or_doc_entry,missing,missing,missing,missing,missing
builtin_functions,X64FINDSYMBOL,diagnostic_surface_entry,diagnostic_surface_entry,ux.diag,matrix_missing_or_doc_entry,missing,missing,missing,missing,missing
builtin_functions,X64FINDVTABLESLOT,diagnostic_surface_entry,diagnostic_surface_entry,ux.diag,matrix_missing_or_doc_entry,missing,missing,missing,missing,missing
builtin_functions,X64FLOATKINDTOEXTFPTYPENAME,diagnostic_surface_entry,diagnostic_surface_entry,ux.diag,matrix_missing_or_doc_entry,missing,missing,missing,missing,missing
builtin_functions,X64FORMATRBPREF,diagnostic_surface_entry,diagnostic_surface_entry,ux.diag,matrix_missing_or_doc_entry,missing,missing,missing,missing,missing
builtin_functions,X64GETCLASSBASETYPENAME,diagnostic_surface_entry,diagnostic_surface_entry,ux.diag,matrix_missing_or_doc_entry,missing,missing,missing,missing,missing
builtin_functions,X64GETELEMBYTESFORDECLAREDTYPE,diagnostic_surface_entry,diagnostic_surface_entry,ux.diag,matrix_missing_or_doc_entry,missing,missing,missing,missing,missing
builtin_functions,X64GETELEMBYTESFORTYPE,diagnostic_surface_entry,diagnostic_surface_entry,ux.diag,matrix_missing_or_doc_entry,missing,missing,missing,missing,missing
builtin_functions,X64HASTOPLEVELGLOBALDECL,diagnostic_surface_entry,diagnostic_surface_entry,ux.diag,matrix_missing_or_doc_entry,missing,missing,missing,missing,missing
builtin_functions,X64INFERELEMBYTESFORNAME,diagnostic_surface_entry,diagnostic_surface_entry,ux.diag,matrix_missing_or_doc_entry,missing,missing,missing,missing,missing
builtin_functions,X64INFERFLOATKINDOFEXPR,diagnostic_surface_entry,diagnostic_surface_entry,ux.diag,matrix_missing_or_doc_entry,missing,missing,missing,missing,missing
builtin_functions,X64INFERROUTINERECEIVERCLASS,diagnostic_surface_entry,diagnostic_surface_entry,ux.diag,matrix_missing_or_doc_entry,missing,missing,missing,missing,missing
builtin_functions,X64ISDLLCALLNODE,diagnostic_surface_entry,diagnostic_surface_entry,ux.diag,matrix_missing_or_doc_entry,missing,missing,missing,missing,missing
builtin_functions,X64ISEXTFPKIND,diagnostic_surface_entry,diagnostic_surface_entry,ux.diag,matrix_missing_or_doc_entry,missing,missing,missing,missing,missing
builtin_functions,X64ISFLOATKIND,diagnostic_surface_entry,diagnostic_surface_entry,ux.diag,matrix_missing_or_doc_entry,missing,missing,missing,missing,missing
builtin_functions,X64ISSTMTKIND,diagnostic_surface_entry,diagnostic_surface_entry,ux.diag,matrix_missing_or_doc_entry,missing,missing,missing,missing,missing
builtin_functions,X64ISSTMTLIKENODE,diagnostic_surface_entry,diagnostic_surface_entry,ux.diag,matrix_missing_or_doc_entry,missing,missing,missing,missing,missing
builtin_functions,X64MAKESCOPEDKEY,diagnostic_surface_entry,diagnostic_surface_entry,ux.diag,matrix_missing_or_doc_entry,missing,missing,missing,missing,missing
builtin_functions,X64MODECODEFROMTEXT,diagnostic_surface_entry,diagnostic_surface_entry,ux.diag,matrix_missing_or_doc_entry,missing,missing,missing,missing,missing
builtin_functions,X64NEXTLABEL,diagnostic_surface_entry,diagnostic_surface_entry,ux.diag,matrix_missing_or_doc_entry,missing,missing,missing,missing,missing
builtin_functions,X64NODEHASRETURNTYPE,diagnostic_surface_entry,diagnostic_surface_entry,ux.diag,matrix_missing_or_doc_entry,missing,missing,missing,missing,missing
builtin_functions,X64NORMALIZEDATALINE,diagnostic_surface_entry,diagnostic_surface_entry,ux.diag,matrix_missing_or_doc_entry,missing,missing,missing,missing,missing
builtin_functions,X64NORMALIZETEXTLINE,diagnostic_surface_entry,diagnostic_surface_entry,ux.diag,matrix_missing_or_doc_entry,missing,missing,missing,missing,missing
builtin_functions,X64OPERATORTOKENTOROUTINESUFFIX,diagnostic_surface_entry,diagnostic_surface_entry,ux.diag,matrix_missing_or_doc_entry,missing,missing,missing,missing,missing
builtin_functions,X64REGISTERCLASSVTABLE,diagnostic_surface_entry,diagnostic_surface_entry,ux.diag,matrix_missing_or_doc_entry,missing,missing,missing,missing,missing
builtin_functions,X64RESOLVECLASSROUTINENAME,diagnostic_surface_entry,diagnostic_surface_entry,ux.diag,matrix_missing_or_doc_entry,missing,missing,missing,missing,missing
builtin_functions,X64RESOLVECURRENTRECEIVERCLASS,diagnostic_surface_entry,diagnostic_surface_entry,ux.diag,matrix_missing_or_doc_entry,missing,missing,missing,missing,missing
builtin_functions,X64RESOLVEFIELDINFO,diagnostic_surface_entry,diagnostic_surface_entry,ux.diag,matrix_missing_or_doc_entry,missing,missing,missing,missing,missing
builtin_functions,X64RESOLVEMETHODOWNERTYPE,diagnostic_surface_entry,diagnostic_surface_entry,ux.diag,matrix_missing_or_doc_entry,missing,missing,missing,missing,missing
builtin_functions,X64RESOLVEOPERATOROWNERTYPE,diagnostic_surface_entry,diagnostic_surface_entry,ux.diag,matrix_missing_or_doc_entry,missing,missing,missing,missing,missing
builtin_functions,X64RESOLVEPROPERTYACCESSORROUTINE,diagnostic_surface_entry,diagnostic_surface_entry,ux.diag,matrix_missing_or_doc_entry,missing,missing,missing,missing,missing
builtin_functions,X64SANITIZESYMBOL,diagnostic_surface_entry,diagnostic_surface_entry,ux.diag,matrix_missing_or_doc_entry,missing,missing,missing,missing,missing
builtin_functions,X64SCOPEDLABELSYMBOL,diagnostic_surface_entry,diagnostic_surface_entry,ux.diag,matrix_missing_or_doc_entry,missing,missing,missing,missing,missing
builtin_functions,X64SLOTACTIVESYMBOLNAME,diagnostic_surface_entry,diagnostic_surface_entry,ux.diag,matrix_missing_or_doc_entry,missing,missing,missing,missing,missing
builtin_functions,X64SLOTCAPSYMBOLNAME,diagnostic_surface_entry,diagnostic_surface_entry,ux.diag,matrix_missing_or_doc_entry,missing,missing,missing,missing,missing
builtin_functions,X64SLOTCOUNTSYMBOLNAME,diagnostic_surface_entry,diagnostic_surface_entry,ux.diag,matrix_missing_or_doc_entry,missing,missing,missing,missing,missing
builtin_functions,X64SLOTLANEKINDFROMNODEKIND,diagnostic_surface_entry,diagnostic_surface_entry,ux.diag,matrix_missing_or_doc_entry,missing,missing,missing,missing,missing
builtin_functions,X64SLOTNODEKINDFROMLANEKIND,diagnostic_surface_entry,diagnostic_surface_entry,ux.diag,matrix_missing_or_doc_entry,missing,missing,missing,missing,missing
builtin_functions,X64SLOTRESOLVEDECLNODE,diagnostic_surface_entry,diagnostic_surface_entry,ux.diag,matrix_missing_or_doc_entry,missing,missing,missing,missing,missing
builtin_functions,X64SLOTROUTINELABELFORNODE,diagnostic_surface_entry,diagnostic_surface_entry,ux.diag,matrix_missing_or_doc_entry,missing,missing,missing,missing,missing
builtin_functions,X64SLOTTRYCONSTHEADERID,diagnostic_surface_entry,diagnostic_surface_entry,ux.diag,matrix_missing_or_doc_entry,missing,missing,missing,missing,missing
builtin_functions,X64SPLITMETHODCALLNAME,diagnostic_surface_entry,diagnostic_surface_entry,ux.diag,matrix_missing_or_doc_entry,missing,missing,missing,missing,missing
builtin_functions,X64TOSTR,diagnostic_surface_entry,diagnostic_surface_entry,ux.diag,matrix_missing_or_doc_entry,missing,missing,missing,missing,missing
builtin_functions,X64TRYCONSTINTEXPR,diagnostic_surface_entry,diagnostic_surface_entry,ux.diag,matrix_missing_or_doc_entry,missing,missing,missing,missing,missing
builtin_functions,X64TRYEMITPROPERTYACCESSORLOAD,diagnostic_surface_entry,diagnostic_surface_entry,ux.diag,matrix_missing_or_doc_entry,missing,missing,missing,missing,missing
builtin_functions,X64TRYEMITPROPERTYACCESSORSTOREFROMVALUE,diagnostic_surface_entry,diagnostic_surface_entry,ux.diag,matrix_missing_or_doc_entry,missing,missing,missing,missing,missing
builtin_functions,X64TRYEXTRACTINDEXEDTARGET,diagnostic_surface_entry,diagnostic_surface_entry,ux.diag,matrix_missing_or_doc_entry,missing,missing,missing,missing,missing
builtin_functions,X64TRYFINDGLOBALINFO,diagnostic_surface_entry,diagnostic_surface_entry,ux.diag,matrix_missing_or_doc_entry,missing,missing,missing,missing,missing
builtin_functions,X64TRYFINDLOCALINFO,diagnostic_surface_entry,diagnostic_surface_entry,ux.diag,matrix_missing_or_doc_entry,missing,missing,missing,missing,missing
builtin_functions,X64TRYFINDLOCALOFFSET,diagnostic_surface_entry,diagnostic_surface_entry,ux.diag,matrix_missing_or_doc_entry,missing,missing,missing,missing,missing
builtin_functions,X64TRYFINDSYMBOLLABEL,diagnostic_surface_entry,diagnostic_surface_entry,ux.diag,matrix_missing_or_doc_entry,missing,missing,missing,missing,missing
builtin_functions,X64TRYFINDTOPLEVELCONSTDECL,diagnostic_surface_entry,diagnostic_surface_entry,ux.diag,matrix_missing_or_doc_entry,missing,missing,missing,missing,missing
builtin_functions,X64TRYGETGLOBALELEMBYTES,diagnostic_surface_entry,diagnostic_surface_entry,ux.diag,matrix_missing_or_doc_entry,missing,missing,missing,missing,missing
builtin_functions,X64TRYGETLOCALELEMBYTES,diagnostic_surface_entry,diagnostic_surface_entry,ux.diag,matrix_missing_or_doc_entry,missing,missing,missing,missing,missing
builtin_functions,X64TRYGETNUMBERLITERAL,diagnostic_surface_entry,diagnostic_surface_entry,ux.diag,matrix_missing_or_doc_entry,missing,missing,missing,missing,missing
builtin_functions,X64TRYGETROUTINERETURNTYPE,diagnostic_surface_entry,diagnostic_surface_entry,ux.diag,matrix_missing_or_doc_entry,missing,missing,missing,missing,missing
builtin_functions,X64TRYGETROUTINESIGNATURE,diagnostic_surface_entry,diagnostic_surface_entry,ux.diag,matrix_missing_or_doc_entry,missing,missing,missing,missing,missing
builtin_functions,X64TRYGETVARTYPE,diagnostic_surface_entry,diagnostic_surface_entry,ux.diag,matrix_missing_or_doc_entry,missing,missing,missing,missing,missing
builtin_functions,X64TRYPARSEINTEGER,diagnostic_surface_entry,diagnostic_surface_entry,ux.diag,matrix_missing_or_doc_entry,missing,missing,missing,missing,missing
builtin_functions,X64TRYRESOLVECALLRETURNTYPE,diagnostic_surface_entry,diagnostic_surface_entry,ux.diag,matrix_missing_or_doc_entry,missing,missing,missing,missing,missing
builtin_functions,X64TRYRESOLVECONSTINT,diagnostic_surface_entry,diagnostic_surface_entry,ux.diag,matrix_missing_or_doc_entry,missing,missing,missing,missing,missing
builtin_functions,X64TRYRESOLVECONSTINTEXPR,diagnostic_surface_entry,diagnostic_surface_entry,ux.diag,matrix_missing_or_doc_entry,missing,missing,missing,missing,missing
builtin_functions,X64TYPETOFLOATKIND,diagnostic_surface_entry,diagnostic_surface_entry,ux.diag,matrix_missing_or_doc_entry,missing,missing,missing,missing,missing
builtin_functions,X64UPPER,diagnostic_surface_entry,diagnostic_surface_entry,ux.diag,matrix_missing_or_doc_entry,missing,missing,missing,missing,missing
builtin_functions,X64VARTYPEKEY,diagnostic_surface_entry,diagnostic_surface_entry,ux.diag,matrix_missing_or_doc_entry,missing,missing,missing,missing,missing
builtin_functions,X86,diagnostic_surface_entry,diagnostic_surface_entry,ux.diag,matrix_missing_or_doc_entry,missing,missing,missing,partial,implemented
builtin_functions,X86ISIDENTASCII,diagnostic_surface_entry,diagnostic_surface_entry,ux.diag,matrix_missing_or_doc_entry,missing,missing,missing,missing,missing
builtin_functions,X86REPLACEALL,diagnostic_surface_entry,diagnostic_surface_entry,ux.diag,matrix_missing_or_doc_entry,missing,missing,missing,missing,missing
builtin_functions,X86REPLACETOKEN,diagnostic_surface_entry,diagnostic_surface_entry,ux.diag,matrix_missing_or_doc_entry,missing,missing,missing,missing,missing
builtin_functions,X86REWRITEFROMX64,diagnostic_surface_entry,diagnostic_surface_entry,ux.diag,matrix_missing_or_doc_entry,missing,missing,missing,missing,missing
builtin_functions,XOR,host_runtime_dispatch,host_import_if_called,ux.callBuiltin,generic_implemented_surface,implemented,partial,diagnostic_only,diagnostic_only,implemented
builtin_functions,YEAR,host_runtime_dispatch,host_import_if_called,ux.callBuiltin,generic_implemented_surface,partial,missing,missing,implemented,missing
console_io,CLS,browser_host,host_import,ux.console,browser_io,implemented,diagnostic_only,diagnostic_only,partial,implemented
console_io,COLOR,browser_host,host_import,ux.console,browser_io,implemented,diagnostic_only,diagnostic_only,implemented,implemented
console_io,INPUT,browser_host,host_import,ux.console,browser_io,implemented,diagnostic_only,diagnostic_only,implemented,implemented
console_io,LOCATE,browser_host,host_import,ux.console,browser_io,implemented,diagnostic_only,diagnostic_only,implemented,implemented
console_io,PRINT,browser_host,host_import,ux.console,browser_io,implemented,diagnostic_only,diagnostic_only,implemented,implemented
data_structures,ARRAY,js_runtime_structure,host_or_linear_memory,ux.collections,data_structure,implemented,partial,diagnostic_only,implemented,implemented
data_structures,CLASS,js_runtime_structure,host_or_linear_memory,ux.collections,data_structure,implemented,diagnostic_only,missing,diagnostic_only,implemented
data_structures,DICT,js_runtime_structure,host_or_linear_memory,ux.collections,data_structure,implemented,missing,missing,implemented,implemented
data_structures,INTERFACE,js_runtime_structure,host_or_linear_memory,ux.collections,data_structure,implemented,missing,missing,missing,implemented
data_structures,LIST,js_runtime_structure,host_or_linear_memory,ux.collections,data_structure,implemented,missing,missing,implemented,implemented
data_structures,SET,js_runtime_structure,host_or_linear_memory,ux.collections,data_structure,implemented,diagnostic_only,diagnostic_only,implemented,implemented
data_structures,TYPE,js_runtime_structure,host_or_linear_memory,ux.collections,data_structure,implemented,partial,missing,implemented,implemented
error_flow,CATCH,js_exception_model,host_or_exception_proposal,ux.errors,error_flow,implemented,missing,diagnostic_only,missing,implemented
error_flow,DIAGNOSTIC,js_exception_model,host_or_exception_proposal,ux.errors,error_flow,missing,missing,diagnostic_only,missing,diagnostic_only
error_flow,ON ERROR,js_exception_model,host_or_exception_proposal,ux.errors,error_flow,missing,missing,missing,implemented,missing
error_flow,THROW,js_exception_model,host_or_exception_proposal,ux.errors,error_flow,implemented,diagnostic_only,diagnostic_only,partial,implemented
error_flow,TRY,js_exception_model,host_or_exception_proposal,ux.errors,error_flow,implemented,missing,diagnostic_only,implemented,implemented
event_thread_pipe_slot,EVENT,async_host_runtime,host_import,ux.events,async_browser_runtime,implemented,missing,diagnostic_only,implemented,implemented
event_thread_pipe_slot,MUTEX,async_host_runtime,host_import,ux.events,async_browser_runtime,missing,missing,missing,missing,missing
event_thread_pipe_slot,PIPE,async_host_runtime,host_import,ux.events,async_browser_runtime,implemented,diagnostic_only,diagnostic_only,partial,implemented
event_thread_pipe_slot,SLOT,async_host_runtime,host_import,ux.events,async_browser_runtime,implemented,diagnostic_only,diagnostic_only,implemented,implemented
event_thread_pipe_slot,THREAD,async_host_runtime,host_import,ux.events,async_browser_runtime,implemented,missing,diagnostic_only,partial,implemented
ffi_forms,CALL API,bridge_only,host_import,ux.ffi,browser_cannot_direct_call_dll,missing,missing,diagnostic_only,missing,implemented
ffi_forms,CALL DLL,bridge_only,host_import,ux.ffi,browser_cannot_direct_call_dll,missing,missing,diagnostic_only,missing,partial
ffi_forms,CDECL,bridge_only,host_import,ux.ffi,browser_cannot_direct_call_dll,implemented,partial,missing,implemented,implemented
ffi_forms,DECLARE,bridge_only,host_import,ux.ffi,browser_cannot_direct_call_dll,implemented,partial,missing,implemented,implemented
ffi_forms,IMPORT,bridge_only,host_import,ux.ffi,browser_cannot_direct_call_dll,implemented,missing,diagnostic_only,partial,implemented
ffi_forms,STDCALL,bridge_only,host_import,ux.ffi,browser_cannot_direct_call_dll,implemented,partial,missing,partial,implemented
file_io,CLOSE,browser_file_host,host_import,ux.file,browser_sandbox_file_api,implemented,diagnostic_only,diagnostic_only,implemented,implemented
file_io,EOF,browser_file_host,host_import,ux.file,browser_sandbox_file_api,implemented,missing,missing,implemented,implemented
file_io,GET,browser_file_host,host_import,ux.file,browser_sandbox_file_api,implemented,diagnostic_only,missing,implemented,implemented
file_io,INPUT #,browser_file_host,host_import,ux.file,browser_sandbox_file_api,partial,missing,missing,implemented,implemented
file_io,LOF,browser_file_host,host_import,ux.file,browser_sandbox_file_api,implemented,missing,missing,diagnostic_only,partial
file_io,OPEN,browser_file_host,host_import,ux.file,browser_sandbox_file_api,implemented,diagnostic_only,diagnostic_only,implemented,implemented
file_io,PRINT #,browser_file_host,host_import,ux.file,browser_sandbox_file_api,implemented,missing,diagnostic_only,implemented,partial
file_io,PUT,browser_file_host,host_import,ux.file,browser_sandbox_file_api,implemented,diagnostic_only,missing,implemented,implemented
high_precision_types,BALL,external_runtime_decimal,host_import,ux.highPrecision,external_precision_runtime,implemented,missing,missing,implemented,implemented
high_precision_types,BIGD,external_runtime_decimal,host_import,ux.highPrecision,external_precision_runtime,implemented,missing,missing,implemented,implemented
high_precision_types,BIGF,external_runtime_decimal,host_import,ux.highPrecision,external_precision_runtime,implemented,missing,missing,implemented,implemented
high_precision_types,F128,external_runtime_decimal,host_import,ux.highPrecision,external_precision_runtime,implemented,missing,missing,diagnostic_only,implemented
high_precision_types,F80,external_runtime_decimal,host_import,ux.highPrecision,external_precision_runtime,implemented,diagnostic_only,missing,implemented,implemented
inline_forms,ASM,diagnostic_non_browser,diagnostic_non_browser,ux.diag,inline_native_not_browser_safe,partial,missing,missing,missing,implemented
inline_forms,END ASM,diagnostic_non_browser,diagnostic_non_browser,ux.diag,inline_native_not_browser_safe,missing,missing,missing,missing,implemented
inline_forms,INLINE,diagnostic_non_browser,diagnostic_non_browser,ux.diag,inline_native_not_browser_safe,implemented,missing,diagnostic_only,missing,implemented
memory_operations,ALLOC,js_memory_model,linear_memory,ux.memory,memory,missing,missing,diagnostic_only,missing,partial
memory_operations,FREE,js_memory_model,linear_memory,ux.memory,memory,missing,missing,diagnostic_only,missing,implemented
memory_operations,MEMCPY,js_memory_model,linear_memory,ux.memory,memory,missing,missing,missing,missing,missing
memory_operations,PEEK,js_memory_model,linear_memory,ux.memory,memory,missing,missing,missing,missing,missing
memory_operations,POKE,js_memory_model,linear_memory,ux.memory,memory,implemented,missing,missing,missing,missing
memory_operations,VARPTR,js_memory_model,linear_memory,ux.memory,memory,implemented,missing,missing,diagnostic_only,implemented
oop_features,ABSTRACT,js_object_model,host_object_handle,ux.oop,oop,implemented,missing,missing,diagnostic_only,implemented
oop_features,DELETE,js_object_model,host_object_handle,ux.oop,oop,implemented,missing,diagnostic_only,diagnostic_only,implemented
oop_features,FINAL,js_object_model,host_object_handle,ux.oop,oop,implemented,missing,missing,partial,implemented
oop_features,MIXIN,js_object_model,host_object_handle,ux.oop,oop,partial,missing,missing,diagnostic_only,implemented
oop_features,NEW,js_object_model,host_object_handle,ux.oop,oop,implemented,partial,diagnostic_only,diagnostic_only,implemented
oop_features,OPERATOR,js_object_model,host_object_handle,ux.oop,oop,implemented,missing,missing,partial,implemented
oop_features,PROPERTY,js_object_model,host_object_handle,ux.oop,oop,partial,missing,missing,diagnostic_only,implemented
oop_features,SUPER,js_object_model,host_object_handle,ux.oop,oop,missing,missing,missing,diagnostic_only,implemented
oop_features,THIS,js_object_model,host_object_handle,ux.oop,oop,partial,partial,missing,partial,implemented
operators,*,native_js_expr,native_wasm_expr,expr,operator_compute,implemented,diagnostic_only,diagnostic_only,implemented,implemented
operators,+,native_js_expr,native_wasm_expr,expr,operator_compute,implemented,diagnostic_only,diagnostic_only,implemented,implemented
operators,-,native_js_expr,native_wasm_expr,expr,operator_compute,implemented,partial,diagnostic_only,implemented,implemented
operators,/,native_js_expr,native_wasm_expr,expr,operator_compute,implemented,partial,diagnostic_only,implemented,implemented
operators,<,native_js_expr,native_wasm_expr,expr,operator_compute,implemented,diagnostic_only,diagnostic_only,implemented,implemented
operators,<=,native_js_expr,native_wasm_expr,expr,operator_compute,implemented,diagnostic_only,missing,implemented,implemented
operators,<>,native_js_expr,native_wasm_expr,expr,operator_compute,implemented,diagnostic_only,diagnostic_only,implemented,implemented
operators,=,native_js_expr,native_wasm_expr,expr,operator_compute,implemented,partial,diagnostic_only,implemented,implemented
operators,>,native_js_expr,native_wasm_expr,expr,operator_compute,implemented,partial,diagnostic_only,implemented,implemented
operators,>=,native_js_expr,native_wasm_expr,expr,operator_compute,implemented,diagnostic_only,diagnostic_only,implemented,implemented
operators,AND,native_js_expr,native_wasm_expr,expr,operator_compute,implemented,partial,diagnostic_only,implemented,implemented
operators,MOD,native_js_expr,native_wasm_expr,expr,operator_compute,implemented,partial,diagnostic_only,partial,implemented
operators,NOT,native_js_expr,native_wasm_expr,expr,operator_compute,implemented,partial,diagnostic_only,implemented,implemented
operators,OR,native_js_expr,native_wasm_expr,expr,operator_compute,implemented,partial,diagnostic_only,implemented,implemented
operators,SHL,native_js_expr,native_wasm_expr,expr,operator_compute,implemented,partial,diagnostic_only,implemented,implemented
operators,SHR,native_js_expr,native_wasm_expr,expr,operator_compute,implemented,partial,diagnostic_only,partial,partial
operators,XOR,native_js_expr,native_wasm_expr,expr,operator_compute,implemented,partial,diagnostic_only,diagnostic_only,implemented
primitive_types,BOOLEAN,type_runtime,wasm_numeric_type,type,primitive_type,implemented,missing,missing,missing,implemented
primitive_types,F32,type_runtime,wasm_numeric_type,type,primitive_type,implemented,diagnostic_only,missing,diagnostic_only,implemented
primitive_types,F64,type_runtime,wasm_numeric_type,type,primitive_type,implemented,diagnostic_only,missing,partial,implemented
primitive_types,I16,type_runtime,wasm_numeric_type,type,primitive_type,implemented,missing,missing,diagnostic_only,implemented
primitive_types,I32,type_runtime,wasm_numeric_type,type,primitive_type,implemented,diagnostic_only,missing,partial,implemented
primitive_types,I64,type_runtime,wasm_numeric_type,type,primitive_type,implemented,missing,missing,diagnostic_only,implemented
primitive_types,I8,type_runtime,wasm_numeric_type,type,primitive_type,implemented,missing,missing,diagnostic_only,implemented
primitive_types,STRING,type_runtime,host_string,type,primitive_type,implemented,partial,diagnostic_only,implemented,implemented
primitive_types,U16,type_runtime,wasm_numeric_type,type,primitive_type,implemented,missing,missing,diagnostic_only,missing
primitive_types,U32,type_runtime,wasm_numeric_type,type,primitive_type,implemented,missing,missing,diagnostic_only,partial
primitive_types,U64,type_runtime,wasm_numeric_type,type,primitive_type,implemented,missing,missing,partial,implemented
primitive_types,U8,type_runtime,wasm_numeric_type,type,primitive_type,implemented,missing,missing,diagnostic_only,implemented
statements,ABS,native_js_math,native_wasm_or_host,ux.math,math_builtin,implemented,missing,diagnostic_only,diagnostic_only,implemented
statements,ABSTRACT,js_object_model,host_object_handle,ux.oop,oop_builtin,implemented,missing,missing,diagnostic_only,implemented
statements,ALIAS,host_runtime_dispatch,host_import_if_called,ux.callBuiltin,generic_implemented_surface,implemented,partial,missing,implemented,implemented
statements,AND,host_runtime_dispatch,host_import_if_called,ux.callBuiltin,generic_implemented_surface,implemented,partial,diagnostic_only,implemented,implemented
statements,ARRAY,js_runtime_structure,host_or_linear_memory,ux.collections,collection_builtin,implemented,partial,diagnostic_only,implemented,implemented
statements,AS,host_runtime_dispatch,host_import_if_called,ux.callBuiltin,generic_implemented_surface,implemented,partial,diagnostic_only,implemented,implemented
statements,ASC,native_js_string,host_string_import,ux.string,string_builtin,implemented,missing,diagnostic_only,implemented,implemented
statements,ASSERT,js_exception_model,host_or_exception_proposal,ux.errors,error_builtin,implemented,diagnostic_only,diagnostic_only,partial,implemented
statements,ATN,native_js_math,native_wasm_or_host,ux.math,math_builtin,implemented,diagnostic_only,missing,diagnostic_only,implemented
statements,BALL,external_runtime_decimal,host_import,ux.highPrecision,high_precision_builtin,implemented,missing,missing,implemented,implemented
statements,BIGD,external_runtime_decimal,host_import,ux.highPrecision,high_precision_builtin,implemented,missing,missing,implemented,implemented
statements,BIGF,external_runtime_decimal,host_import,ux.highPrecision,high_precision_builtin,implemented,missing,missing,implemented,implemented
statements,BOOLEAN,host_runtime_dispatch,host_import_if_called,ux.callBuiltin,generic_implemented_surface,implemented,missing,missing,missing,implemented
statements,BYREF,host_runtime_dispatch,host_import_if_called,ux.callBuiltin,generic_implemented_surface,implemented,partial,diagnostic_only,implemented,implemented
statements,BYTE,host_runtime_dispatch,host_import_if_called,ux.callBuiltin,generic_implemented_surface,implemented,missing,missing,implemented,implemented
statements,BYVAL,host_runtime_dispatch,host_import_if_called,ux.callBuiltin,generic_implemented_surface,implemented,partial,missing,implemented,implemented
statements,CALL,bridge_only,host_import,ux.ffi,ffi_builtin,implemented,partial,diagnostic_only,partial,implemented
statements,CASE,host_runtime_dispatch,host_import_if_called,ux.callBuiltin,generic_implemented_surface,implemented,diagnostic_only,diagnostic_only,implemented,implemented
statements,CATCH,js_exception_model,host_or_exception_proposal,ux.errors,error_builtin,implemented,missing,diagnostic_only,missing,implemented
statements,CDBL,native_js_math,native_wasm_or_host,ux.math,math_builtin,implemented,diagnostic_only,missing,implemented,partial
statements,CDECL,bridge_only,host_import,ux.ffi,ffi_builtin,implemented,partial,missing,implemented,implemented
statements,CHR,native_js_string,host_string_import,ux.string,string_builtin,implemented,diagnostic_only,diagnostic_only,implemented,implemented
statements,CINT,native_js_math,native_wasm_or_host,ux.math,math_builtin,implemented,missing,diagnostic_only,implemented,implemented
statements,CLASS,js_object_model,host_object_handle,ux.oop,oop_builtin,implemented,diagnostic_only,missing,diagnostic_only,implemented
statements,CLNG,native_js_math,native_wasm_or_host,ux.math,math_builtin,implemented,missing,diagnostic_only,partial,diagnostic_only
statements,CLOSE,browser_file_host,host_import,ux.file,file_builtin,implemented,diagnostic_only,diagnostic_only,implemented,implemented
statements,CLS,browser_host,host_import,ux.console,console_builtin,implemented,diagnostic_only,diagnostic_only,partial,implemented
statements,CODEPTR,host_runtime_dispatch,host_import_if_called,ux.callBuiltin,generic_implemented_surface,implemented,missing,missing,diagnostic_only,implemented
statements,COLOR,browser_host,host_import,ux.console,console_builtin,implemented,diagnostic_only,diagnostic_only,implemented,implemented
statements,CONST,host_runtime_dispatch,host_import_if_called,ux.callBuiltin,generic_implemented_surface,implemented,partial,diagnostic_only,partial,implemented
statements,CONSTRUCTOR,host_runtime_dispatch,host_import_if_called,ux.callBuiltin,generic_implemented_surface,implemented,missing,missing,diagnostic_only,implemented
statements,COS,native_js_math,native_wasm_or_host,ux.math,math_builtin,implemented,diagnostic_only,missing,diagnostic_only,implemented
statements,CSNG,native_js_math,native_wasm_or_host,ux.math,math_builtin,implemented,diagnostic_only,missing,diagnostic_only,partial
statements,DEC,host_runtime_dispatch,host_import_if_called,ux.callBuiltin,generic_implemented_surface,implemented,missing,missing,diagnostic_only,implemented
statements,DECLARE,bridge_only,host_import,ux.ffi,ffi_builtin,implemented,partial,missing,implemented,implemented
statements,DECORATOR,diagnostic_surface_entry,diagnostic_surface_entry,ux.diag,matrix_missing_or_doc_entry,partial,missing,missing,diagnostic_only,implemented
statements,DEFBYT,host_runtime_dispatch,host_import_if_called,ux.callBuiltin,generic_implemented_surface,implemented,missing,missing,diagnostic_only,missing
statements,DEFDBL,host_runtime_dispatch,host_import_if_called,ux.callBuiltin,generic_implemented_surface,implemented,missing,missing,diagnostic_only,missing
statements,DEFEXT,host_runtime_dispatch,host_import_if_called,ux.callBuiltin,generic_implemented_surface,implemented,missing,missing,diagnostic_only,missing
statements,DEFINT,host_runtime_dispatch,host_import_if_called,ux.callBuiltin,generic_implemented_surface,implemented,missing,missing,diagnostic_only,implemented
statements,DEFLNG,host_runtime_dispatch,host_import_if_called,ux.callBuiltin,generic_implemented_surface,implemented,missing,missing,diagnostic_only,missing
statements,DEFSNG,host_runtime_dispatch,host_import_if_called,ux.callBuiltin,generic_implemented_surface,implemented,missing,missing,diagnostic_only,missing
statements,DEFSTR,host_runtime_dispatch,host_import_if_called,ux.callBuiltin,generic_implemented_surface,implemented,missing,missing,diagnostic_only,missing
statements,DELETE,js_object_model,host_object_handle,ux.oop,oop_builtin,implemented,missing,diagnostic_only,diagnostic_only,implemented
statements,DESTRUCTOR,host_runtime_dispatch,host_import_if_called,ux.callBuiltin,generic_implemented_surface,implemented,missing,missing,diagnostic_only,implemented
statements,DICT,js_runtime_structure,host_or_linear_memory,ux.collections,collection_builtin,implemented,missing,missing,implemented,implemented
statements,DIM,host_runtime_dispatch,host_import_if_called,ux.callBuiltin,generic_implemented_surface,implemented,partial,diagnostic_only,implemented,implemented
statements,DO,host_runtime_dispatch,host_import_if_called,ux.callBuiltin,generic_implemented_surface,implemented,diagnostic_only,diagnostic_only,partial,implemented
statements,EACH,host_runtime_dispatch,host_import_if_called,ux.callBuiltin,generic_implemented_surface,implemented,missing,missing,partial,implemented
statements,ELSE,host_runtime_dispatch,host_import_if_called,ux.callBuiltin,generic_implemented_surface,implemented,diagnostic_only,diagnostic_only,implemented,implemented
statements,ELSEIF,host_runtime_dispatch,host_import_if_called,ux.callBuiltin,generic_implemented_surface,implemented,diagnostic_only,missing,implemented,implemented
statements,END,host_runtime_dispatch,host_import_if_called,ux.callBuiltin,generic_implemented_surface,implemented,partial,diagnostic_only,implemented,implemented
statements,EOF,browser_file_host,host_import,ux.file,file_builtin,implemented,missing,missing,implemented,implemented
statements,EVENT,async_host_runtime,host_import,ux.events,event_builtin,implemented,missing,diagnostic_only,implemented,implemented
statements,EXIT,host_runtime_dispatch,host_import_if_called,ux.callBuiltin,generic_implemented_surface,implemented,partial,missing,implemented,implemented
statements,EXP,native_js_math,native_wasm_or_host,ux.math,math_builtin,implemented,diagnostic_only,missing,diagnostic_only,implemented
statements,F128,external_runtime_decimal,host_import,ux.highPrecision,high_precision_builtin,implemented,missing,missing,diagnostic_only,implemented
statements,F32,host_runtime_dispatch,host_import_if_called,ux.callBuiltin,generic_implemented_surface,implemented,diagnostic_only,missing,diagnostic_only,implemented
statements,F64,host_runtime_dispatch,host_import_if_called,ux.callBuiltin,generic_implemented_surface,implemented,diagnostic_only,missing,partial,implemented
statements,F80,external_runtime_decimal,host_import,ux.highPrecision,high_precision_builtin,implemented,diagnostic_only,missing,implemented,implemented
statements,FINAL,js_object_model,host_object_handle,ux.oop,oop_builtin,implemented,missing,missing,partial,implemented
statements,FINALLY,host_runtime_dispatch,host_import_if_called,ux.callBuiltin,generic_implemented_surface,implemented,missing,diagnostic_only,missing,implemented
statements,FIX,native_js_math,native_wasm_or_host,ux.math,math_builtin,implemented,missing,diagnostic_only,diagnostic_only,partial
statements,FOR,host_runtime_dispatch,host_import_if_called,ux.callBuiltin,generic_implemented_surface,implemented,partial,diagnostic_only,implemented,implemented
statements,FRIEND,host_runtime_dispatch,host_import_if_called,ux.callBuiltin,generic_implemented_surface,implemented,missing,missing,missing,implemented
statements,FUNCTION,host_runtime_dispatch,host_import_if_called,ux.callBuiltin,generic_implemented_surface,implemented,partial,diagnostic_only,implemented,implemented
statements,GET,browser_file_host,host_import,ux.file,file_builtin,implemented,diagnostic_only,missing,implemented,implemented
statements,GETKEY,host_runtime_dispatch,host_import_if_called,ux.callBuiltin,generic_implemented_surface,implemented,missing,diagnostic_only,diagnostic_only,diagnostic_only
statements,GOSUB,host_runtime_dispatch,host_import_if_called,ux.callBuiltin,generic_implemented_surface,implemented,missing,missing,diagnostic_only,implemented
statements,GOTO,host_runtime_dispatch,host_import_if_called,ux.callBuiltin,generic_implemented_surface,implemented,missing,missing,implemented,implemented
statements,I16,host_runtime_dispatch,host_import_if_called,ux.callBuiltin,generic_implemented_surface,implemented,missing,missing,diagnostic_only,implemented
statements,I32,host_runtime_dispatch,host_import_if_called,ux.callBuiltin,generic_implemented_surface,implemented,diagnostic_only,missing,partial,implemented
statements,I64,host_runtime_dispatch,host_import_if_called,ux.callBuiltin,generic_implemented_surface,implemented,missing,missing,diagnostic_only,implemented
statements,I8,host_runtime_dispatch,host_import_if_called,ux.callBuiltin,generic_implemented_surface,implemented,missing,missing,diagnostic_only,implemented
statements,IF,host_runtime_dispatch,host_import_if_called,ux.callBuiltin,generic_implemented_surface,implemented,partial,diagnostic_only,implemented,implemented
statements,IMMUTABLE,diagnostic_surface_entry,diagnostic_surface_entry,ux.diag,matrix_missing_or_doc_entry,partial,diagnostic_only,missing,diagnostic_only,implemented
statements,IMPLEMENTS,diagnostic_surface_entry,diagnostic_surface_entry,ux.diag,matrix_missing_or_doc_entry,partial,missing,missing,missing,implemented
statements,IMPORT,bridge_only,host_import,ux.ffi,ffi_builtin,implemented,missing,diagnostic_only,partial,implemented
statements,IN,host_runtime_dispatch,host_import_if_called,ux.callBuiltin,generic_implemented_surface,implemented,partial,diagnostic_only,implemented,implemented
statements,INC,host_runtime_dispatch,host_import_if_called,ux.callBuiltin,generic_implemented_surface,implemented,missing,missing,diagnostic_only,implemented
statements,INCLUDE,host_runtime_dispatch,host_import_if_called,ux.callBuiltin,generic_implemented_surface,implemented,diagnostic_only,missing,partial,implemented
statements,INKEY,host_runtime_dispatch,host_import_if_called,ux.callBuiltin,generic_implemented_surface,implemented,missing,diagnostic_only,diagnostic_only,diagnostic_only
statements,INLINE,host_runtime_dispatch,host_import_if_called,ux.callBuiltin,generic_implemented_surface,implemented,missing,diagnostic_only,missing,implemented
statements,INPUT,browser_host,host_import,ux.console,console_builtin,implemented,diagnostic_only,diagnostic_only,implemented,implemented
statements,INT,native_js_math,native_wasm_or_host,ux.math,math_builtin,implemented,diagnostic_only,diagnostic_only,partial,implemented
statements,INTERFACE,js_object_model,host_object_handle,ux.oop,oop_builtin,implemented,missing,missing,missing,implemented
statements,IS,host_runtime_dispatch,host_import_if_called,ux.callBuiltin,generic_implemented_surface,implemented,partial,diagnostic_only,partial,implemented
statements,KEYWORD,host_runtime_dispatch,host_import_if_called,ux.callBuiltin,generic_implemented_surface,implemented,missing,diagnostic_only,partial,implemented
statements,LCASE,native_js_string,host_string_import,ux.string,string_builtin,implemented,missing,missing,implemented,implemented
statements,LEN,native_js_string,host_string_import,ux.string,string_builtin,implemented,diagnostic_only,diagnostic_only,implemented,implemented
statements,LIST,js_runtime_structure,host_or_linear_memory,ux.collections,collection_builtin,implemented,missing,missing,implemented,implemented
statements,LOCATE,browser_host,host_import,ux.console,console_builtin,implemented,diagnostic_only,diagnostic_only,implemented,implemented
statements,LOF,browser_file_host,host_import,ux.file,file_builtin,implemented,missing,missing,diagnostic_only,partial
statements,LOG,native_js_math,native_wasm_or_host,ux.math,math_builtin,implemented,diagnostic_only,missing,partial,implemented
statements,LOOP,host_runtime_dispatch,host_import_if_called,ux.callBuiltin,generic_implemented_surface,implemented,diagnostic_only,missing,partial,implemented
statements,LPTR,host_runtime_dispatch,host_import_if_called,ux.callBuiltin,generic_implemented_surface,implemented,missing,missing,diagnostic_only,implemented
statements,LTRIM,native_js_string,host_string_import,ux.string,string_builtin,implemented,diagnostic_only,missing,implemented,implemented
statements,MAGIC,diagnostic_surface_entry,diagnostic_surface_entry,ux.diag,matrix_missing_or_doc_entry,partial,missing,missing,missing,partial
statements,MAIN,host_runtime_dispatch,host_import_if_called,ux.callBuiltin,generic_implemented_surface,implemented,diagnostic_only,diagnostic_only,partial,implemented
statements,MEMCOPYB,host_runtime_dispatch,host_import_if_called,ux.callBuiltin,generic_implemented_surface,implemented,missing,missing,diagnostic_only,implemented
statements,MEMCOPYD,host_runtime_dispatch,host_import_if_called,ux.callBuiltin,generic_implemented_surface,implemented,missing,missing,diagnostic_only,implemented
statements,MEMCOPYW,host_runtime_dispatch,host_import_if_called,ux.callBuiltin,generic_implemented_surface,implemented,missing,missing,diagnostic_only,implemented
statements,MEMFILLB,host_runtime_dispatch,host_import_if_called,ux.callBuiltin,generic_implemented_surface,implemented,missing,missing,diagnostic_only,implemented
statements,MEMFILLD,host_runtime_dispatch,host_import_if_called,ux.callBuiltin,generic_implemented_surface,implemented,missing,missing,diagnostic_only,implemented
statements,MEMFILLW,host_runtime_dispatch,host_import_if_called,ux.callBuiltin,generic_implemented_surface,implemented,missing,missing,diagnostic_only,implemented
statements,METHOD,host_runtime_dispatch,host_import_if_called,ux.callBuiltin,generic_implemented_surface,implemented,diagnostic_only,missing,diagnostic_only,implemented
statements,MID,native_js_string,host_string_import,ux.string,string_builtin,implemented,diagnostic_only,missing,implemented,implemented
statements,MIXIN,js_object_model,host_object_handle,ux.oop,oop_builtin,partial,missing,missing,diagnostic_only,implemented
statements,MOD,host_runtime_dispatch,host_import_if_called,ux.callBuiltin,generic_implemented_surface,implemented,partial,diagnostic_only,partial,implemented
statements,MODULE,host_runtime_dispatch,host_import_if_called,ux.callBuiltin,generic_implemented_surface,implemented,partial,diagnostic_only,missing,implemented
statements,MUTABLE,host_runtime_dispatch,host_import_if_called,ux.callBuiltin,generic_implemented_surface,implemented,missing,missing,missing,implemented
statements,NAMESPACE,host_runtime_dispatch,host_import_if_called,ux.callBuiltin,generic_implemented_surface,implemented,missing,missing,missing,implemented
statements,NEW,js_object_model,host_object_handle,ux.oop,oop_builtin,implemented,partial,diagnostic_only,diagnostic_only,implemented
statements,NEXT,host_runtime_dispatch,host_import_if_called,ux.callBuiltin,generic_implemented_surface,implemented,diagnostic_only,diagnostic_only,implemented,implemented
statements,NOT,host_runtime_dispatch,host_import_if_called,ux.callBuiltin,generic_implemented_surface,implemented,partial,diagnostic_only,implemented,implemented
statements,OBJECT,host_runtime_dispatch,host_import_if_called,ux.callBuiltin,generic_implemented_surface,implemented,missing,missing,partial,implemented
statements,OFF,host_runtime_dispatch,host_import_if_called,ux.callBuiltin,generic_implemented_surface,implemented,missing,diagnostic_only,implemented,implemented
statements,OFFSETOF,host_runtime_dispatch,host_import_if_called,ux.callBuiltin,generic_implemented_surface,implemented,diagnostic_only,missing,diagnostic_only,implemented
statements,ON,host_runtime_dispatch,host_import_if_called,ux.callBuiltin,generic_implemented_surface,implemented,diagnostic_only,missing,implemented,implemented
statements,OP,host_runtime_dispatch,host_import_if_called,ux.callBuiltin,generic_implemented_surface,implemented,partial,diagnostic_only,implemented,implemented
statements,OPEN,browser_file_host,host_import,ux.file,file_builtin,implemented,diagnostic_only,diagnostic_only,implemented,implemented
statements,OPERATOR,js_object_model,host_object_handle,ux.oop,oop_builtin,implemented,missing,missing,partial,implemented
statements,OR,host_runtime_dispatch,host_import_if_called,ux.callBuiltin,generic_implemented_surface,implemented,partial,diagnostic_only,implemented,implemented
statements,OVERRIDE,diagnostic_surface_entry,diagnostic_surface_entry,ux.diag,matrix_missing_or_doc_entry,partial,missing,missing,diagnostic_only,implemented
statements,PARALEL,host_runtime_dispatch,host_import_if_called,ux.callBuiltin,generic_implemented_surface,implemented,missing,missing,partial,implemented
statements,PARALLEL,diagnostic_surface_entry,diagnostic_surface_entry,ux.diag,matrix_missing_or_doc_entry,partial,missing,missing,missing,diagnostic_only
statements,PEEKB,host_runtime_dispatch,host_import_if_called,ux.callBuiltin,generic_implemented_surface,implemented,missing,missing,diagnostic_only,implemented
statements,PEEKD,host_runtime_dispatch,host_import_if_called,ux.callBuiltin,generic_implemented_surface,implemented,missing,missing,diagnostic_only,implemented
statements,PEEKW,host_runtime_dispatch,host_import_if_called,ux.callBuiltin,generic_implemented_surface,implemented,missing,missing,diagnostic_only,implemented
statements,PIPE,async_host_runtime,host_import,ux.events,event_builtin,implemented,diagnostic_only,diagnostic_only,partial,implemented
statements,POKE,host_runtime_dispatch,host_import_if_called,ux.callBuiltin,generic_implemented_surface,implemented,missing,missing,missing,missing
statements,POKEB,host_runtime_dispatch,host_import_if_called,ux.callBuiltin,generic_implemented_surface,implemented,missing,missing,diagnostic_only,implemented
statements,POKED,host_runtime_dispatch,host_import_if_called,ux.callBuiltin,generic_implemented_surface,implemented,missing,missing,diagnostic_only,implemented
statements,POKES,host_runtime_dispatch,host_import_if_called,ux.callBuiltin,generic_implemented_surface,implemented,diagnostic_only,missing,diagnostic_only,implemented
statements,POKEW,host_runtime_dispatch,host_import_if_called,ux.callBuiltin,generic_implemented_surface,implemented,missing,missing,diagnostic_only,implemented
statements,PRINT,browser_host,host_import,ux.console,console_builtin,implemented,diagnostic_only,diagnostic_only,implemented,implemented
statements,PRIVATE,host_runtime_dispatch,host_import_if_called,ux.callBuiltin,generic_implemented_surface,implemented,diagnostic_only,diagnostic_only,implemented,implemented
statements,PROPERTY,js_object_model,host_object_handle,ux.oop,oop_builtin,partial,missing,missing,diagnostic_only,implemented
statements,PROTECTED,host_runtime_dispatch,host_import_if_called,ux.callBuiltin,generic_implemented_surface,implemented,missing,missing,diagnostic_only,partial
statements,PTR,host_runtime_dispatch,host_import_if_called,ux.callBuiltin,generic_implemented_surface,implemented,partial,missing,implemented,implemented
statements,PUBLIC,host_runtime_dispatch,host_import_if_called,ux.callBuiltin,generic_implemented_surface,implemented,missing,missing,diagnostic_only,implemented
statements,PUT,browser_file_host,host_import,ux.file,file_builtin,implemented,diagnostic_only,missing,implemented,implemented
statements,RANDOMIZE,native_js_math,native_wasm_or_host,ux.math,math_builtin,implemented,diagnostic_only,diagnostic_only,diagnostic_only,implemented
statements,READONLY,diagnostic_surface_entry,diagnostic_surface_entry,ux.diag,matrix_missing_or_doc_entry,partial,diagnostic_only,missing,diagnostic_only,implemented
statements,REDIM,host_runtime_dispatch,host_import_if_called,ux.callBuiltin,generic_implemented_surface,implemented,partial,diagnostic_only,implemented,implemented
statements,RESTRICTED,host_runtime_dispatch,host_import_if_called,ux.callBuiltin,generic_implemented_surface,implemented,missing,missing,diagnostic_only,implemented
statements,RETURN,host_runtime_dispatch,host_import_if_called,ux.callBuiltin,generic_implemented_surface,implemented,partial,diagnostic_only,implemented,implemented
statements,RND,native_js_math,native_wasm_or_host,ux.math,math_builtin,implemented,diagnostic_only,diagnostic_only,diagnostic_only,implemented
statements,ROL,host_runtime_dispatch,host_import_if_called,ux.callBuiltin,generic_implemented_surface,implemented,partial,diagnostic_only,diagnostic_only,implemented
statements,ROR,host_runtime_dispatch,host_import_if_called,ux.callBuiltin,generic_implemented_surface,implemented,partial,diagnostic_only,diagnostic_only,partial
statements,RTRIM,native_js_string,host_string_import,ux.string,string_builtin,implemented,missing,missing,partial,partial
statements,SADD,host_runtime_dispatch,host_import_if_called,ux.callBuiltin,generic_implemented_surface,implemented,missing,missing,diagnostic_only,implemented
statements,SEALED,host_runtime_dispatch,host_import_if_called,ux.callBuiltin,generic_implemented_surface,implemented,missing,missing,missing,implemented
statements,SEEK,browser_file_host,host_import,ux.file,file_builtin,implemented,diagnostic_only,missing,implemented,implemented
statements,SELECT,host_runtime_dispatch,host_import_if_called,ux.callBuiltin,generic_implemented_surface,implemented,diagnostic_only,diagnostic_only,implemented,implemented
statements,SET,js_runtime_structure,host_or_linear_memory,ux.collections,collection_builtin,implemented,diagnostic_only,diagnostic_only,implemented,implemented
statements,SETNEWOFFSET,host_runtime_dispatch,host_import_if_called,ux.callBuiltin,generic_implemented_surface,implemented,diagnostic_only,missing,diagnostic_only,implemented
statements,SETSTRINGSIZE,host_runtime_dispatch,host_import_if_called,ux.callBuiltin,generic_implemented_surface,implemented,partial,diagnostic_only,diagnostic_only,implemented
statements,SGN,native_js_math,native_wasm_or_host,ux.math,math_builtin,implemented,missing,diagnostic_only,diagnostic_only,implemented
statements,SHL,host_runtime_dispatch,host_import_if_called,ux.callBuiltin,generic_implemented_surface,implemented,partial,diagnostic_only,implemented,implemented
statements,SHR,host_runtime_dispatch,host_import_if_called,ux.callBuiltin,generic_implemented_surface,implemented,partial,diagnostic_only,partial,partial
statements,SIHIRLIMETOT,diagnostic_surface_entry,diagnostic_surface_entry,ux.diag,matrix_missing_or_doc_entry,partial,missing,missing,missing,partial
statements,SIN,native_js_math,native_wasm_or_host,ux.math,math_builtin,implemented,diagnostic_only,missing,diagnostic_only,implemented
statements,SIZEOF,host_runtime_dispatch,host_import_if_called,ux.callBuiltin,generic_implemented_surface,implemented,missing,missing,implemented,implemented
statements,SLOT,async_host_runtime,host_import,ux.events,event_builtin,implemented,diagnostic_only,diagnostic_only,implemented,implemented
statements,SPACE,native_js_string,host_string_import,ux.string,string_builtin,implemented,missing,missing,partial,implemented
statements,SQR,native_js_math,native_wasm_or_host,ux.math,math_builtin,implemented,diagnostic_only,missing,diagnostic_only,implemented
statements,SQRT,host_runtime_dispatch,host_import_if_called,ux.callBuiltin,generic_implemented_surface,implemented,missing,missing,missing,partial
statements,STATIC,diagnostic_surface_entry,diagnostic_surface_entry,ux.diag,matrix_missing_or_doc_entry,partial,diagnostic_only,missing,diagnostic_only,implemented
statements,STDCALL,bridge_only,host_import,ux.ffi,ffi_builtin,implemented,partial,missing,partial,implemented
statements,STEP,host_runtime_dispatch,host_import_if_called,ux.callBuiltin,generic_implemented_surface,implemented,diagnostic_only,missing,implemented,implemented
statements,STR,native_js_string,host_string_import,ux.string,string_builtin,implemented,diagnostic_only,missing,implemented,implemented
statements,STRING,native_js_string,host_string_import,ux.string,string_builtin,implemented,partial,diagnostic_only,implemented,implemented
statements,STRPTR,host_runtime_dispatch,host_import_if_called,ux.callBuiltin,generic_implemented_surface,implemented,missing,missing,partial,implemented
statements,SUB,host_runtime_dispatch,host_import_if_called,ux.callBuiltin,generic_implemented_surface,implemented,partial,diagnostic_only,implemented,implemented
statements,TAN,native_js_math,native_wasm_or_host,ux.math,math_builtin,implemented,diagnostic_only,missing,diagnostic_only,implemented
statements,THEN,host_runtime_dispatch,host_import_if_called,ux.callBuiltin,generic_implemented_surface,implemented,diagnostic_only,diagnostic_only,implemented,implemented
statements,THREAD,async_host_runtime,host_import,ux.events,event_builtin,implemented,missing,diagnostic_only,partial,implemented
statements,THREAT,diagnostic_surface_entry,diagnostic_surface_entry,ux.diag,matrix_missing_or_doc_entry,partial,missing,missing,missing,missing
statements,THROW,js_exception_model,host_or_exception_proposal,ux.errors,error_builtin,implemented,diagnostic_only,diagnostic_only,partial,implemented
statements,TIMER,host_runtime_dispatch,host_import_if_called,ux.callBuiltin,generic_implemented_surface,implemented,diagnostic_only,diagnostic_only,implemented,implemented
statements,TO,host_runtime_dispatch,host_import_if_called,ux.callBuiltin,generic_implemented_surface,implemented,partial,diagnostic_only,implemented,implemented
statements,TRIGGER,host_runtime_dispatch,host_import_if_called,ux.callBuiltin,generic_implemented_surface,implemented,missing,diagnostic_only,missing,implemented
statements,TRY,js_exception_model,host_or_exception_proposal,ux.errors,error_builtin,implemented,missing,diagnostic_only,implemented,implemented
statements,TYPE,host_runtime_dispatch,host_import_if_called,ux.callBuiltin,generic_implemented_surface,implemented,partial,missing,implemented,implemented
statements,U16,host_runtime_dispatch,host_import_if_called,ux.callBuiltin,generic_implemented_surface,implemented,missing,missing,diagnostic_only,missing
statements,U32,host_runtime_dispatch,host_import_if_called,ux.callBuiltin,generic_implemented_surface,implemented,missing,missing,diagnostic_only,partial
statements,U64,host_runtime_dispatch,host_import_if_called,ux.callBuiltin,generic_implemented_surface,implemented,missing,missing,partial,implemented
statements,U8,host_runtime_dispatch,host_import_if_called,ux.callBuiltin,generic_implemented_surface,implemented,missing,missing,diagnostic_only,implemented
statements,UCASE,native_js_string,host_string_import,ux.string,string_builtin,implemented,diagnostic_only,diagnostic_only,implemented,implemented
statements,UNTIL,host_runtime_dispatch,host_import_if_called,ux.callBuiltin,generic_implemented_surface,implemented,missing,missing,partial,partial
statements,USING,host_runtime_dispatch,host_import_if_called,ux.callBuiltin,generic_implemented_surface,implemented,missing,missing,missing,implemented
statements,VAL,native_js_math,native_wasm_or_host,ux.math,math_builtin,implemented,diagnostic_only,diagnostic_only,implemented,implemented
statements,VARPTR,host_runtime_dispatch,host_import_if_called,ux.callBuiltin,generic_implemented_surface,implemented,missing,missing,diagnostic_only,implemented
statements,VIRTUAL,diagnostic_surface_entry,diagnostic_surface_entry,ux.diag,matrix_missing_or_doc_entry,partial,missing,missing,partial,implemented
statements,WHILE,host_runtime_dispatch,host_import_if_called,ux.callBuiltin,generic_implemented_surface,implemented,diagnostic_only,missing,partial,implemented
statements,XOR,host_runtime_dispatch,host_import_if_called,ux.callBuiltin,generic_implemented_surface,implemented,partial,diagnostic_only,diagnostic_only,implemented
