code;class;message;source
;;[BILGI] TR: Islenen komut: python uxb\tools\uxb_differential_project_runner.py "uxb/tests/run_call_api_unsupported_exec_ast__dup1.bas" --project default | EN: Processing command: python uxb\tools\uxb_differential_project;C:\Users\mete\Downloads\BasicOyunSource\UXBc_Clean\UXBc\uxb\dist\step6\logs\uxb_tests_run_call_api_unsupported_exec_ast__dup1.bas.log
;;[ERROR] [ast_interpreter] TR: Katman basarisiz: FAIL | EN: Layer failed: FAIL;C:\Users\mete\Downloads\BasicOyunSource\UXBc_Clean\UXBc\uxb\dist\step6\logs\uxb_tests_ast_ast_contract_manual_probe.bas.log
;;[ERROR] [mir_interpreter] TR: Katman basarisiz: FAIL | EN: Layer failed: FAIL;C:\Users\mete\Downloads\BasicOyunSource\UXBc_Clean\UXBc\uxb\dist\step6\logs\uxb_tests_ast_ast_contract_manual_probe.bas.log
;;[ERROR] [mir_x64_asm] TR: Katman basarisiz: FAIL | EN: Layer failed: FAIL;C:\Users\mete\Downloads\BasicOyunSource\UXBc_Clean\UXBc\uxb\dist\step6\logs\uxb_tests_ast_ast_contract_manual_probe.bas.log
;;[ERROR] [x64_ast_asm] TR: Katman basarisiz: FAIL | EN: Layer failed: FAIL;C:\Users\mete\Downloads\BasicOyunSource\UXBc_Clean\UXBc\uxb\dist\step6\logs\uxb_tests_ast_ast_contract_manual_probe.bas.log
;;[WARN][AST_INTERPRETER] UXB_AST_INTERPRETER_FAILED: exec: Expression: Tanımlanmamış değişken: RND;C:\Users\mete\Downloads\BasicOyunSource\UXBc_Clean\UXBc\uxb\dist\compiler_messages.log
;;[WARN][AST_INTERPRETER] UXB_AST_INTERPRETER_FAILED: exec: INPUT# failed (7006) mode not readable;C:\Users\mete\Downloads\BasicOyunSource\UXBc_Clean\UXBc\uxb\dist\compiler_messages.log
;;[WARN][AST_INTERPRETER] UXB_AST_INTERPRETER_FAILED: exec: OPEN failed (7012) file not found;C:\Users\mete\Downloads\BasicOyunSource\UXBc_Clean\UXBc\uxb\dist\compiler_messages.log
;;[WARN][AST_INTERPRETER] UXB_AST_INTERPRETER_FAILED: exec: PRINT# mode not writable;C:\Users\mete\Downloads\BasicOyunSource\UXBc_Clean\UXBc\uxb\dist\compiler_messages.log
;;[WARN][AST_INTERPRETER] UXB_AST_INTERPRETER_FAILED: exec: unsupported call LEFT;C:\Users\mete\Downloads\BasicOyunSource\UXBc_Clean\UXBc\uxb\dist\compiler_messages.log
;;[WARN][AST_INTERPRETER] UXB_AST_INTERPRETER_FAILED: exec: unsupported call UCASE;C:\Users\mete\Downloads\BasicOyunSource\UXBc_Clean\UXBc\uxb\dist\compiler_messages.log
;;[WARN][AST_INTERPRETER] UXB_AST_INTERPRETER_FAILED: exec: unsupported statement kind PRINT_FILE_STMT;C:\Users\mete\Downloads\BasicOyunSource\UXBc_Clean\UXBc\uxb\dist\compiler_messages.log
;;[WARN][AST_INTERPRETER] UXB_AST_INTERPRETER_FAILED: exec: unsupported statement kind WHILE_STMT;C:\Users\mete\Downloads\BasicOyunSource\UXBc_Clean\UXBc\uxb\dist\compiler_messages.log
;;[WARN][MIR_INTERPRETER] UXB_MIR_INTERPRETER_FAILED: MIR: CALL desteklenmiyor: LEFT;C:\Users\mete\Downloads\BasicOyunSource\UXBc_Clean\UXBc\uxb\dist\compiler_messages.log
;;[WARN][MIR_INTERPRETER] UXB_MIR_INTERPRETER_FAILED: MIR: CALL OPEN basarisiz;C:\Users\mete\Downloads\BasicOyunSource\UXBc_Clean\UXBc\uxb\dist\compiler_messages.log
;;[WARN][MIR_INTERPRETER] UXB_MIR_INTERPRETER_FAILED: MIR: slot target arguman cozumlene medi;C:\Users\mete\Downloads\BasicOyunSource\UXBc_Clean\UXBc\uxb\dist\compiler_messages.log
;;[WARN][PARSER] UXB_PARSER_FAILED: CALL(DLL): signature token must be a keyword;C:\Users\mete\Downloads\BasicOyunSource\UXBc_Clean\UXBc\uxb\dist\compiler_messages.log
;;[WARN][PARSER] UXB_PARSER_FAILED: INPUT#: targets must be IDENT;C:\Users\mete\Downloads\BasicOyunSource\UXBc_Clean\UXBc\uxb\dist\compiler_messages.log
;;[WARN][PARSER] UXB_PARSER_FAILED: parse failed with 1 error(s), first: [PARSER_STMT_FAIL] [1:13] CONST: missing = near KEYWORD('AS') @1:13;C:\Users\mete\Downloads\BasicOyunSource\UXBc_Clean\UXBc\uxb\dist\compiler_messages.log
;;[WARN][PARSER] UXB_PARSER_FAILED: parse failed with 1 error(s), first: [PARSER_STMT_FAIL] [1:23] missing ( in signature near KEYWORD('CDECL') @1:23;C:\Users\mete\Downloads\BasicOyunSource\UXBc_Clean\UXBc\uxb\dist\compiler_messages.log
;;[WARN][PARSER] UXB_PARSER_FAILED: parse failed with 1 error(s), first: [PARSER_STMT_FAIL] [1:29] missing ( in signature near IDENT('lib') @1:29;C:\Users\mete\Downloads\BasicOyunSource\UXBc_Clean\UXBc\uxb\dist\compiler_messages.log
;;[WARN][PARSER] UXB_PARSER_FAILED: parse failed with 1 error(s), first: [PARSER_STMT_FAIL] [1:8] IMPORT: expected syntax IMPORT(<LANG>, file) near IDENT('dll') @1:8;C:\Users\mete\Downloads\BasicOyunSource\UXBc_Clean\UXBc\uxb\dist\compiler_messages.log
;;[WARN][PARSER] UXB_PARSER_FAILED: parse failed with 1 error(s), first: [PARSER_STMT_FAIL] [1:8] IMPORT: expected syntax IMPORT(<LANG>, file) near IDENT('lib') @1:8;C:\Users\mete\Downloads\BasicOyunSource\UXBc_Clean\UXBc\uxb\dist\compiler_messages.log
;;[WARN][PARSER] UXB_PARSER_FAILED: parse failed with 1 error(s), first: [PARSER_STMT_FAIL] [1:9] DECLARE: expected SUB or FUNCTION near IDENT('function') @1:9;C:\Users\mete\Downloads\BasicOyunSource\UXBc_Clean\UXBc\uxb\dist\compiler_messages.log
;;[WARN][PARSER] UXB_PARSER_FAILED: parse failed with 1 error(s), first: [PARSER_STMT_FAIL] [1:9] INCLUDE: unsafe or unsupported path near STRING('tests/adim36_full_surface/includes/cycle_a.uxbh') @1:9;C:\Users\mete\Downloads\BasicOyunSource\UXBc_Clean\UXBc\uxb\dist\compiler_messages.log
;;[WARN][PARSER] UXB_PARSER_FAILED: parse failed with 1 error(s), first: [PARSER_STMT_FAIL] [1:9] INCLUDE: unsafe or unsupported path near STRING('tests/adim36_full_surface/includes/gui_winapi.uxbh') @1:9;C:\Users\mete\Downloads\BasicOyunSource\UXBc_Clean\UXBc\uxb\dist\compiler_messages.log
;;[WARN][PARSER] UXB_PARSER_FAILED: parse failed with 1 error(s), first: [PARSER_STMT_FAIL] [1:9] INCLUDE: unsafe or unsupported path near STRING('tests/adim36_full_surface/includes/math_aliases.uxbh') @1:9;C:\Users\mete\Downloads\BasicOyunSource\UXBc_Clean\UXBc\uxb\dist\compiler_messages.log
;;[WARN][PARSER] UXB_PARSER_FAILED: parse failed with 1 error(s), first: [PARSER_STMT_FAIL] [1:9] INCLUDE: unsafe or unsupported path near STRING('tests/adim36_full_surface/includes/nested_constants.uxbh') @1:9;C:\Users\mete\Downloads\BasicOyunSource\UXBc_Clean\UXBc\uxb\dist\compiler_messages.log
;;[WARN][PARSER] UXB_PARSER_FAILED: parse failed with 1 error(s), first: [PARSER_STMT_FAIL] [1:9] INCLUDE: unsafe or unsupported path near STRING('tests/adim36_full_surface/includes/science_routes.uxbh') @1:9;C:\Users\mete\Downloads\BasicOyunSource\UXBc_Clean\UXBc\uxb\dist\compiler_messages.log
;;[WARN][PARSER] UXB_PARSER_FAILED: parse failed with 1 error(s), first: [PARSER_STMT_FAIL] [10:7] statement parse failed near OP('#') @10:7;C:\Users\mete\Downloads\BasicOyunSource\UXBc_Clean\UXBc\uxb\dist\compiler_messages.log
;;[WARN][PARSER] UXB_PARSER_FAILED: parse failed with 1 error(s), first: [PARSER_STMT_FAIL] [2:15] THREAD: unexpected trailing tokens near KEYWORD('SLOT') @2:15;C:\Users\mete\Downloads\BasicOyunSource\UXBc_Clean\UXBc\uxb\dist\compiler_messages.log
;;[WARN][PARSER] UXB_PARSER_FAILED: parse failed with 1 error(s), first: [PARSER_STMT_FAIL] [2:7] expression expected near OP('=') @2:7;C:\Users\mete\Downloads\BasicOyunSource\UXBc_Clean\UXBc\uxb\dist\compiler_messages.log
;;[WARN][PARSER] UXB_PARSER_FAILED: parse failed with 1 error(s), first: [PARSER_STMT_FAIL] [22:18] ON: unexpected trailing tokens near KEYWORD('SLOT') @22:18;C:\Users\mete\Downloads\BasicOyunSource\UXBc_Clean\UXBc\uxb\dist\compiler_messages.log
;;[WARN][PARSER] UXB_PARSER_FAILED: parse failed with 1 error(s), first: [PARSER_STMT_FAIL] [3:1] missing END IF near EOF('') @3:1;C:\Users\mete\Downloads\BasicOyunSource\UXBc_Clean\UXBc\uxb\dist\compiler_messages.log
;;[WARN][PARSER] UXB_PARSER_FAILED: parse failed with 1 error(s), first: [PARSER_STMT_FAIL] [3:93] missing ) in signature near IDENT('text') @3:93;C:\Users\mete\Downloads\BasicOyunSource\UXBc_Clean\UXBc\uxb\dist\compiler_messages.log
;;[WARN][PARSER] UXB_PARSER_FAILED: parse failed with 1 error(s), first: [PARSER_STMT_FAIL] [4:1] missing END IF near EOF('') @4:1;C:\Users\mete\Downloads\BasicOyunSource\UXBc_Clean\UXBc\uxb\dist\compiler_messages.log
;;[WARN][PARSER] UXB_PARSER_FAILED: parse failed with 1 error(s), first: [PARSER_STMT_FAIL] [4:13] statement parse failed near UNKNOWN('$') @4:13;C:\Users\mete\Downloads\BasicOyunSource\UXBc_Clean\UXBc\uxb\dist\compiler_messages.log
;;[WARN][PARSER] UXB_PARSER_FAILED: parse failed with 1 error(s), first: [PARSER_STMT_FAIL] [42:1] missing END IF near EOF('') @42:1;C:\Users\mete\Downloads\BasicOyunSource\UXBc_Clean\UXBc\uxb\dist\compiler_messages.log
;;[WARN][PARSER] UXB_PARSER_FAILED: parse failed with 1 error(s), first: [PARSER_STMT_FAIL] [8:5] AST contract node missing: WHILE_STMT near EOL('') @8:5;C:\Users\mete\Downloads\BasicOyunSource\UXBc_Clean\UXBc\uxb\dist\compiler_messages.log
;;[WARN][PARSER] UXB_PARSER_FAILED: parse failed with 2 error(s), first: [2:5] CLASS: field identifier expected;C:\Users\mete\Downloads\BasicOyunSource\UXBc_Clean\UXBc\uxb\dist\compiler_messages.log
;;[WARN][PARSER] UXB_PARSER_FAILED: parse failed with 2 error(s), first: [PARSER_STMT_FAIL] [2:14] EVENT: unexpected trailing tokens near KEYWORD('SLOT') @2:14;C:\Users\mete\Downloads\BasicOyunSource\UXBc_Clean\UXBc\uxb\dist\compiler_messages.log
;;[WARN][PARSER] UXB_PARSER_FAILED: parse failed with 2 error(s), first: [PARSER_STMT_FAIL] [2:5] END: unexpected arguments near KEYWORD('THREAD') @2:5;C:\Users\mete\Downloads\BasicOyunSource\UXBc_Clean\UXBc\uxb\dist\compiler_messages.log
;;[WARN][PARSER] UXB_PARSER_FAILED: parse failed with 2 error(s), first: [PARSER_STMT_FAIL] [3:5] END: unexpected arguments near IDENT('thread') @3:5;C:\Users\mete\Downloads\BasicOyunSource\UXBc_Clean\UXBc\uxb\dist\compiler_messages.log
;;[WARN][PARSER] UXB_PARSER_FAILED: parse failed with 2 error(s), first: [PARSER_STMT_FAIL] [4:5] CLASS: duplicate member name: X near IDENT('x') @4:5;C:\Users\mete\Downloads\BasicOyunSource\UXBc_Clean\UXBc\uxb\dist\compiler_messages.log
;;[WARN][PARSER] UXB_PARSER_FAILED: parse failed with 2 error(s), first: [PARSER_STMT_FAIL] [6:12] statement parse failed near UNKNOWN('$') @6:12;C:\Users\mete\Downloads\BasicOyunSource\UXBc_Clean\UXBc\uxb\dist\compiler_messages.log
;;[WARN][PARSER] UXB_PARSER_FAILED: parse failed with 3 error(s), first: [PARSER_STMT_FAIL] [1:17] CONST: value expression expected near UNKNOWN('{') @1:17;C:\Users\mete\Downloads\BasicOyunSource\UXBc_Clean\UXBc\uxb\dist\compiler_messages.log
;;[WARN][PARSER] UXB_PARSER_FAILED: parse failed with 3 error(s), first: [PARSER_STMT_FAIL] [2:1] statement parse failed near OP('<') @2:1;C:\Users\mete\Downloads\BasicOyunSource\UXBc_Clean\UXBc\uxb\dist\compiler_messages.log
;;[WARN][PARSER] UXB_PARSER_FAILED: parse failed with 3 error(s), first: [PARSER_STMT_FAIL] [3:11] missing ) in signature near IDENT('n') @3:11;C:\Users\mete\Downloads\BasicOyunSource\UXBc_Clean\UXBc\uxb\dist\compiler_messages.log
;;[WARN][PARSER] UXB_PARSER_FAILED: parse failed with 3 error(s), first: [PARSER_STMT_FAIL] [3:5] END: unexpected arguments near IDENT('thread') @3:5;C:\Users\mete\Downloads\BasicOyunSource\UXBc_Clean\UXBc\uxb\dist\compiler_messages.log
;;[WARN][PARSER] UXB_PARSER_FAILED: parse failed with 3 error(s), first: [PARSER_STMT_FAIL] [5:1] CLASS: duplicate CONSTRUCTOR declaration near KEYWORD('CONSTRUCTOR') @5:1;C:\Users\mete\Downloads\BasicOyunSource\UXBc_Clean\UXBc\uxb\dist\compiler_messages.log
;;[WARN][PARSER] UXB_PARSER_FAILED: parse failed with 5 error(s), first: [PARSER_STMT_FAIL] [1:68] parameter identifier expected near EOL('') @1:68;C:\Users\mete\Downloads\BasicOyunSource\UXBc_Clean\UXBc\uxb\dist\compiler_messages.log
;;[WARN][PARSER] UXB_PARSER_FAILED: parse failed with 5 error(s), first: [PARSER_STMT_FAIL] [5:33] statement parse failed near OP(',') @5:33;C:\Users\mete\Downloads\BasicOyunSource\UXBc_Clean\UXBc\uxb\dist\compiler_messages.log
;;[WARN][PARSER] UXB_PARSER_FAILED: parse failed with 7 error(s), first: [PARSER_STMT_FAIL] [5:6] invalid slot kind worker near IDENT('worker') @5:6;C:\Users\mete\Downloads\BasicOyunSource\UXBc_Clean\UXBc\uxb\dist\compiler_messages.log
;;[WARN][PARSER] UXB_PARSER_FAILED: parse failed with 8 error(s), first: [PARSER_STMT_FAIL] [2:8] IMPORT: expected syntax IMPORT(<LANG>, file) near IDENT('dll') @2:8;C:\Users\mete\Downloads\BasicOyunSource\UXBc_Clean\UXBc\uxb\dist\compiler_messages.log
;;[WARN][PARSER] UXB_PARSER_FAILED: preprocess fail [tests/adim36_full_surface/negative/100_preprocessor_unknown_directive.uxb:1] META_UNKNOWN_DIRECTIVE: NO_SUCH_DIRECTIVE;C:\Users\mete\Downloads\BasicOyunSource\UXBc_Clean\UXBc\uxb\dist\compiler_messages.log
;;[WARN][PARSER] UXB_PARSER_FAILED: preprocess fail [tests/adim36_full_surface/negative/95_include_cycle_a.uxb:1] LEX_INCLUDE_FAILED: tests/adim36_full_surface/includes/cycle_a.uxbh;C:\Users\mete\Downloads\BasicOyunSource\UXBc_Clean\UXBc\uxb\dist\compiler_messages.log
;;[WARN][PARSER] UXB_PARSER_FAILED: preprocess fail [tests/adim36_full_surface/positive/13_include_header_math.uxb:1] LEX_INCLUDE_FAILED: tests/adim36_full_surface/includes/math_aliases.uxbh;C:\Users\mete\Downloads\BasicOyunSource\UXBc_Clean\UXBc\uxb\dist\compiler_messages.log
;;[WARN][PARSER] UXB_PARSER_FAILED: preprocess fail [tests/adim36_full_surface/positive/14_include_nested.uxb:1] LEX_INCLUDE_FAILED: tests/adim36_full_surface/includes/nested_constants.uxbh;C:\Users\mete\Downloads\BasicOyunSource\UXBc_Clean\UXBc\uxb\dist\compiler_messages.log
;;[WARN][PARSER] UXB_PARSER_FAILED: preprocess fail [tests/adim36_full_surface/positive/32_winapi_messagebox_decl.bas:1] LEX_INCLUDE_FAILED: tests/adim36_full_surface/includes/gui_winapi.uxbh;C:\Users\mete\Downloads\BasicOyunSource\UXBc_Clean\UXBc\uxb\dist\compiler_messages.log
;;[WARN][PARSER] UXB_PARSER_FAILED: preprocess fail [tests/adim36_full_surface/positive/33_science_math_dll_routes.bas:1] LEX_INCLUDE_FAILED: tests/adim36_full_surface/includes/science_routes.uxbh;C:\Users\mete\Downloads\BasicOyunSource\UXBc_Clean\UXBc\uxb\dist\compiler_messages.log
;;[WARN][PARSER] UXB_PARSER_FAILED: preprocess fail [tests/adim36_full_surface/positive/35_matrix_dll_routes.bas:1] LEX_INCLUDE_FAILED: tests/adim36_full_surface/includes/science_routes.uxbh;C:\Users\mete\Downloads\BasicOyunSource\UXBc_Clean\UXBc\uxb\dist\compiler_messages.log
;;[WARN][PARSER] UXB_PARSER_FAILED: preprocess fail [tests/adim36_full_surface/positive/36_tensor_nn_routes.bas:1] LEX_INCLUDE_FAILED: tests/adim36_full_surface/includes/science_routes.uxbh;C:\Users\mete\Downloads\BasicOyunSource\UXBc_Clean\UXBc\uxb\dist\compiler_messages.log
;;[WARN][PARSER] UXB_PARSER_FAILED: preprocess fail [tests/adim36_full_surface/positive/37_llama_onnx_routes.bas:1] LEX_INCLUDE_FAILED: tests/adim36_full_surface/includes/science_routes.uxbh;C:\Users\mete\Downloads\BasicOyunSource\UXBc_Clean\UXBc\uxb\dist\compiler_messages.log
;;[WARN][PARSER] UXB_PARSER_FAILED: preprocess fail [tests/adim36_full_surface/positive/41_preprocessor_loops.uxb:6] META_UNKNOWN_DIRECTIVE: ENDFOREACH;C:\Users\mete\Downloads\BasicOyunSource\UXBc_Clean\UXBc\uxb\dist\compiler_messages.log
;;[WARN][PARSER] UXB_PARSER_FAILED: preprocess fail [tests/adim36_full_surface/positive/45_gui_winapi_surface.bas:1] LEX_INCLUDE_FAILED: tests/adim36_full_surface/includes/gui_winapi.uxbh;C:\Users\mete\Downloads\BasicOyunSource\UXBc_Clean\UXBc\uxb\dist\compiler_messages.log
;;[WARN][PARSER] UXB_PARSER_FAILED: preprocess fail [tests/adim36_full_surface/positive/61_preprocessor_foreach_ifn_elif.uxb:13] META_UNKNOWN_DIRECTIVE: ENDFOREACH;C:\Users\mete\Downloads\BasicOyunSource\UXBc_Clean\UXBc\uxb\dist\compiler_messages.log
;;[WARN][PARSER] UXB_PARSER_FAILED: preprocess fail [tests/adim36_full_surface/positive/62_plain_include_visibility.uxb:1] LEX_INCLUDE_FAILED: tests/adim36_full_surface/includes/adim42_inc_math.uxbh;C:\Users\mete\Downloads\BasicOyunSource\UXBc_Clean\UXBc\uxb\dist\compiler_messages.log
;;[WARN][PARSER] UXB_PARSER_FAILED: preprocess fail [tests/adim36_full_surface/positive/67_preprocessor_foreach_adim42.uxb:4] META_UNKNOWN_DIRECTIVE: ENDFOREACH;C:\Users\mete\Downloads\BasicOyunSource\UXBc_Clean\UXBc\uxb\dist\compiler_messages.log
;;[WARN][PARSER] UXB_PARSER_FAILED: preprocess fail [tests/full_layer/negative/93_unsafe_include.uxb:1] LEX_UNSAFE_INCLUDE_PATH: ..\secret.bas;C:\Users\mete\Downloads\BasicOyunSource\UXBc_Clean\UXBc\uxb\dist\compiler_messages.log
;;[WARN][PARSER] UXB_PARSER_FAILED: preprocess fail [tests\adim30_10step\negative\92_include_cycle_b.uxb:1] LEX_INCLUDE_CYCLE: tests\adim30_10step\negative\92_include_cycle_a.uxb;C:\Users\mete\Downloads\BasicOyunSource\UXBc_Clean\UXBc\uxb\dist\compiler_messages.log
;;[WARN][PARSER] UXB_PARSER_FAILED: preprocess fail [tests\adim36_full_surface\includes\cycle_b.uxbh:1] LEX_INCLUDE_CYCLE: tests\adim36_full_surface\includes\cycle_a.uxbh;C:\Users\mete\Downloads\BasicOyunSource\UXBc_Clean\UXBc\uxb\dist\compiler_messages.log
;;[WARN][PARSER] UXB_PARSER_FAILED: preprocess fail [tests\full_layer\negative\92_include_cycle_b.uxb:1] LEX_INCLUDE_CYCLE: tests\full_layer\negative\92_include_cycle_a.uxb;C:\Users\mete\Downloads\BasicOyunSource\UXBc_Clean\UXBc\uxb\dist\compiler_messages.log
;;[WARN][PARSER] UXB_PARSER_FAILED: unknown type: PTR;C:\Users\mete\Downloads\BasicOyunSource\UXBc_Clean\UXBc\uxb\dist\compiler_messages.log
;;[WARN][SEMANTIC] UXB_SEMANTIC_FAILED: semantic-step3: assign: left side is not writable: CALL_EXPR;C:\Users\mete\Downloads\BasicOyunSource\UXBc_Clean\UXBc\uxb\dist\compiler_messages.log
;;[WARN][SEMANTIC] UXB_SEMANTIC_FAILED: semantic-step3: missing type at ast=1 kind=DIM_STMT;C:\Users\mete\Downloads\BasicOyunSource\UXBc_Clean\UXBc\uxb\dist\compiler_messages.log
;;[WARN][SEMANTIC] UXB_SEMANTIC_FAILED: semantic-step3: missing type at ast=2 kind=DIM_DECL;C:\Users\mete\Downloads\BasicOyunSource\UXBc_Clean\UXBc\uxb\dist\compiler_messages.log
;;[WARN][SEMANTIC] UXB_SEMANTIC_FAILED: semantic-step3: SEM_E_INVALID_SLOT_RANGE: slot index out of range: 300;C:\Users\mete\Downloads\BasicOyunSource\UXBc_Clean\UXBc\uxb\dist\compiler_messages.log
;;[WARN][SEMANTIC] UXB_SEMANTIC_FAILED: semantic-step3: SEM_E_INVALID_SLOT_RANGE: unknown thread target: unknownworker;C:\Users\mete\Downloads\BasicOyunSource\UXBc_Clean\UXBc\uxb\dist\compiler_messages.log
;;[WARN][SEMANTIC] UXB_SEMANTIC_FAILED: semantic-step3: type: assignment cannot convert TYPE_I32 to TYPE_PTR;C:\Users\mete\Downloads\BasicOyunSource\UXBc_Clean\UXBc\uxb\dist\compiler_messages.log
;;[WARN][SEMANTIC] UXB_SEMANTIC_FAILED: semantic-step3: type: assignment cannot convert TYPE_STRING to TYPE_I32;C:\Users\mete\Downloads\BasicOyunSource\UXBc_Clean\UXBc\uxb\dist\compiler_messages.log
;;[WARN][SEMANTIC] UXB_SEMANTIC_FAILED: semantic-step3: type: assignment requires explicit cast TYPE_F64 to TYPE_OBJECT;C:\Users\mete\Downloads\BasicOyunSource\UXBc_Clean\UXBc\uxb\dist\compiler_messages.log
;;[WARN][SEMANTIC] UXB_SEMANTIC_FAILED: semantic-step3: type: assignment requires explicit cast TYPE_OBJECT to TYPE_BALL;C:\Users\mete\Downloads\BasicOyunSource\UXBc_Clean\UXBc\uxb\dist\compiler_messages.log
;;[WARN][SEMANTIC] UXB_SEMANTIC_FAILED: semantic-step3: type: assignment requires explicit cast TYPE_OBJECT to TYPE_BIGD;C:\Users\mete\Downloads\BasicOyunSource\UXBc_Clean\UXBc\uxb\dist\compiler_messages.log
;;[WARN][SEMANTIC] UXB_SEMANTIC_FAILED: semantic-step3: type: assignment requires explicit cast TYPE_OBJECT to TYPE_BIGFLOAT;C:\Users\mete\Downloads\BasicOyunSource\UXBc_Clean\UXBc\uxb\dist\compiler_messages.log
;;[WARN][SEMANTIC] UXB_SEMANTIC_FAILED: semantic-step3: type: assignment requires explicit cast TYPE_OBJECT to TYPE_BIGINT;C:\Users\mete\Downloads\BasicOyunSource\UXBc_Clean\UXBc\uxb\dist\compiler_messages.log
;;[WARN][SEMANTIC] UXB_SEMANTIC_FAILED: semantic-step3: type: BIGINIT unknown kind NOPE;C:\Users\mete\Downloads\BasicOyunSource\UXBc_Clean\UXBc\uxb\dist\compiler_messages.log
;;[WARN][SEMANTIC] UXB_SEMANTIC_FAILED: semantic-step3: type: missing child;C:\Users\mete\Downloads\BasicOyunSource\UXBc_Clean\UXBc\uxb\dist\compiler_messages.log
;;[WARN][SEMANTIC] UXB_SEMANTIC_FAILED: semantic-step3: type: numeric operands required;C:\Users\mete\Downloads\BasicOyunSource\UXBc_Clean\UXBc\uxb\dist\compiler_messages.log
;;[WARN][SEMANTIC] UXB_SEMANTIC_FAILED: semantic-step3: type: unknown symbol: a$;C:\Users\mete\Downloads\BasicOyunSource\UXBc_Clean\UXBc\uxb\dist\compiler_messages.log
;;[WARN][SEMANTIC] UXB_SEMANTIC_FAILED: semantic-step3: type: unknown symbol: missingfield;C:\Users\mete\Downloads\BasicOyunSource\UXBc_Clean\UXBc\uxb\dist\compiler_messages.log
;;[WARN][SEMANTIC] UXB_SEMANTIC_FAILED: semantic-step3: type: unknown symbol: nested_value;C:\Users\mete\Downloads\BasicOyunSource\UXBc_Clean\UXBc\uxb\dist\compiler_messages.log
;;[WARN][SEMANTIC] UXB_SEMANTIC_FAILED: semantic-step3: type: unknown symbol: notdeclaredvariable;C:\Users\mete\Downloads\BasicOyunSource\UXBc_Clean\UXBc\uxb\dist\compiler_messages.log
;;[WARN][SEMANTIC] UXB_SEMANTIC_FAILED: semantic-step3: type: unknown symbol: RND;C:\Users\mete\Downloads\BasicOyunSource\UXBc_Clean\UXBc\uxb\dist\compiler_messages.log
;;[WARN][SEMANTIC] UXB_SEMANTIC_FAILED: semantic-step3: type: unknown symbol: s;C:\Users\mete\Downloads\BasicOyunSource\UXBc_Clean\UXBc\uxb\dist\compiler_messages.log
;;[WARN][SEMANTIC] UXB_SEMANTIC_FAILED: semantic-step3: type: unknown symbol: s$;C:\Users\mete\Downloads\BasicOyunSource\UXBc_Clean\UXBc\uxb\dist\compiler_messages.log
;;[WARN][SEMANTIC] UXB_SEMANTIC_FAILED: semantic-step3: type: unknown symbol: true;C:\Users\mete\Downloads\BasicOyunSource\UXBc_Clean\UXBc\uxb\dist\compiler_messages.log
;;[WARN][SEMANTIC] UXB_SEMANTIC_FAILED: semantic-step3: type: unknown symbol: unknownvalue;C:\Users\mete\Downloads\BasicOyunSource\UXBc_Clean\UXBc\uxb\dist\compiler_messages.log
;;[WARN][SEMANTIC] UXB_SEMANTIC_FAILED: semantic-step3: type: unknown symbol: value;C:\Users\mete\Downloads\BasicOyunSource\UXBc_Clean\UXBc\uxb\dist\compiler_messages.log
;;[WARN][SEMANTIC] UXB_SEMANTIC_FAILED: semantic-step3: type: unknown symbol: wend;C:\Users\mete\Downloads\BasicOyunSource\UXBc_Clean\UXBc\uxb\dist\compiler_messages.log
;;[WARN][SEMANTIC] UXB_SEMANTIC_FAILED: semantic-step3: type: unknown symbol: worker;C:\Users\mete\Downloads\BasicOyunSource\UXBc_Clean\UXBc\uxb\dist\compiler_messages.log
;;[WARN][SEMANTIC] UXB_SEMANTIC_FAILED: semantic-step3: type: unknown symbol: yaz;C:\Users\mete\Downloads\BasicOyunSource\UXBc_Clean\UXBc\uxb\dist\compiler_messages.log
;;[WARN][SEMANTIC] UXB_SEMANTIC_FAILED: semantic-step3: type: unknown type 'BALL(256)';C:\Users\mete\Downloads\BasicOyunSource\UXBc_Clean\UXBc\uxb\dist\compiler_messages.log
;;[WARN][SEMANTIC] UXB_SEMANTIC_FAILED: semantic-step3: type: unknown type 'BIGD(80)';C:\Users\mete\Downloads\BasicOyunSource\UXBc_Clean\UXBc\uxb\dist\compiler_messages.log
;;[WARN][SEMANTIC] UXB_SEMANTIC_FAILED: semantic-step3: type: unknown type 'BIGF(128)';C:\Users\mete\Downloads\BasicOyunSource\UXBc_Clean\UXBc\uxb\dist\compiler_messages.log
;;[WARN][SEMANTIC] UXB_SEMANTIC_FAILED: semantic-step3: type: unknown type 'BIGF(256)';C:\Users\mete\Downloads\BasicOyunSource\UXBc_Clean\UXBc\uxb\dist\compiler_messages.log
;;BEGIN|LEXER|tests/adim13/negative/adim13_x86_unsupported.bas;C:\Users\mete\Downloads\BasicOyunSource\UXBc_Clean\UXBc\uxb\dist\layer_events.log
;;BEGIN|PARSER|tests/adim13/negative/adim13_x86_unsupported.bas;C:\Users\mete\Downloads\BasicOyunSource\UXBc_Clean\UXBc\uxb\dist\layer_events.log
;;BEGIN|SOURCE_LOAD|tests/adim13/negative/adim13_x86_unsupported.bas;C:\Users\mete\Downloads\BasicOyunSource\UXBc_Clean\UXBc\uxb\dist\layer_events.log
;;DIAG|AST_INTERPRETER|UXB_AST_INTERPRETER_FAILED|exec: Expression: Tanımlanmamış değişken: RND;C:\Users\mete\Downloads\BasicOyunSource\UXBc_Clean\UXBc\uxb\dist\layer_events.log
;;DIAG|AST_INTERPRETER|UXB_AST_INTERPRETER_FAILED|exec: INPUT# failed (7006) mode not readable;C:\Users\mete\Downloads\BasicOyunSource\UXBc_Clean\UXBc\uxb\dist\layer_events.log
;;DIAG|AST_INTERPRETER|UXB_AST_INTERPRETER_FAILED|exec: OPEN failed (7012) file not found;C:\Users\mete\Downloads\BasicOyunSource\UXBc_Clean\UXBc\uxb\dist\layer_events.log
;;DIAG|AST_INTERPRETER|UXB_AST_INTERPRETER_FAILED|exec: PRINT# mode not writable;C:\Users\mete\Downloads\BasicOyunSource\UXBc_Clean\UXBc\uxb\dist\layer_events.log
;;DIAG|AST_INTERPRETER|UXB_AST_INTERPRETER_FAILED|exec: unsupported call LEFT;C:\Users\mete\Downloads\BasicOyunSource\UXBc_Clean\UXBc\uxb\dist\layer_events.log
;;DIAG|AST_INTERPRETER|UXB_AST_INTERPRETER_FAILED|exec: unsupported call UCASE;C:\Users\mete\Downloads\BasicOyunSource\UXBc_Clean\UXBc\uxb\dist\layer_events.log
;;DIAG|AST_INTERPRETER|UXB_AST_INTERPRETER_FAILED|exec: unsupported statement kind PRINT_FILE_STMT;C:\Users\mete\Downloads\BasicOyunSource\UXBc_Clean\UXBc\uxb\dist\layer_events.log
;;DIAG|AST_INTERPRETER|UXB_AST_INTERPRETER_FAILED|exec: unsupported statement kind WHILE_STMT;C:\Users\mete\Downloads\BasicOyunSource\UXBc_Clean\UXBc\uxb\dist\layer_events.log
;;DIAG|MIR_INTERPRETER|UXB_MIR_INTERPRETER_FAILED|MIR: CALL desteklenmiyor: LEFT;C:\Users\mete\Downloads\BasicOyunSource\UXBc_Clean\UXBc\uxb\dist\layer_events.log
;;DIAG|MIR_INTERPRETER|UXB_MIR_INTERPRETER_FAILED|MIR: CALL OPEN basarisiz;C:\Users\mete\Downloads\BasicOyunSource\UXBc_Clean\UXBc\uxb\dist\layer_events.log
;;DIAG|MIR_INTERPRETER|UXB_MIR_INTERPRETER_FAILED|MIR: slot target arguman cozumlene medi;C:\Users\mete\Downloads\BasicOyunSource\UXBc_Clean\UXBc\uxb\dist\layer_events.log
;;DIAG|PARSER|UXB_PARSER_FAILED|CALL(DLL): signature token must be a keyword;C:\Users\mete\Downloads\BasicOyunSource\UXBc_Clean\UXBc\uxb\dist\layer_events.log
;;DIAG|PARSER|UXB_PARSER_FAILED|INPUT#: targets must be IDENT;C:\Users\mete\Downloads\BasicOyunSource\UXBc_Clean\UXBc\uxb\dist\layer_events.log
;;DIAG|PARSER|UXB_PARSER_FAILED|parse failed with 1 error(s), first: [PARSER_STMT_FAIL] [1:13] CONST: missing = near KEYWORD('AS') @1:13;C:\Users\mete\Downloads\BasicOyunSource\UXBc_Clean\UXBc\uxb\dist\layer_events.log
;;DIAG|PARSER|UXB_PARSER_FAILED|parse failed with 1 error(s), first: [PARSER_STMT_FAIL] [1:23] missing ( in signature near KEYWORD('CDECL') @1:23;C:\Users\mete\Downloads\BasicOyunSource\UXBc_Clean\UXBc\uxb\dist\layer_events.log
;;DIAG|PARSER|UXB_PARSER_FAILED|parse failed with 1 error(s), first: [PARSER_STMT_FAIL] [1:29] missing ( in signature near IDENT('lib') @1:29;C:\Users\mete\Downloads\BasicOyunSource\UXBc_Clean\UXBc\uxb\dist\layer_events.log
;;DIAG|PARSER|UXB_PARSER_FAILED|parse failed with 1 error(s), first: [PARSER_STMT_FAIL] [1:8] IMPORT: expected syntax IMPORT(<LANG>, file) near IDENT('dll') @1:8;C:\Users\mete\Downloads\BasicOyunSource\UXBc_Clean\UXBc\uxb\dist\layer_events.log
;;DIAG|PARSER|UXB_PARSER_FAILED|parse failed with 1 error(s), first: [PARSER_STMT_FAIL] [1:8] IMPORT: expected syntax IMPORT(<LANG>, file) near IDENT('lib') @1:8;C:\Users\mete\Downloads\BasicOyunSource\UXBc_Clean\UXBc\uxb\dist\layer_events.log
;;DIAG|PARSER|UXB_PARSER_FAILED|parse failed with 1 error(s), first: [PARSER_STMT_FAIL] [1:9] DECLARE: expected SUB or FUNCTION near IDENT('function') @1:9;C:\Users\mete\Downloads\BasicOyunSource\UXBc_Clean\UXBc\uxb\dist\layer_events.log
;;DIAG|PARSER|UXB_PARSER_FAILED|parse failed with 1 error(s), first: [PARSER_STMT_FAIL] [1:9] INCLUDE: unsafe or unsupported path near STRING('tests/adim36_full_surface/includes/cycle_a.uxbh') @1:9;C:\Users\mete\Downloads\BasicOyunSource\UXBc_Clean\UXBc\uxb\dist\layer_events.log
;;DIAG|PARSER|UXB_PARSER_FAILED|parse failed with 1 error(s), first: [PARSER_STMT_FAIL] [1:9] INCLUDE: unsafe or unsupported path near STRING('tests/adim36_full_surface/includes/gui_winapi.uxbh') @1:9;C:\Users\mete\Downloads\BasicOyunSource\UXBc_Clean\UXBc\uxb\dist\layer_events.log
;;DIAG|PARSER|UXB_PARSER_FAILED|parse failed with 1 error(s), first: [PARSER_STMT_FAIL] [1:9] INCLUDE: unsafe or unsupported path near STRING('tests/adim36_full_surface/includes/math_aliases.uxbh') @1:9;C:\Users\mete\Downloads\BasicOyunSource\UXBc_Clean\UXBc\uxb\dist\layer_events.log
;;DIAG|PARSER|UXB_PARSER_FAILED|parse failed with 1 error(s), first: [PARSER_STMT_FAIL] [1:9] INCLUDE: unsafe or unsupported path near STRING('tests/adim36_full_surface/includes/nested_constants.uxbh') @1:9;C:\Users\mete\Downloads\BasicOyunSource\UXBc_Clean\UXBc\uxb\dist\layer_events.log
;;DIAG|PARSER|UXB_PARSER_FAILED|parse failed with 1 error(s), first: [PARSER_STMT_FAIL] [1:9] INCLUDE: unsafe or unsupported path near STRING('tests/adim36_full_surface/includes/science_routes.uxbh') @1:9;C:\Users\mete\Downloads\BasicOyunSource\UXBc_Clean\UXBc\uxb\dist\layer_events.log
;;DIAG|PARSER|UXB_PARSER_FAILED|parse failed with 1 error(s), first: [PARSER_STMT_FAIL] [10:7] statement parse failed near OP('#') @10:7;C:\Users\mete\Downloads\BasicOyunSource\UXBc_Clean\UXBc\uxb\dist\layer_events.log
;;DIAG|PARSER|UXB_PARSER_FAILED|parse failed with 1 error(s), first: [PARSER_STMT_FAIL] [2:15] THREAD: unexpected trailing tokens near KEYWORD('SLOT') @2:15;C:\Users\mete\Downloads\BasicOyunSource\UXBc_Clean\UXBc\uxb\dist\layer_events.log
;;DIAG|PARSER|UXB_PARSER_FAILED|parse failed with 1 error(s), first: [PARSER_STMT_FAIL] [2:7] expression expected near OP('=') @2:7;C:\Users\mete\Downloads\BasicOyunSource\UXBc_Clean\UXBc\uxb\dist\layer_events.log
;;DIAG|PARSER|UXB_PARSER_FAILED|parse failed with 1 error(s), first: [PARSER_STMT_FAIL] [22:18] ON: unexpected trailing tokens near KEYWORD('SLOT') @22:18;C:\Users\mete\Downloads\BasicOyunSource\UXBc_Clean\UXBc\uxb\dist\layer_events.log
;;DIAG|PARSER|UXB_PARSER_FAILED|parse failed with 1 error(s), first: [PARSER_STMT_FAIL] [3:1] missing END IF near EOF('') @3:1;C:\Users\mete\Downloads\BasicOyunSource\UXBc_Clean\UXBc\uxb\dist\layer_events.log
;;DIAG|PARSER|UXB_PARSER_FAILED|parse failed with 1 error(s), first: [PARSER_STMT_FAIL] [3:93] missing ) in signature near IDENT('text') @3:93;C:\Users\mete\Downloads\BasicOyunSource\UXBc_Clean\UXBc\uxb\dist\layer_events.log
;;DIAG|PARSER|UXB_PARSER_FAILED|parse failed with 1 error(s), first: [PARSER_STMT_FAIL] [4:1] missing END IF near EOF('') @4:1;C:\Users\mete\Downloads\BasicOyunSource\UXBc_Clean\UXBc\uxb\dist\layer_events.log
;;DIAG|PARSER|UXB_PARSER_FAILED|parse failed with 1 error(s), first: [PARSER_STMT_FAIL] [4:13] statement parse failed near UNKNOWN('$') @4:13;C:\Users\mete\Downloads\BasicOyunSource\UXBc_Clean\UXBc\uxb\dist\layer_events.log
;;DIAG|PARSER|UXB_PARSER_FAILED|parse failed with 1 error(s), first: [PARSER_STMT_FAIL] [42:1] missing END IF near EOF('') @42:1;C:\Users\mete\Downloads\BasicOyunSource\UXBc_Clean\UXBc\uxb\dist\layer_events.log
;;DIAG|PARSER|UXB_PARSER_FAILED|parse failed with 1 error(s), first: [PARSER_STMT_FAIL] [8:5] AST contract node missing: WHILE_STMT near EOL('') @8:5;C:\Users\mete\Downloads\BasicOyunSource\UXBc_Clean\UXBc\uxb\dist\layer_events.log
;;DIAG|PARSER|UXB_PARSER_FAILED|parse failed with 2 error(s), first: [2:5] CLASS: field identifier expected;C:\Users\mete\Downloads\BasicOyunSource\UXBc_Clean\UXBc\uxb\dist\layer_events.log
;;DIAG|PARSER|UXB_PARSER_FAILED|parse failed with 2 error(s), first: [PARSER_STMT_FAIL] [2:14] EVENT: unexpected trailing tokens near KEYWORD('SLOT') @2:14;C:\Users\mete\Downloads\BasicOyunSource\UXBc_Clean\UXBc\uxb\dist\layer_events.log
;;DIAG|PARSER|UXB_PARSER_FAILED|parse failed with 2 error(s), first: [PARSER_STMT_FAIL] [2:5] END: unexpected arguments near KEYWORD('THREAD') @2:5;C:\Users\mete\Downloads\BasicOyunSource\UXBc_Clean\UXBc\uxb\dist\layer_events.log
;;DIAG|PARSER|UXB_PARSER_FAILED|parse failed with 2 error(s), first: [PARSER_STMT_FAIL] [3:5] END: unexpected arguments near IDENT('thread') @3:5;C:\Users\mete\Downloads\BasicOyunSource\UXBc_Clean\UXBc\uxb\dist\layer_events.log
;;DIAG|PARSER|UXB_PARSER_FAILED|parse failed with 2 error(s), first: [PARSER_STMT_FAIL] [4:5] CLASS: duplicate member name: X near IDENT('x') @4:5;C:\Users\mete\Downloads\BasicOyunSource\UXBc_Clean\UXBc\uxb\dist\layer_events.log
;;DIAG|PARSER|UXB_PARSER_FAILED|parse failed with 2 error(s), first: [PARSER_STMT_FAIL] [6:12] statement parse failed near UNKNOWN('$') @6:12;C:\Users\mete\Downloads\BasicOyunSource\UXBc_Clean\UXBc\uxb\dist\layer_events.log
;;DIAG|PARSER|UXB_PARSER_FAILED|parse failed with 3 error(s), first: [PARSER_STMT_FAIL] [1:17] CONST: value expression expected near UNKNOWN('{') @1:17;C:\Users\mete\Downloads\BasicOyunSource\UXBc_Clean\UXBc\uxb\dist\layer_events.log
;;DIAG|PARSER|UXB_PARSER_FAILED|parse failed with 3 error(s), first: [PARSER_STMT_FAIL] [2:1] statement parse failed near OP('<') @2:1;C:\Users\mete\Downloads\BasicOyunSource\UXBc_Clean\UXBc\uxb\dist\layer_events.log
;;DIAG|PARSER|UXB_PARSER_FAILED|parse failed with 3 error(s), first: [PARSER_STMT_FAIL] [3:11] missing ) in signature near IDENT('n') @3:11;C:\Users\mete\Downloads\BasicOyunSource\UXBc_Clean\UXBc\uxb\dist\layer_events.log
;;DIAG|PARSER|UXB_PARSER_FAILED|parse failed with 3 error(s), first: [PARSER_STMT_FAIL] [3:5] END: unexpected arguments near IDENT('thread') @3:5;C:\Users\mete\Downloads\BasicOyunSource\UXBc_Clean\UXBc\uxb\dist\layer_events.log
;;DIAG|PARSER|UXB_PARSER_FAILED|parse failed with 3 error(s), first: [PARSER_STMT_FAIL] [5:1] CLASS: duplicate CONSTRUCTOR declaration near KEYWORD('CONSTRUCTOR') @5:1;C:\Users\mete\Downloads\BasicOyunSource\UXBc_Clean\UXBc\uxb\dist\layer_events.log
;;DIAG|PARSER|UXB_PARSER_FAILED|parse failed with 5 error(s), first: [PARSER_STMT_FAIL] [1:68] parameter identifier expected near EOL('') @1:68;C:\Users\mete\Downloads\BasicOyunSource\UXBc_Clean\UXBc\uxb\dist\layer_events.log
;;DIAG|PARSER|UXB_PARSER_FAILED|parse failed with 5 error(s), first: [PARSER_STMT_FAIL] [5:33] statement parse failed near OP(',') @5:33;C:\Users\mete\Downloads\BasicOyunSource\UXBc_Clean\UXBc\uxb\dist\layer_events.log
;;DIAG|PARSER|UXB_PARSER_FAILED|parse failed with 7 error(s), first: [PARSER_STMT_FAIL] [5:6] invalid slot kind worker near IDENT('worker') @5:6;C:\Users\mete\Downloads\BasicOyunSource\UXBc_Clean\UXBc\uxb\dist\layer_events.log
;;DIAG|PARSER|UXB_PARSER_FAILED|parse failed with 8 error(s), first: [PARSER_STMT_FAIL] [2:8] IMPORT: expected syntax IMPORT(<LANG>, file) near IDENT('dll') @2:8;C:\Users\mete\Downloads\BasicOyunSource\UXBc_Clean\UXBc\uxb\dist\layer_events.log
;;DIAG|PARSER|UXB_PARSER_FAILED|preprocess fail [tests/adim36_full_surface/negative/100_preprocessor_unknown_directive.uxb:1] META_UNKNOWN_DIRECTIVE: NO_SUCH_DIRECTIVE;C:\Users\mete\Downloads\BasicOyunSource\UXBc_Clean\UXBc\uxb\dist\layer_events.log
;;DIAG|PARSER|UXB_PARSER_FAILED|preprocess fail [tests/adim36_full_surface/negative/95_include_cycle_a.uxb:1] LEX_INCLUDE_FAILED: tests/adim36_full_surface/includes/cycle_a.uxbh;C:\Users\mete\Downloads\BasicOyunSource\UXBc_Clean\UXBc\uxb\dist\layer_events.log
;;DIAG|PARSER|UXB_PARSER_FAILED|preprocess fail [tests/adim36_full_surface/positive/13_include_header_math.uxb:1] LEX_INCLUDE_FAILED: tests/adim36_full_surface/includes/math_aliases.uxbh;C:\Users\mete\Downloads\BasicOyunSource\UXBc_Clean\UXBc\uxb\dist\layer_events.log
;;DIAG|PARSER|UXB_PARSER_FAILED|preprocess fail [tests/adim36_full_surface/positive/14_include_nested.uxb:1] LEX_INCLUDE_FAILED: tests/adim36_full_surface/includes/nested_constants.uxbh;C:\Users\mete\Downloads\BasicOyunSource\UXBc_Clean\UXBc\uxb\dist\layer_events.log
;;DIAG|PARSER|UXB_PARSER_FAILED|preprocess fail [tests/adim36_full_surface/positive/32_winapi_messagebox_decl.bas:1] LEX_INCLUDE_FAILED: tests/adim36_full_surface/includes/gui_winapi.uxbh;C:\Users\mete\Downloads\BasicOyunSource\UXBc_Clean\UXBc\uxb\dist\layer_events.log
;;DIAG|PARSER|UXB_PARSER_FAILED|preprocess fail [tests/adim36_full_surface/positive/33_science_math_dll_routes.bas:1] LEX_INCLUDE_FAILED: tests/adim36_full_surface/includes/science_routes.uxbh;C:\Users\mete\Downloads\BasicOyunSource\UXBc_Clean\UXBc\uxb\dist\layer_events.log
;;DIAG|PARSER|UXB_PARSER_FAILED|preprocess fail [tests/adim36_full_surface/positive/35_matrix_dll_routes.bas:1] LEX_INCLUDE_FAILED: tests/adim36_full_surface/includes/science_routes.uxbh;C:\Users\mete\Downloads\BasicOyunSource\UXBc_Clean\UXBc\uxb\dist\layer_events.log
;;DIAG|PARSER|UXB_PARSER_FAILED|preprocess fail [tests/adim36_full_surface/positive/36_tensor_nn_routes.bas:1] LEX_INCLUDE_FAILED: tests/adim36_full_surface/includes/science_routes.uxbh;C:\Users\mete\Downloads\BasicOyunSource\UXBc_Clean\UXBc\uxb\dist\layer_events.log
;;DIAG|PARSER|UXB_PARSER_FAILED|preprocess fail [tests/adim36_full_surface/positive/37_llama_onnx_routes.bas:1] LEX_INCLUDE_FAILED: tests/adim36_full_surface/includes/science_routes.uxbh;C:\Users\mete\Downloads\BasicOyunSource\UXBc_Clean\UXBc\uxb\dist\layer_events.log
;;DIAG|PARSER|UXB_PARSER_FAILED|preprocess fail [tests/adim36_full_surface/positive/41_preprocessor_loops.uxb:6] META_UNKNOWN_DIRECTIVE: ENDFOREACH;C:\Users\mete\Downloads\BasicOyunSource\UXBc_Clean\UXBc\uxb\dist\layer_events.log
;;DIAG|PARSER|UXB_PARSER_FAILED|preprocess fail [tests/adim36_full_surface/positive/45_gui_winapi_surface.bas:1] LEX_INCLUDE_FAILED: tests/adim36_full_surface/includes/gui_winapi.uxbh;C:\Users\mete\Downloads\BasicOyunSource\UXBc_Clean\UXBc\uxb\dist\layer_events.log
;;DIAG|PARSER|UXB_PARSER_FAILED|preprocess fail [tests/adim36_full_surface/positive/61_preprocessor_foreach_ifn_elif.uxb:13] META_UNKNOWN_DIRECTIVE: ENDFOREACH;C:\Users\mete\Downloads\BasicOyunSource\UXBc_Clean\UXBc\uxb\dist\layer_events.log
;;DIAG|PARSER|UXB_PARSER_FAILED|preprocess fail [tests/adim36_full_surface/positive/62_plain_include_visibility.uxb:1] LEX_INCLUDE_FAILED: tests/adim36_full_surface/includes/adim42_inc_math.uxbh;C:\Users\mete\Downloads\BasicOyunSource\UXBc_Clean\UXBc\uxb\dist\layer_events.log
;;DIAG|PARSER|UXB_PARSER_FAILED|preprocess fail [tests/adim36_full_surface/positive/67_preprocessor_foreach_adim42.uxb:4] META_UNKNOWN_DIRECTIVE: ENDFOREACH;C:\Users\mete\Downloads\BasicOyunSource\UXBc_Clean\UXBc\uxb\dist\layer_events.log
;;DIAG|PARSER|UXB_PARSER_FAILED|preprocess fail [tests/full_layer/negative/93_unsafe_include.uxb:1] LEX_UNSAFE_INCLUDE_PATH: ..\secret.bas;C:\Users\mete\Downloads\BasicOyunSource\UXBc_Clean\UXBc\uxb\dist\layer_events.log
;;DIAG|PARSER|UXB_PARSER_FAILED|preprocess fail [tests\adim30_10step\negative\92_include_cycle_b.uxb:1] LEX_INCLUDE_CYCLE: tests\adim30_10step\negative\92_include_cycle_a.uxb;C:\Users\mete\Downloads\BasicOyunSource\UXBc_Clean\UXBc\uxb\dist\layer_events.log
;;DIAG|PARSER|UXB_PARSER_FAILED|preprocess fail [tests\adim36_full_surface\includes\cycle_b.uxbh:1] LEX_INCLUDE_CYCLE: tests\adim36_full_surface\includes\cycle_a.uxbh;C:\Users\mete\Downloads\BasicOyunSource\UXBc_Clean\UXBc\uxb\dist\layer_events.log
;;DIAG|PARSER|UXB_PARSER_FAILED|preprocess fail [tests\full_layer\negative\92_include_cycle_b.uxb:1] LEX_INCLUDE_CYCLE: tests\full_layer\negative\92_include_cycle_a.uxb;C:\Users\mete\Downloads\BasicOyunSource\UXBc_Clean\UXBc\uxb\dist\layer_events.log
;;DIAG|PARSER|UXB_PARSER_FAILED|unknown type: PTR;C:\Users\mete\Downloads\BasicOyunSource\UXBc_Clean\UXBc\uxb\dist\layer_events.log
;;DIAG|SEMANTIC|UXB_SEMANTIC_FAILED|semantic-step3: assign: left side is not writable: CALL_EXPR;C:\Users\mete\Downloads\BasicOyunSource\UXBc_Clean\UXBc\uxb\dist\layer_events.log
;;DIAG|SEMANTIC|UXB_SEMANTIC_FAILED|semantic-step3: missing type at ast=1 kind=DIM_STMT;C:\Users\mete\Downloads\BasicOyunSource\UXBc_Clean\UXBc\uxb\dist\layer_events.log
;;DIAG|SEMANTIC|UXB_SEMANTIC_FAILED|semantic-step3: missing type at ast=2 kind=DIM_DECL;C:\Users\mete\Downloads\BasicOyunSource\UXBc_Clean\UXBc\uxb\dist\layer_events.log
;;DIAG|SEMANTIC|UXB_SEMANTIC_FAILED|semantic-step3: SEM_E_INVALID_SLOT_RANGE: slot index out of range: 300;C:\Users\mete\Downloads\BasicOyunSource\UXBc_Clean\UXBc\uxb\dist\layer_events.log
;;DIAG|SEMANTIC|UXB_SEMANTIC_FAILED|semantic-step3: SEM_E_INVALID_SLOT_RANGE: unknown thread target: unknownworker;C:\Users\mete\Downloads\BasicOyunSource\UXBc_Clean\UXBc\uxb\dist\layer_events.log
;;DIAG|SEMANTIC|UXB_SEMANTIC_FAILED|semantic-step3: type: assignment cannot convert TYPE_I32 to TYPE_PTR;C:\Users\mete\Downloads\BasicOyunSource\UXBc_Clean\UXBc\uxb\dist\layer_events.log
;;DIAG|SEMANTIC|UXB_SEMANTIC_FAILED|semantic-step3: type: assignment cannot convert TYPE_STRING to TYPE_I32;C:\Users\mete\Downloads\BasicOyunSource\UXBc_Clean\UXBc\uxb\dist\layer_events.log
;;DIAG|SEMANTIC|UXB_SEMANTIC_FAILED|semantic-step3: type: assignment requires explicit cast TYPE_F64 to TYPE_OBJECT;C:\Users\mete\Downloads\BasicOyunSource\UXBc_Clean\UXBc\uxb\dist\layer_events.log
;;DIAG|SEMANTIC|UXB_SEMANTIC_FAILED|semantic-step3: type: assignment requires explicit cast TYPE_OBJECT to TYPE_BALL;C:\Users\mete\Downloads\BasicOyunSource\UXBc_Clean\UXBc\uxb\dist\layer_events.log
;;DIAG|SEMANTIC|UXB_SEMANTIC_FAILED|semantic-step3: type: assignment requires explicit cast TYPE_OBJECT to TYPE_BIGD;C:\Users\mete\Downloads\BasicOyunSource\UXBc_Clean\UXBc\uxb\dist\layer_events.log
;;DIAG|SEMANTIC|UXB_SEMANTIC_FAILED|semantic-step3: type: assignment requires explicit cast TYPE_OBJECT to TYPE_BIGFLOAT;C:\Users\mete\Downloads\BasicOyunSource\UXBc_Clean\UXBc\uxb\dist\layer_events.log
;;DIAG|SEMANTIC|UXB_SEMANTIC_FAILED|semantic-step3: type: assignment requires explicit cast TYPE_OBJECT to TYPE_BIGINT;C:\Users\mete\Downloads\BasicOyunSource\UXBc_Clean\UXBc\uxb\dist\layer_events.log
;;DIAG|SEMANTIC|UXB_SEMANTIC_FAILED|semantic-step3: type: BIGINIT unknown kind NOPE;C:\Users\mete\Downloads\BasicOyunSource\UXBc_Clean\UXBc\uxb\dist\layer_events.log
;;DIAG|SEMANTIC|UXB_SEMANTIC_FAILED|semantic-step3: type: missing child;C:\Users\mete\Downloads\BasicOyunSource\UXBc_Clean\UXBc\uxb\dist\layer_events.log
;;DIAG|SEMANTIC|UXB_SEMANTIC_FAILED|semantic-step3: type: numeric operands required;C:\Users\mete\Downloads\BasicOyunSource\UXBc_Clean\UXBc\uxb\dist\layer_events.log
;;DIAG|SEMANTIC|UXB_SEMANTIC_FAILED|semantic-step3: type: unknown symbol: a$;C:\Users\mete\Downloads\BasicOyunSource\UXBc_Clean\UXBc\uxb\dist\layer_events.log
;;DIAG|SEMANTIC|UXB_SEMANTIC_FAILED|semantic-step3: type: unknown symbol: missingfield;C:\Users\mete\Downloads\BasicOyunSource\UXBc_Clean\UXBc\uxb\dist\layer_events.log
;;DIAG|SEMANTIC|UXB_SEMANTIC_FAILED|semantic-step3: type: unknown symbol: nested_value;C:\Users\mete\Downloads\BasicOyunSource\UXBc_Clean\UXBc\uxb\dist\layer_events.log
;;DIAG|SEMANTIC|UXB_SEMANTIC_FAILED|semantic-step3: type: unknown symbol: notdeclaredvariable;C:\Users\mete\Downloads\BasicOyunSource\UXBc_Clean\UXBc\uxb\dist\layer_events.log
;;DIAG|SEMANTIC|UXB_SEMANTIC_FAILED|semantic-step3: type: unknown symbol: RND;C:\Users\mete\Downloads\BasicOyunSource\UXBc_Clean\UXBc\uxb\dist\layer_events.log
;;DIAG|SEMANTIC|UXB_SEMANTIC_FAILED|semantic-step3: type: unknown symbol: s;C:\Users\mete\Downloads\BasicOyunSource\UXBc_Clean\UXBc\uxb\dist\layer_events.log
;;DIAG|SEMANTIC|UXB_SEMANTIC_FAILED|semantic-step3: type: unknown symbol: s$;C:\Users\mete\Downloads\BasicOyunSource\UXBc_Clean\UXBc\uxb\dist\layer_events.log
;;DIAG|SEMANTIC|UXB_SEMANTIC_FAILED|semantic-step3: type: unknown symbol: true;C:\Users\mete\Downloads\BasicOyunSource\UXBc_Clean\UXBc\uxb\dist\layer_events.log
;;DIAG|SEMANTIC|UXB_SEMANTIC_FAILED|semantic-step3: type: unknown symbol: unknownvalue;C:\Users\mete\Downloads\BasicOyunSource\UXBc_Clean\UXBc\uxb\dist\layer_events.log
;;DIAG|SEMANTIC|UXB_SEMANTIC_FAILED|semantic-step3: type: unknown symbol: value;C:\Users\mete\Downloads\BasicOyunSource\UXBc_Clean\UXBc\uxb\dist\layer_events.log
;;DIAG|SEMANTIC|UXB_SEMANTIC_FAILED|semantic-step3: type: unknown symbol: wend;C:\Users\mete\Downloads\BasicOyunSource\UXBc_Clean\UXBc\uxb\dist\layer_events.log
;;DIAG|SEMANTIC|UXB_SEMANTIC_FAILED|semantic-step3: type: unknown symbol: worker;C:\Users\mete\Downloads\BasicOyunSource\UXBc_Clean\UXBc\uxb\dist\layer_events.log
;;DIAG|SEMANTIC|UXB_SEMANTIC_FAILED|semantic-step3: type: unknown symbol: yaz;C:\Users\mete\Downloads\BasicOyunSource\UXBc_Clean\UXBc\uxb\dist\layer_events.log
;;DIAG|SEMANTIC|UXB_SEMANTIC_FAILED|semantic-step3: type: unknown type 'BALL(256)';C:\Users\mete\Downloads\BasicOyunSource\UXBc_Clean\UXBc\uxb\dist\layer_events.log
;;DIAG|SEMANTIC|UXB_SEMANTIC_FAILED|semantic-step3: type: unknown type 'BIGD(80)';C:\Users\mete\Downloads\BasicOyunSource\UXBc_Clean\UXBc\uxb\dist\layer_events.log
;;DIAG|SEMANTIC|UXB_SEMANTIC_FAILED|semantic-step3: type: unknown type 'BIGF(128)';C:\Users\mete\Downloads\BasicOyunSource\UXBc_Clean\UXBc\uxb\dist\layer_events.log
;;DIAG|SEMANTIC|UXB_SEMANTIC_FAILED|semantic-step3: type: unknown type 'BIGF(256)';C:\Users\mete\Downloads\BasicOyunSource\UXBc_Clean\UXBc\uxb\dist\layer_events.log
;;END|AST_INTERPRETER|fail|exec: INPUT# failed (7006) mode not readable;C:\Users\mete\Downloads\BasicOyunSource\UXBc_Clean\UXBc\uxb\dist\layer_events.log
;;END|AST_INTERPRETER|fail|exec: OPEN failed (7012) file not found;C:\Users\mete\Downloads\BasicOyunSource\UXBc_Clean\UXBc\uxb\dist\layer_events.log
;;END|AST_INTERPRETER|fail|exec: unsupported call LEFT;C:\Users\mete\Downloads\BasicOyunSource\UXBc_Clean\UXBc\uxb\dist\layer_events.log
;;END|AST_INTERPRETER|fail|exec: unsupported call UCASE;C:\Users\mete\Downloads\BasicOyunSource\UXBc_Clean\UXBc\uxb\dist\layer_events.log
;;END|AST_INTERPRETER|fail|exec: unsupported statement kind PRINT_FILE_STMT;C:\Users\mete\Downloads\BasicOyunSource\UXBc_Clean\UXBc\uxb\dist\layer_events.log
;;END|AST_INTERPRETER|fail|exec: unsupported statement kind WHILE_STMT;C:\Users\mete\Downloads\BasicOyunSource\UXBc_Clean\UXBc\uxb\dist\layer_events.log
;;END|PARSER|fail|parse failed with 1 error(s), first: [PARSER_STMT_FAIL] [1:13] CONST: missing = near KEYWORD('AS') @1:13;C:\Users\mete\Downloads\BasicOyunSource\UXBc_Clean\UXBc\uxb\dist\layer_events.log
;;END|PARSER|fail|parse failed with 1 error(s), first: [PARSER_STMT_FAIL] [1:23] missing ( in signature near KEYWORD('CDECL') @1:23;C:\Users\mete\Downloads\BasicOyunSource\UXBc_Clean\UXBc\uxb\dist\layer_events.log
;;END|PARSER|fail|parse failed with 1 error(s), first: [PARSER_STMT_FAIL] [1:29] missing ( in signature near IDENT('lib') @1:29;C:\Users\mete\Downloads\BasicOyunSource\UXBc_Clean\UXBc\uxb\dist\layer_events.log
;;END|PARSER|fail|parse failed with 1 error(s), first: [PARSER_STMT_FAIL] [1:8] IMPORT: expected syntax IMPORT(<LANG>, file) near IDENT('dll') @1:8;C:\Users\mete\Downloads\BasicOyunSource\UXBc_Clean\UXBc\uxb\dist\layer_events.log
;;END|PARSER|fail|parse failed with 1 error(s), first: [PARSER_STMT_FAIL] [1:8] IMPORT: expected syntax IMPORT(<LANG>, file) near IDENT('lib') @1:8;C:\Users\mete\Downloads\BasicOyunSource\UXBc_Clean\UXBc\uxb\dist\layer_events.log
;;END|PARSER|fail|parse failed with 1 error(s), first: [PARSER_STMT_FAIL] [1:9] DECLARE: expected SUB or FUNCTION near IDENT('function') @1:9;C:\Users\mete\Downloads\BasicOyunSource\UXBc_Clean\UXBc\uxb\dist\layer_events.log
;;END|PARSER|fail|parse failed with 1 error(s), first: [PARSER_STMT_FAIL] [1:9] INCLUDE: unsafe or unsupported path near STRING('tests/adim36_full_surface/includes/cycle_a.uxbh') @1:9;C:\Users\mete\Downloads\BasicOyunSource\UXBc_Clean\UXBc\uxb\dist\layer_events.log
;;END|PARSER|fail|parse failed with 1 error(s), first: [PARSER_STMT_FAIL] [1:9] INCLUDE: unsafe or unsupported path near STRING('tests/adim36_full_surface/includes/gui_winapi.uxbh') @1:9;C:\Users\mete\Downloads\BasicOyunSource\UXBc_Clean\UXBc\uxb\dist\layer_events.log
;;END|PARSER|fail|parse failed with 1 error(s), first: [PARSER_STMT_FAIL] [1:9] INCLUDE: unsafe or unsupported path near STRING('tests/adim36_full_surface/includes/math_aliases.uxbh') @1:9;C:\Users\mete\Downloads\BasicOyunSource\UXBc_Clean\UXBc\uxb\dist\layer_events.log
;;END|PARSER|fail|parse failed with 1 error(s), first: [PARSER_STMT_FAIL] [1:9] INCLUDE: unsafe or unsupported path near STRING('tests/adim36_full_surface/includes/nested_constants.uxbh') @1:9;C:\Users\mete\Downloads\BasicOyunSource\UXBc_Clean\UXBc\uxb\dist\layer_events.log
;;END|PARSER|fail|parse failed with 1 error(s), first: [PARSER_STMT_FAIL] [1:9] INCLUDE: unsafe or unsupported path near STRING('tests/adim36_full_surface/includes/science_routes.uxbh') @1:9;C:\Users\mete\Downloads\BasicOyunSource\UXBc_Clean\UXBc\uxb\dist\layer_events.log
;;END|PARSER|fail|parse failed with 1 error(s), first: [PARSER_STMT_FAIL] [10:7] statement parse failed near OP('#') @10:7;C:\Users\mete\Downloads\BasicOyunSource\UXBc_Clean\UXBc\uxb\dist\layer_events.log
;;END|PARSER|fail|parse failed with 1 error(s), first: [PARSER_STMT_FAIL] [2:15] THREAD: unexpected trailing tokens near KEYWORD('SLOT') @2:15;C:\Users\mete\Downloads\BasicOyunSource\UXBc_Clean\UXBc\uxb\dist\layer_events.log
;;END|PARSER|fail|parse failed with 1 error(s), first: [PARSER_STMT_FAIL] [2:7] expression expected near OP('=') @2:7;C:\Users\mete\Downloads\BasicOyunSource\UXBc_Clean\UXBc\uxb\dist\layer_events.log
;;END|PARSER|fail|parse failed with 1 error(s), first: [PARSER_STMT_FAIL] [22:18] ON: unexpected trailing tokens near KEYWORD('SLOT') @22:18;C:\Users\mete\Downloads\BasicOyunSource\UXBc_Clean\UXBc\uxb\dist\layer_events.log
;;END|PARSER|fail|parse failed with 1 error(s), first: [PARSER_STMT_FAIL] [3:1] missing END IF near EOF('') @3:1;C:\Users\mete\Downloads\BasicOyunSource\UXBc_Clean\UXBc\uxb\dist\layer_events.log
;;END|PARSER|fail|parse failed with 1 error(s), first: [PARSER_STMT_FAIL] [3:93] missing ) in signature near IDENT('text') @3:93;C:\Users\mete\Downloads\BasicOyunSource\UXBc_Clean\UXBc\uxb\dist\layer_events.log
;;END|PARSER|fail|parse failed with 1 error(s), first: [PARSER_STMT_FAIL] [4:1] missing END IF near EOF('') @4:1;C:\Users\mete\Downloads\BasicOyunSource\UXBc_Clean\UXBc\uxb\dist\layer_events.log
;;END|PARSER|fail|parse failed with 1 error(s), first: [PARSER_STMT_FAIL] [4:13] statement parse failed near UNKNOWN('$') @4:13;C:\Users\mete\Downloads\BasicOyunSource\UXBc_Clean\UXBc\uxb\dist\layer_events.log
;;END|PARSER|fail|parse failed with 1 error(s), first: [PARSER_STMT_FAIL] [42:1] missing END IF near EOF('') @42:1;C:\Users\mete\Downloads\BasicOyunSource\UXBc_Clean\UXBc\uxb\dist\layer_events.log
;;END|PARSER|fail|parse failed with 1 error(s), first: [PARSER_STMT_FAIL] [8:5] AST contract node missing: WHILE_STMT near EOL('') @8:5;C:\Users\mete\Downloads\BasicOyunSource\UXBc_Clean\UXBc\uxb\dist\layer_events.log
;;END|PARSER|fail|parse failed with 2 error(s), first: [2:5] CLASS: field identifier expected;C:\Users\mete\Downloads\BasicOyunSource\UXBc_Clean\UXBc\uxb\dist\layer_events.log
;;END|PARSER|fail|parse failed with 2 error(s), first: [PARSER_STMT_FAIL] [2:14] EVENT: unexpected trailing tokens near KEYWORD('SLOT') @2:14;C:\Users\mete\Downloads\BasicOyunSource\UXBc_Clean\UXBc\uxb\dist\layer_events.log
;;END|PARSER|fail|parse failed with 2 error(s), first: [PARSER_STMT_FAIL] [2:5] END: unexpected arguments near KEYWORD('THREAD') @2:5;C:\Users\mete\Downloads\BasicOyunSource\UXBc_Clean\UXBc\uxb\dist\layer_events.log
;;END|PARSER|fail|parse failed with 2 error(s), first: [PARSER_STMT_FAIL] [3:5] END: unexpected arguments near IDENT('thread') @3:5;C:\Users\mete\Downloads\BasicOyunSource\UXBc_Clean\UXBc\uxb\dist\layer_events.log
;;END|PARSER|fail|parse failed with 2 error(s), first: [PARSER_STMT_FAIL] [4:5] CLASS: duplicate member name: X near IDENT('x') @4:5;C:\Users\mete\Downloads\BasicOyunSource\UXBc_Clean\UXBc\uxb\dist\layer_events.log
;;END|PARSER|fail|parse failed with 2 error(s), first: [PARSER_STMT_FAIL] [6:12] statement parse failed near UNKNOWN('$') @6:12;C:\Users\mete\Downloads\BasicOyunSource\UXBc_Clean\UXBc\uxb\dist\layer_events.log
;;END|PARSER|fail|parse failed with 3 error(s), first: [PARSER_STMT_FAIL] [1:17] CONST: value expression expected near UNKNOWN('{') @1:17;C:\Users\mete\Downloads\BasicOyunSource\UXBc_Clean\UXBc\uxb\dist\layer_events.log
;;END|PARSER|fail|parse failed with 3 error(s), first: [PARSER_STMT_FAIL] [2:1] statement parse failed near OP('<') @2:1;C:\Users\mete\Downloads\BasicOyunSource\UXBc_Clean\UXBc\uxb\dist\layer_events.log
;;END|PARSER|fail|parse failed with 3 error(s), first: [PARSER_STMT_FAIL] [3:11] missing ) in signature near IDENT('n') @3:11;C:\Users\mete\Downloads\BasicOyunSource\UXBc_Clean\UXBc\uxb\dist\layer_events.log
;;END|PARSER|fail|parse failed with 3 error(s), first: [PARSER_STMT_FAIL] [3:5] END: unexpected arguments near IDENT('thread') @3:5;C:\Users\mete\Downloads\BasicOyunSource\UXBc_Clean\UXBc\uxb\dist\layer_events.log
;;END|PARSER|fail|parse failed with 3 error(s), first: [PARSER_STMT_FAIL] [5:1] CLASS: duplicate CONSTRUCTOR declaration near KEYWORD('CONSTRUCTOR') @5:1;C:\Users\mete\Downloads\BasicOyunSource\UXBc_Clean\UXBc\uxb\dist\layer_events.log
;;END|PARSER|fail|parse failed with 5 error(s), first: [PARSER_STMT_FAIL] [1:68] parameter identifier expected near EOL('') @1:68;C:\Users\mete\Downloads\BasicOyunSource\UXBc_Clean\UXBc\uxb\dist\layer_events.log
;;END|PARSER|fail|parse failed with 5 error(s), first: [PARSER_STMT_FAIL] [5:33] statement parse failed near OP(',') @5:33;C:\Users\mete\Downloads\BasicOyunSource\UXBc_Clean\UXBc\uxb\dist\layer_events.log
;;END|PARSER|fail|parse failed with 7 error(s), first: [PARSER_STMT_FAIL] [5:6] invalid slot kind worker near IDENT('worker') @5:6;C:\Users\mete\Downloads\BasicOyunSource\UXBc_Clean\UXBc\uxb\dist\layer_events.log
;;END|PARSER|fail|parse failed with 8 error(s), first: [PARSER_STMT_FAIL] [2:8] IMPORT: expected syntax IMPORT(<LANG>, file) near IDENT('dll') @2:8;C:\Users\mete\Downloads\BasicOyunSource\UXBc_Clean\UXBc\uxb\dist\layer_events.log
;;END|PARSER|fail|preprocess fail [tests/adim36_full_surface/negative/95_include_cycle_a.uxb:1] LEX_INCLUDE_FAILED: tests/adim36_full_surface/includes/cycle_a.uxbh;C:\Users\mete\Downloads\BasicOyunSource\UXBc_Clean\UXBc\uxb\dist\layer_events.log
;;END|PARSER|fail|preprocess fail [tests/adim36_full_surface/positive/13_include_header_math.uxb:1] LEX_INCLUDE_FAILED: tests/adim36_full_surface/includes/math_aliases.uxbh;C:\Users\mete\Downloads\BasicOyunSource\UXBc_Clean\UXBc\uxb\dist\layer_events.log
;;END|PARSER|fail|preprocess fail [tests/adim36_full_surface/positive/14_include_nested.uxb:1] LEX_INCLUDE_FAILED: tests/adim36_full_surface/includes/nested_constants.uxbh;C:\Users\mete\Downloads\BasicOyunSource\UXBc_Clean\UXBc\uxb\dist\layer_events.log
;;END|PARSER|fail|preprocess fail [tests/adim36_full_surface/positive/32_winapi_messagebox_decl.bas:1] LEX_INCLUDE_FAILED: tests/adim36_full_surface/includes/gui_winapi.uxbh;C:\Users\mete\Downloads\BasicOyunSource\UXBc_Clean\UXBc\uxb\dist\layer_events.log
;;END|PARSER|fail|preprocess fail [tests/adim36_full_surface/positive/33_science_math_dll_routes.bas:1] LEX_INCLUDE_FAILED: tests/adim36_full_surface/includes/science_routes.uxbh;C:\Users\mete\Downloads\BasicOyunSource\UXBc_Clean\UXBc\uxb\dist\layer_events.log
;;END|PARSER|fail|preprocess fail [tests/adim36_full_surface/positive/35_matrix_dll_routes.bas:1] LEX_INCLUDE_FAILED: tests/adim36_full_surface/includes/science_routes.uxbh;C:\Users\mete\Downloads\BasicOyunSource\UXBc_Clean\UXBc\uxb\dist\layer_events.log
;;END|PARSER|fail|preprocess fail [tests/adim36_full_surface/positive/36_tensor_nn_routes.bas:1] LEX_INCLUDE_FAILED: tests/adim36_full_surface/includes/science_routes.uxbh;C:\Users\mete\Downloads\BasicOyunSource\UXBc_Clean\UXBc\uxb\dist\layer_events.log
;;END|PARSER|fail|preprocess fail [tests/adim36_full_surface/positive/37_llama_onnx_routes.bas:1] LEX_INCLUDE_FAILED: tests/adim36_full_surface/includes/science_routes.uxbh;C:\Users\mete\Downloads\BasicOyunSource\UXBc_Clean\UXBc\uxb\dist\layer_events.log
;;END|PARSER|fail|preprocess fail [tests/adim36_full_surface/positive/45_gui_winapi_surface.bas:1] LEX_INCLUDE_FAILED: tests/adim36_full_surface/includes/gui_winapi.uxbh;C:\Users\mete\Downloads\BasicOyunSource\UXBc_Clean\UXBc\uxb\dist\layer_events.log
;;END|PARSER|fail|preprocess fail [tests/adim36_full_surface/positive/62_plain_include_visibility.uxb:1] LEX_INCLUDE_FAILED: tests/adim36_full_surface/includes/adim42_inc_math.uxbh;C:\Users\mete\Downloads\BasicOyunSource\UXBc_Clean\UXBc\uxb\dist\layer_events.log
;;END|SEMANTIC|fail|semantic-step3: type: assignment cannot convert TYPE_I32 to TYPE_PTR;C:\Users\mete\Downloads\BasicOyunSource\UXBc_Clean\UXBc\uxb\dist\layer_events.log
;;END|SEMANTIC|fail|semantic-step3: type: assignment cannot convert TYPE_STRING to TYPE_I32;C:\Users\mete\Downloads\BasicOyunSource\UXBc_Clean\UXBc\uxb\dist\layer_events.log
;;END|SEMANTIC|fail|semantic-step3: type: unknown symbol: a$;C:\Users\mete\Downloads\BasicOyunSource\UXBc_Clean\UXBc\uxb\dist\layer_events.log
;;END|SEMANTIC|fail|semantic-step3: type: unknown symbol: missingfield;C:\Users\mete\Downloads\BasicOyunSource\UXBc_Clean\UXBc\uxb\dist\layer_events.log
;;END|SEMANTIC|fail|semantic-step3: type: unknown symbol: nested_value;C:\Users\mete\Downloads\BasicOyunSource\UXBc_Clean\UXBc\uxb\dist\layer_events.log
;;END|SEMANTIC|fail|semantic-step3: type: unknown symbol: notdeclaredvariable;C:\Users\mete\Downloads\BasicOyunSource\UXBc_Clean\UXBc\uxb\dist\layer_events.log
;;END|SEMANTIC|fail|semantic-step3: type: unknown symbol: RND;C:\Users\mete\Downloads\BasicOyunSource\UXBc_Clean\UXBc\uxb\dist\layer_events.log
;;END|SEMANTIC|fail|semantic-step3: type: unknown symbol: s;C:\Users\mete\Downloads\BasicOyunSource\UXBc_Clean\UXBc\uxb\dist\layer_events.log
;;END|SEMANTIC|fail|semantic-step3: type: unknown symbol: s$;C:\Users\mete\Downloads\BasicOyunSource\UXBc_Clean\UXBc\uxb\dist\layer_events.log
;;END|SEMANTIC|fail|semantic-step3: type: unknown symbol: true;C:\Users\mete\Downloads\BasicOyunSource\UXBc_Clean\UXBc\uxb\dist\layer_events.log
;;END|SEMANTIC|fail|semantic-step3: type: unknown symbol: unknownvalue;C:\Users\mete\Downloads\BasicOyunSource\UXBc_Clean\UXBc\uxb\dist\layer_events.log
;;END|SEMANTIC|fail|semantic-step3: type: unknown symbol: value;C:\Users\mete\Downloads\BasicOyunSource\UXBc_Clean\UXBc\uxb\dist\layer_events.log
;;END|SEMANTIC|fail|semantic-step3: type: unknown symbol: wend;C:\Users\mete\Downloads\BasicOyunSource\UXBc_Clean\UXBc\uxb\dist\layer_events.log
;;END|SEMANTIC|fail|semantic-step3: type: unknown symbol: worker;C:\Users\mete\Downloads\BasicOyunSource\UXBc_Clean\UXBc\uxb\dist\layer_events.log
;;END|SEMANTIC|fail|semantic-step3: type: unknown symbol: yaz;C:\Users\mete\Downloads\BasicOyunSource\UXBc_Clean\UXBc\uxb\dist\layer_events.log
;;ERROR: ADIM25/26/27 close gate failed: ADIM25 AST->MIR coverage failed: ECLARE_FUNCTION_STMT: FAIL_MIR_NOT_READY;C:\Users\mete\Downloads\BasicOyunSource\UXBc_Clean\UXBc\uxb\dist\loglar\uxbasic.log
;;ERROR: ADIM25/26/27 close gate failed: ADIM25 AST->MIR coverage failed: IM_STMT: FAIL_MIR_NOT_READY;C:\Users\mete\Downloads\BasicOyunSource\UXBc_Clean\UXBc\uxb\dist\loglar\uxbasic.log
;;ERROR: ADIM25/26/27 close gate failed: ADIM25 AST->MIR coverage failed: ONST_STMT: FAIL_MIR_NOT_READY;C:\Users\mete\Downloads\BasicOyunSource\UXBc_Clean\UXBc\uxb\dist\loglar\uxbasic.log
;;ERROR: ADIM25/26/27 close gate failed: ADIM25 AST->MIR coverage failed: RINT_STMT: FAIL_EXPECTED_OPCODE_NOT_FOUND;C:\Users\mete\Downloads\BasicOyunSource\UXBc_Clean\UXBc\uxb\dist\loglar\uxbasic.log
;;ERROR: ADIM25/26/27 close gate failed: ADIM25 AST->MIR coverage failed: RINT_STMT: FAIL_MIR_NOT_READY;C:\Users\mete\Downloads\BasicOyunSource\UXBc_Clean\UXBc\uxb\dist\loglar\uxbasic.log
;;ERROR: ADIM25/26/27 close gate failed: ADIM25 AST->MIR coverage failed: SING_STMT: FAIL_MIR_NOT_READY;C:\Users\mete\Downloads\BasicOyunSource\UXBc_Clean\UXBc\uxb\dist\loglar\uxbasic.log
;;ERROR: ADIM25/26/27 close gate failed: ADIM25 AST->MIR coverage failed: YPE_STMT: FAIL_MIR_NOT_READY;C:\Users\mete\Downloads\BasicOyunSource\UXBc_Clean\UXBc\uxb\dist\loglar\uxbasic.log
;;ERROR: Anlamsal analiz basarisiz: Aralik disi erisim | ham: semantic-step3: SEM_E_INVALID_SLOT_RANGE: slot index out of range: 300;C:\Users\mete\Downloads\BasicOyunSource\UXBc_Clean\UXBc\uxb\dist\loglar\uxbasic.log
;;ERROR: Anlamsal analiz basarisiz: Gecersiz deger | ham: semantic-step3: SEM_E_INVALID_SLOT_RANGE: unknown thread target: unknownworker;C:\Users\mete\Downloads\BasicOyunSource\UXBc_Clean\UXBc\uxb\dist\loglar\uxbasic.log
;;ERROR: Anlamsal analiz basarisiz: Isletim hatasi | ham: semantic-step3: assign: left side is not writable: CALL_EXPR;C:\Users\mete\Downloads\BasicOyunSource\UXBc_Clean\UXBc\uxb\dist\loglar\uxbasic.log
;;ERROR: Anlamsal analiz basarisiz: Isletim hatasi | ham: semantic-step3: missing type at ast=1 kind=DIM_STMT;C:\Users\mete\Downloads\BasicOyunSource\UXBc_Clean\UXBc\uxb\dist\loglar\uxbasic.log
;;ERROR: Anlamsal analiz basarisiz: Isletim hatasi | ham: semantic-step3: missing type at ast=2 kind=DIM_DECL;C:\Users\mete\Downloads\BasicOyunSource\UXBc_Clean\UXBc\uxb\dist\loglar\uxbasic.log
;;ERROR: Anlamsal analiz basarisiz: Isletim hatasi | ham: semantic-step3: type: assignment cannot convert TYPE_I32 to TYPE_PTR;C:\Users\mete\Downloads\BasicOyunSource\UXBc_Clean\UXBc\uxb\dist\loglar\uxbasic.log
;;ERROR: Anlamsal analiz basarisiz: Isletim hatasi | ham: semantic-step3: type: assignment cannot convert TYPE_STRING to TYPE_I32;C:\Users\mete\Downloads\BasicOyunSource\UXBc_Clean\UXBc\uxb\dist\loglar\uxbasic.log
;;ERROR: Anlamsal analiz basarisiz: Isletim hatasi | ham: semantic-step3: type: assignment requires explicit cast TYPE_F64 to TYPE_OBJECT;C:\Users\mete\Downloads\BasicOyunSource\UXBc_Clean\UXBc\uxb\dist\loglar\uxbasic.log
;;ERROR: Anlamsal analiz basarisiz: Isletim hatasi | ham: semantic-step3: type: assignment requires explicit cast TYPE_OBJECT to TYPE_BALL;C:\Users\mete\Downloads\BasicOyunSource\UXBc_Clean\UXBc\uxb\dist\loglar\uxbasic.log
;;ERROR: Anlamsal analiz basarisiz: Isletim hatasi | ham: semantic-step3: type: assignment requires explicit cast TYPE_OBJECT to TYPE_BIGD;C:\Users\mete\Downloads\BasicOyunSource\UXBc_Clean\UXBc\uxb\dist\loglar\uxbasic.log
;;ERROR: Anlamsal analiz basarisiz: Isletim hatasi | ham: semantic-step3: type: assignment requires explicit cast TYPE_OBJECT to TYPE_BIGFLOAT;C:\Users\mete\Downloads\BasicOyunSource\UXBc_Clean\UXBc\uxb\dist\loglar\uxbasic.log
;;ERROR: Anlamsal analiz basarisiz: Isletim hatasi | ham: semantic-step3: type: assignment requires explicit cast TYPE_OBJECT to TYPE_BIGINT;C:\Users\mete\Downloads\BasicOyunSource\UXBc_Clean\UXBc\uxb\dist\loglar\uxbasic.log
;;ERROR: Anlamsal analiz basarisiz: Isletim hatasi | ham: semantic-step3: type: BIGINIT unknown kind NOPE;C:\Users\mete\Downloads\BasicOyunSource\UXBc_Clean\UXBc\uxb\dist\loglar\uxbasic.log
;;ERROR: Anlamsal analiz basarisiz: Isletim hatasi | ham: semantic-step3: type: missing child;C:\Users\mete\Downloads\BasicOyunSource\UXBc_Clean\UXBc\uxb\dist\loglar\uxbasic.log
;;ERROR: Anlamsal analiz basarisiz: Isletim hatasi | ham: semantic-step3: type: numeric operands required;C:\Users\mete\Downloads\BasicOyunSource\UXBc_Clean\UXBc\uxb\dist\loglar\uxbasic.log
;;ERROR: Anlamsal analiz basarisiz: Isletim hatasi | ham: semantic-step3: type: unknown symbol: a$;C:\Users\mete\Downloads\BasicOyunSource\UXBc_Clean\UXBc\uxb\dist\loglar\uxbasic.log
;;ERROR: Anlamsal analiz basarisiz: Isletim hatasi | ham: semantic-step3: type: unknown symbol: missingfield;C:\Users\mete\Downloads\BasicOyunSource\UXBc_Clean\UXBc\uxb\dist\loglar\uxbasic.log
;;ERROR: Anlamsal analiz basarisiz: Isletim hatasi | ham: semantic-step3: type: unknown symbol: nested_value;C:\Users\mete\Downloads\BasicOyunSource\UXBc_Clean\UXBc\uxb\dist\loglar\uxbasic.log
;;ERROR: Anlamsal analiz basarisiz: Isletim hatasi | ham: semantic-step3: type: unknown symbol: notdeclaredvariable;C:\Users\mete\Downloads\BasicOyunSource\UXBc_Clean\UXBc\uxb\dist\loglar\uxbasic.log
;;ERROR: Anlamsal analiz basarisiz: Isletim hatasi | ham: semantic-step3: type: unknown symbol: RND;C:\Users\mete\Downloads\BasicOyunSource\UXBc_Clean\UXBc\uxb\dist\loglar\uxbasic.log
;;ERROR: Anlamsal analiz basarisiz: Isletim hatasi | ham: semantic-step3: type: unknown symbol: s;C:\Users\mete\Downloads\BasicOyunSource\UXBc_Clean\UXBc\uxb\dist\loglar\uxbasic.log
;;ERROR: Anlamsal analiz basarisiz: Isletim hatasi | ham: semantic-step3: type: unknown symbol: s$;C:\Users\mete\Downloads\BasicOyunSource\UXBc_Clean\UXBc\uxb\dist\loglar\uxbasic.log
;;ERROR: Anlamsal analiz basarisiz: Isletim hatasi | ham: semantic-step3: type: unknown symbol: true;C:\Users\mete\Downloads\BasicOyunSource\UXBc_Clean\UXBc\uxb\dist\loglar\uxbasic.log
;;ERROR: Anlamsal analiz basarisiz: Isletim hatasi | ham: semantic-step3: type: unknown symbol: unknownvalue;C:\Users\mete\Downloads\BasicOyunSource\UXBc_Clean\UXBc\uxb\dist\loglar\uxbasic.log
;;ERROR: Anlamsal analiz basarisiz: Isletim hatasi | ham: semantic-step3: type: unknown symbol: value;C:\Users\mete\Downloads\BasicOyunSource\UXBc_Clean\UXBc\uxb\dist\loglar\uxbasic.log
;;ERROR: Anlamsal analiz basarisiz: Isletim hatasi | ham: semantic-step3: type: unknown symbol: wend;C:\Users\mete\Downloads\BasicOyunSource\UXBc_Clean\UXBc\uxb\dist\loglar\uxbasic.log
;;ERROR: Anlamsal analiz basarisiz: Isletim hatasi | ham: semantic-step3: type: unknown symbol: worker;C:\Users\mete\Downloads\BasicOyunSource\UXBc_Clean\UXBc\uxb\dist\loglar\uxbasic.log
;;ERROR: Anlamsal analiz basarisiz: Isletim hatasi | ham: semantic-step3: type: unknown symbol: yaz;C:\Users\mete\Downloads\BasicOyunSource\UXBc_Clean\UXBc\uxb\dist\loglar\uxbasic.log
;;ERROR: Anlamsal analiz basarisiz: Isletim hatasi | ham: semantic-step3: type: unknown type 'BALL(256)';C:\Users\mete\Downloads\BasicOyunSource\UXBc_Clean\UXBc\uxb\dist\loglar\uxbasic.log
;;ERROR: Anlamsal analiz basarisiz: Isletim hatasi | ham: semantic-step3: type: unknown type 'BIGD(80)';C:\Users\mete\Downloads\BasicOyunSource\UXBc_Clean\UXBc\uxb\dist\loglar\uxbasic.log
;;ERROR: Anlamsal analiz basarisiz: Isletim hatasi | ham: semantic-step3: type: unknown type 'BIGF(128)';C:\Users\mete\Downloads\BasicOyunSource\UXBc_Clean\UXBc\uxb\dist\loglar\uxbasic.log
;;ERROR: Anlamsal analiz basarisiz: Isletim hatasi | ham: semantic-step3: type: unknown type 'BIGF(256)';C:\Users\mete\Downloads\BasicOyunSource\UXBc_Clean\UXBc\uxb\dist\loglar\uxbasic.log
;;ERROR: AST sozlesme denetimi basarisiz: Isletim hatasi | ham: node not registered in AST contract: CALL_API_STMT,;C:\Users\mete\Downloads\BasicOyunSource\UXBc_Clean\UXBc\uxb\dist\loglar\uxbasic.log
;;ERROR: AST sozlesme denetimi basarisiz: Isletim hatasi | ham: node not registered in AST contract: CALL_DLL_STMT, node not registered in AST contract: CALL_DLL_STMT, node not registered in AST contract: CALL_DLL_STMT,;C:\Users\mete\Downloads\BasicOyunSource\UXBc_Clean\UXBc\uxb\dist\loglar\uxbasic.log
;;ERROR: AST sozlesme denetimi basarisiz: Isletim hatasi | ham: ROLE_LIST node must not use left/right: #12:ASSIGN_STMT@4:3;C:\Users\mete\Downloads\BasicOyunSource\UXBc_Clean\UXBc\uxb\dist\loglar\uxbasic.log
;;ERROR: AST sozlesme denetimi basarisiz: Isletim hatasi | ham: ROLE_LIST node must not use left/right: #12:CONST_DECL@4:7;C:\Users\mete\Downloads\BasicOyunSource\UXBc_Clean\UXBc\uxb\dist\loglar\uxbasic.log
;;ERROR: AST sozlesme denetimi basarisiz: Isletim hatasi | ham: ROLE_LIST node must not use left/right: #31:FIELD_EXPR@19:3;C:\Users\mete\Downloads\BasicOyunSource\UXBc_Clean\UXBc\uxb\dist\loglar\uxbasic.log
;;ERROR: AST sozlesme denetimi basarisiz: Isletim hatasi | ham: ROLE_LIST node must not use left/right: #6:RANGE_EXPR@1:12;C:\Users\mete\Downloads\BasicOyunSource\UXBc_Clean\UXBc\uxb\dist\loglar\uxbasic.log
;;ERROR: AST sozlesme denetimi basarisiz: Isletim hatasi | ham: ROLE_LIST node must not use left/right: #8:CONST_DECL@3:7;C:\Users\mete\Downloads\BasicOyunSource\UXBc_Clean\UXBc\uxb\dist\loglar\uxbasic.log
;;ERROR: Ayristirma basarisiz: Isletim hatasi | ham: CALL(DLL): signature token must be a keyword;C:\Users\mete\Downloads\BasicOyunSource\UXBc_Clean\UXBc\uxb\dist\loglar\uxbasic.log
;;ERROR: Ayristirma basarisiz: Isletim hatasi | ham: INPUT#: targets must be IDENT;C:\Users\mete\Downloads\BasicOyunSource\UXBc_Clean\UXBc\uxb\dist\loglar\uxbasic.log
;;ERROR: Ayristirma basarisiz: Isletim hatasi | ham: preprocess fail [tests/adim36_full_surface/negative/100_preprocessor_unknown_directive.uxb:1] META_UNKNOWN_DIRECTIVE: NO_SUCH_DIRECTIVE;C:\Users\mete\Downloads\BasicOyunSource\UXBc_Clean\UXBc\uxb\dist\loglar\uxbasic.log
;;ERROR: Ayristirma basarisiz: Isletim hatasi | ham: preprocess fail [tests/adim36_full_surface/negative/95_include_cycle_a.uxb:1] LEX_INCLUDE_FAILED: tests/adim36_full_surface/includes/cycle_a.uxbh;C:\Users\mete\Downloads\BasicOyunSource\UXBc_Clean\UXBc\uxb\dist\loglar\uxbasic.log
;;ERROR: Ayristirma basarisiz: Isletim hatasi | ham: preprocess fail [tests/adim36_full_surface/positive/13_include_header_math.uxb:1] LEX_INCLUDE_FAILED: tests/adim36_full_surface/includes/math_aliases.uxbh;C:\Users\mete\Downloads\BasicOyunSource\UXBc_Clean\UXBc\uxb\dist\loglar\uxbasic.log
;;ERROR: Ayristirma basarisiz: Isletim hatasi | ham: preprocess fail [tests/adim36_full_surface/positive/14_include_nested.uxb:1] LEX_INCLUDE_FAILED: tests/adim36_full_surface/includes/nested_constants.uxbh;C:\Users\mete\Downloads\BasicOyunSource\UXBc_Clean\UXBc\uxb\dist\loglar\uxbasic.log
;;ERROR: Ayristirma basarisiz: Isletim hatasi | ham: preprocess fail [tests/adim36_full_surface/positive/32_winapi_messagebox_decl.bas:1] LEX_INCLUDE_FAILED: tests/adim36_full_surface/includes/gui_winapi.uxbh;C:\Users\mete\Downloads\BasicOyunSource\UXBc_Clean\UXBc\uxb\dist\loglar\uxbasic.log
;;ERROR: Ayristirma basarisiz: Isletim hatasi | ham: preprocess fail [tests/adim36_full_surface/positive/33_science_math_dll_routes.bas:1] LEX_INCLUDE_FAILED: tests/adim36_full_surface/includes/science_routes.uxbh;C:\Users\mete\Downloads\BasicOyunSource\UXBc_Clean\UXBc\uxb\dist\loglar\uxbasic.log
;;ERROR: Ayristirma basarisiz: Isletim hatasi | ham: preprocess fail [tests/adim36_full_surface/positive/35_matrix_dll_routes.bas:1] LEX_INCLUDE_FAILED: tests/adim36_full_surface/includes/science_routes.uxbh;C:\Users\mete\Downloads\BasicOyunSource\UXBc_Clean\UXBc\uxb\dist\loglar\uxbasic.log
;;ERROR: Ayristirma basarisiz: Isletim hatasi | ham: preprocess fail [tests/adim36_full_surface/positive/36_tensor_nn_routes.bas:1] LEX_INCLUDE_FAILED: tests/adim36_full_surface/includes/science_routes.uxbh;C:\Users\mete\Downloads\BasicOyunSource\UXBc_Clean\UXBc\uxb\dist\loglar\uxbasic.log
;;ERROR: Ayristirma basarisiz: Isletim hatasi | ham: preprocess fail [tests/adim36_full_surface/positive/37_llama_onnx_routes.bas:1] LEX_INCLUDE_FAILED: tests/adim36_full_surface/includes/science_routes.uxbh;C:\Users\mete\Downloads\BasicOyunSource\UXBc_Clean\UXBc\uxb\dist\loglar\uxbasic.log
;;ERROR: Ayristirma basarisiz: Isletim hatasi | ham: preprocess fail [tests/adim36_full_surface/positive/41_preprocessor_loops.uxb:6] META_UNKNOWN_DIRECTIVE: ENDFOREACH;C:\Users\mete\Downloads\BasicOyunSource\UXBc_Clean\UXBc\uxb\dist\loglar\uxbasic.log
;;ERROR: Ayristirma basarisiz: Isletim hatasi | ham: preprocess fail [tests/adim36_full_surface/positive/45_gui_winapi_surface.bas:1] LEX_INCLUDE_FAILED: tests/adim36_full_surface/includes/gui_winapi.uxbh;C:\Users\mete\Downloads\BasicOyunSource\UXBc_Clean\UXBc\uxb\dist\loglar\uxbasic.log
;;ERROR: Ayristirma basarisiz: Isletim hatasi | ham: preprocess fail [tests/adim36_full_surface/positive/61_preprocessor_foreach_ifn_elif.uxb:13] META_UNKNOWN_DIRECTIVE: ENDFOREACH;C:\Users\mete\Downloads\BasicOyunSource\UXBc_Clean\UXBc\uxb\dist\loglar\uxbasic.log
;;ERROR: Ayristirma basarisiz: Isletim hatasi | ham: preprocess fail [tests/adim36_full_surface/positive/62_plain_include_visibility.uxb:1] LEX_INCLUDE_FAILED: tests/adim36_full_surface/includes/adim42_inc_math.uxbh;C:\Users\mete\Downloads\BasicOyunSource\UXBc_Clean\UXBc\uxb\dist\loglar\uxbasic.log
;;ERROR: Ayristirma basarisiz: Isletim hatasi | ham: preprocess fail [tests/adim36_full_surface/positive/67_preprocessor_foreach_adim42.uxb:4] META_UNKNOWN_DIRECTIVE: ENDFOREACH;C:\Users\mete\Downloads\BasicOyunSource\UXBc_Clean\UXBc\uxb\dist\loglar\uxbasic.log
;;ERROR: Ayristirma basarisiz: Isletim hatasi | ham: preprocess fail [tests/full_layer/negative/93_unsafe_include.uxb:1] LEX_UNSAFE_INCLUDE_PATH: ..\secret.bas;C:\Users\mete\Downloads\BasicOyunSource\UXBc_Clean\UXBc\uxb\dist\loglar\uxbasic.log
;;ERROR: Ayristirma basarisiz: Isletim hatasi | ham: preprocess fail [tests\adim30_10step\negative\92_include_cycle_b.uxb:1] LEX_INCLUDE_CYCLE: tests\adim30_10step\negative\92_include_cycle_a.uxb;C:\Users\mete\Downloads\BasicOyunSource\UXBc_Clean\UXBc\uxb\dist\loglar\uxbasic.log
;;ERROR: Ayristirma basarisiz: Isletim hatasi | ham: preprocess fail [tests\adim36_full_surface\includes\cycle_b.uxbh:1] LEX_INCLUDE_CYCLE: tests\adim36_full_surface\includes\cycle_a.uxbh;C:\Users\mete\Downloads\BasicOyunSource\UXBc_Clean\UXBc\uxb\dist\loglar\uxbasic.log
;;ERROR: Ayristirma basarisiz: Isletim hatasi | ham: preprocess fail [tests\full_layer\negative\92_include_cycle_b.uxb:1] LEX_INCLUDE_CYCLE: tests\full_layer\negative\92_include_cycle_a.uxb;C:\Users\mete\Downloads\BasicOyunSource\UXBc_Clean\UXBc\uxb\dist\loglar\uxbasic.log
;;ERROR: Ayristirma basarisiz: Isletim hatasi | ham: unknown type: PTR;C:\Users\mete\Downloads\BasicOyunSource\UXBc_Clean\UXBc\uxb\dist\loglar\uxbasic.log
;;ERROR: Ayristirma basarisiz: Slot turu gecersiz | ham: parse failed with 7 error(s), first: [PARSER_STMT_FAIL] [5:6] invalid slot kind worker near IDENT('worker') @5:6;C:\Users\mete\Downloads\BasicOyunSource\UXBc_Clean\UXBc\uxb\dist\loglar\uxbasic.log
;;ERROR: Ayristirma basarisiz: Sozdizimi cozumleme hatasi | ham: parse failed with 1 error(s), first: [PARSER_STMT_FAIL] [1:13] CONST: missing = near KEYWORD('AS') @1:13;C:\Users\mete\Downloads\BasicOyunSource\UXBc_Clean\UXBc\uxb\dist\loglar\uxbasic.log
;;ERROR: Ayristirma basarisiz: Sozdizimi cozumleme hatasi | ham: parse failed with 1 error(s), first: [PARSER_STMT_FAIL] [1:23] missing ( in signature near KEYWORD('CDECL') @1:23;C:\Users\mete\Downloads\BasicOyunSource\UXBc_Clean\UXBc\uxb\dist\loglar\uxbasic.log
;;ERROR: Ayristirma basarisiz: Sozdizimi cozumleme hatasi | ham: parse failed with 1 error(s), first: [PARSER_STMT_FAIL] [1:29] missing ( in signature near IDENT('lib') @1:29;C:\Users\mete\Downloads\BasicOyunSource\UXBc_Clean\UXBc\uxb\dist\loglar\uxbasic.log
;;ERROR: Ayristirma basarisiz: Sozdizimi cozumleme hatasi | ham: parse failed with 1 error(s), first: [PARSER_STMT_FAIL] [1:8] IMPORT: expected syntax IMPORT(<LANG>, file) near IDENT('dll') @1:8;C:\Users\mete\Downloads\BasicOyunSource\UXBc_Clean\UXBc\uxb\dist\loglar\uxbasic.log
;;ERROR: Ayristirma basarisiz: Sozdizimi cozumleme hatasi | ham: parse failed with 1 error(s), first: [PARSER_STMT_FAIL] [1:8] IMPORT: expected syntax IMPORT(<LANG>, file) near IDENT('lib') @1:8;C:\Users\mete\Downloads\BasicOyunSource\UXBc_Clean\UXBc\uxb\dist\loglar\uxbasic.log
;;ERROR: Ayristirma basarisiz: Sozdizimi cozumleme hatasi | ham: parse failed with 1 error(s), first: [PARSER_STMT_FAIL] [1:9] DECLARE: expected SUB or FUNCTION near IDENT('function') @1:9;C:\Users\mete\Downloads\BasicOyunSource\UXBc_Clean\UXBc\uxb\dist\loglar\uxbasic.log
;;ERROR: Ayristirma basarisiz: Sozdizimi cozumleme hatasi | ham: parse failed with 1 error(s), first: [PARSER_STMT_FAIL] [1:9] INCLUDE: unsafe or unsupported path near STRING('tests/adim36_full_surface/includes/cycle_a.uxb;C:\Users\mete\Downloads\BasicOyunSource\UXBc_Clean\UXBc\uxb\dist\loglar\uxbasic.log
;;ERROR: Ayristirma basarisiz: Sozdizimi cozumleme hatasi | ham: parse failed with 1 error(s), first: [PARSER_STMT_FAIL] [1:9] INCLUDE: unsafe or unsupported path near STRING('tests/adim36_full_surface/includes/gui_winapi.;C:\Users\mete\Downloads\BasicOyunSource\UXBc_Clean\UXBc\uxb\dist\loglar\uxbasic.log
;;ERROR: Ayristirma basarisiz: Sozdizimi cozumleme hatasi | ham: parse failed with 1 error(s), first: [PARSER_STMT_FAIL] [1:9] INCLUDE: unsafe or unsupported path near STRING('tests/adim36_full_surface/includes/math_aliase;C:\Users\mete\Downloads\BasicOyunSource\UXBc_Clean\UXBc\uxb\dist\loglar\uxbasic.log
;;ERROR: Ayristirma basarisiz: Sozdizimi cozumleme hatasi | ham: parse failed with 1 error(s), first: [PARSER_STMT_FAIL] [1:9] INCLUDE: unsafe or unsupported path near STRING('tests/adim36_full_surface/includes/nested_cons;C:\Users\mete\Downloads\BasicOyunSource\UXBc_Clean\UXBc\uxb\dist\loglar\uxbasic.log
;;ERROR: Ayristirma basarisiz: Sozdizimi cozumleme hatasi | ham: parse failed with 1 error(s), first: [PARSER_STMT_FAIL] [1:9] INCLUDE: unsafe or unsupported path near STRING('tests/adim36_full_surface/includes/science_rou;C:\Users\mete\Downloads\BasicOyunSource\UXBc_Clean\UXBc\uxb\dist\loglar\uxbasic.log
;;ERROR: Ayristirma basarisiz: Sozdizimi cozumleme hatasi | ham: parse failed with 1 error(s), first: [PARSER_STMT_FAIL] [10:7] statement parse failed near OP('#') @10:7;C:\Users\mete\Downloads\BasicOyunSource\UXBc_Clean\UXBc\uxb\dist\loglar\uxbasic.log
;;ERROR: Ayristirma basarisiz: Sozdizimi cozumleme hatasi | ham: parse failed with 1 error(s), first: [PARSER_STMT_FAIL] [2:15] THREAD: unexpected trailing tokens near KEYWORD('SLOT') @2:15;C:\Users\mete\Downloads\BasicOyunSource\UXBc_Clean\UXBc\uxb\dist\loglar\uxbasic.log
;;ERROR: Ayristirma basarisiz: Sozdizimi cozumleme hatasi | ham: parse failed with 1 error(s), first: [PARSER_STMT_FAIL] [2:7] expression expected near OP('=') @2:7;C:\Users\mete\Downloads\BasicOyunSource\UXBc_Clean\UXBc\uxb\dist\loglar\uxbasic.log
;;ERROR: Ayristirma basarisiz: Sozdizimi cozumleme hatasi | ham: parse failed with 1 error(s), first: [PARSER_STMT_FAIL] [22:18] ON: unexpected trailing tokens near KEYWORD('SLOT') @22:18;C:\Users\mete\Downloads\BasicOyunSource\UXBc_Clean\UXBc\uxb\dist\loglar\uxbasic.log
;;ERROR: Ayristirma basarisiz: Sozdizimi cozumleme hatasi | ham: parse failed with 1 error(s), first: [PARSER_STMT_FAIL] [3:1] missing END IF near EOF('') @3:1;C:\Users\mete\Downloads\BasicOyunSource\UXBc_Clean\UXBc\uxb\dist\loglar\uxbasic.log
;;ERROR: Ayristirma basarisiz: Sozdizimi cozumleme hatasi | ham: parse failed with 1 error(s), first: [PARSER_STMT_FAIL] [3:93] missing ) in signature near IDENT('text') @3:93;C:\Users\mete\Downloads\BasicOyunSource\UXBc_Clean\UXBc\uxb\dist\loglar\uxbasic.log
;;ERROR: Ayristirma basarisiz: Sozdizimi cozumleme hatasi | ham: parse failed with 1 error(s), first: [PARSER_STMT_FAIL] [4:1] missing END IF near EOF('') @4:1;C:\Users\mete\Downloads\BasicOyunSource\UXBc_Clean\UXBc\uxb\dist\loglar\uxbasic.log
;;ERROR: Ayristirma basarisiz: Sozdizimi cozumleme hatasi | ham: parse failed with 1 error(s), first: [PARSER_STMT_FAIL] [4:13] statement parse failed near UNKNOWN('$') @4:13;C:\Users\mete\Downloads\BasicOyunSource\UXBc_Clean\UXBc\uxb\dist\loglar\uxbasic.log
;;ERROR: Ayristirma basarisiz: Sozdizimi cozumleme hatasi | ham: parse failed with 1 error(s), first: [PARSER_STMT_FAIL] [42:1] missing END IF near EOF('') @42:1;C:\Users\mete\Downloads\BasicOyunSource\UXBc_Clean\UXBc\uxb\dist\loglar\uxbasic.log
;;ERROR: Ayristirma basarisiz: Sozdizimi cozumleme hatasi | ham: parse failed with 1 error(s), first: [PARSER_STMT_FAIL] [8:5] AST contract node missing: WHILE_STMT near EOL('') @8:5;C:\Users\mete\Downloads\BasicOyunSource\UXBc_Clean\UXBc\uxb\dist\loglar\uxbasic.log
;;ERROR: Ayristirma basarisiz: Sozdizimi cozumleme hatasi | ham: parse failed with 2 error(s), first: [2:5] CLASS: field identifier expected;C:\Users\mete\Downloads\BasicOyunSource\UXBc_Clean\UXBc\uxb\dist\loglar\uxbasic.log
;;ERROR: Ayristirma basarisiz: Sozdizimi cozumleme hatasi | ham: parse failed with 2 error(s), first: [PARSER_STMT_FAIL] [2:14] EVENT: unexpected trailing tokens near KEYWORD('SLOT') @2:14;C:\Users\mete\Downloads\BasicOyunSource\UXBc_Clean\UXBc\uxb\dist\loglar\uxbasic.log
;;ERROR: Ayristirma basarisiz: Sozdizimi cozumleme hatasi | ham: parse failed with 2 error(s), first: [PARSER_STMT_FAIL] [2:5] END: unexpected arguments near KEYWORD('THREAD') @2:5;C:\Users\mete\Downloads\BasicOyunSource\UXBc_Clean\UXBc\uxb\dist\loglar\uxbasic.log
;;ERROR: Ayristirma basarisiz: Sozdizimi cozumleme hatasi | ham: parse failed with 2 error(s), first: [PARSER_STMT_FAIL] [3:5] END: unexpected arguments near IDENT('thread') @3:5;C:\Users\mete\Downloads\BasicOyunSource\UXBc_Clean\UXBc\uxb\dist\loglar\uxbasic.log
;;ERROR: Ayristirma basarisiz: Sozdizimi cozumleme hatasi | ham: parse failed with 2 error(s), first: [PARSER_STMT_FAIL] [4:5] CLASS: duplicate member name: X near IDENT('x') @4:5;C:\Users\mete\Downloads\BasicOyunSource\UXBc_Clean\UXBc\uxb\dist\loglar\uxbasic.log
;;ERROR: Ayristirma basarisiz: Sozdizimi cozumleme hatasi | ham: parse failed with 2 error(s), first: [PARSER_STMT_FAIL] [6:12] statement parse failed near UNKNOWN('$') @6:12;C:\Users\mete\Downloads\BasicOyunSource\UXBc_Clean\UXBc\uxb\dist\loglar\uxbasic.log
;;ERROR: Ayristirma basarisiz: Sozdizimi cozumleme hatasi | ham: parse failed with 3 error(s), first: [PARSER_STMT_FAIL] [1:17] CONST: value expression expected near UNKNOWN('{') @1:17;C:\Users\mete\Downloads\BasicOyunSource\UXBc_Clean\UXBc\uxb\dist\loglar\uxbasic.log
;;ERROR: Ayristirma basarisiz: Sozdizimi cozumleme hatasi | ham: parse failed with 3 error(s), first: [PARSER_STMT_FAIL] [2:1] statement parse failed near OP('<') @2:1;C:\Users\mete\Downloads\BasicOyunSource\UXBc_Clean\UXBc\uxb\dist\loglar\uxbasic.log
;;ERROR: Ayristirma basarisiz: Sozdizimi cozumleme hatasi | ham: parse failed with 3 error(s), first: [PARSER_STMT_FAIL] [3:11] missing ) in signature near IDENT('n') @3:11;C:\Users\mete\Downloads\BasicOyunSource\UXBc_Clean\UXBc\uxb\dist\loglar\uxbasic.log
;;ERROR: Ayristirma basarisiz: Sozdizimi cozumleme hatasi | ham: parse failed with 3 error(s), first: [PARSER_STMT_FAIL] [3:5] END: unexpected arguments near IDENT('thread') @3:5;C:\Users\mete\Downloads\BasicOyunSource\UXBc_Clean\UXBc\uxb\dist\loglar\uxbasic.log
;;ERROR: Ayristirma basarisiz: Sozdizimi cozumleme hatasi | ham: parse failed with 3 error(s), first: [PARSER_STMT_FAIL] [5:1] CLASS: duplicate CONSTRUCTOR declaration near KEYWORD('CONSTRUCTOR') @5:1;C:\Users\mete\Downloads\BasicOyunSource\UXBc_Clean\UXBc\uxb\dist\loglar\uxbasic.log
;;ERROR: Ayristirma basarisiz: Sozdizimi cozumleme hatasi | ham: parse failed with 5 error(s), first: [PARSER_STMT_FAIL] [1:68] parameter identifier expected near EOL('') @1:68;C:\Users\mete\Downloads\BasicOyunSource\UXBc_Clean\UXBc\uxb\dist\loglar\uxbasic.log
;;ERROR: Ayristirma basarisiz: Sozdizimi cozumleme hatasi | ham: parse failed with 5 error(s), first: [PARSER_STMT_FAIL] [5:33] statement parse failed near OP(',') @5:33;C:\Users\mete\Downloads\BasicOyunSource\UXBc_Clean\UXBc\uxb\dist\loglar\uxbasic.log
;;ERROR: Ayristirma basarisiz: Sozdizimi cozumleme hatasi | ham: parse failed with 8 error(s), first: [PARSER_STMT_FAIL] [2:8] IMPORT: expected syntax IMPORT(<LANG>, file) near IDENT('dll') @2:8;C:\Users\mete\Downloads\BasicOyunSource\UXBc_Clean\UXBc\uxb\dist\loglar\uxbasic.log
;;ERROR: Bellek yurutme basarisiz: Desteklenmeyen cagir | ham: exec: unsupported call LEFT;C:\Users\mete\Downloads\BasicOyunSource\UXBc_Clean\UXBc\uxb\dist\loglar\uxbasic.log
;;ERROR: Bellek yurutme basarisiz: Desteklenmeyen cagir | ham: exec: unsupported call UCASE;C:\Users\mete\Downloads\BasicOyunSource\UXBc_Clean\UXBc\uxb\dist\loglar\uxbasic.log
;;ERROR: Bellek yurutme basarisiz: Dosya acma hatasi: Dosya bulunamadi (7012) | ham: exec: OPEN failed (7012) file not found;C:\Users\mete\Downloads\BasicOyunSource\UXBc_Clean\UXBc\uxb\dist\loglar\uxbasic.log
;;ERROR: Bellek yurutme basarisiz: Dosya I/O hatasi: Okuma modu uygun degil (7006) | ham: exec: INPUT# failed (7006) mode not readable;C:\Users\mete\Downloads\BasicOyunSource\UXBc_Clean\UXBc\uxb\dist\loglar\uxbasic.log
;;ERROR: Bellek yurutme basarisiz: Isletim hatasi | ham: exec: Expression: Tanımlanmamış değişken: RND;C:\Users\mete\Downloads\BasicOyunSource\UXBc_Clean\UXBc\uxb\dist\loglar\uxbasic.log
;;ERROR: Bellek yurutme basarisiz: Isletim hatasi | ham: exec: PRINT# mode not writable;C:\Users\mete\Downloads\BasicOyunSource\UXBc_Clean\UXBc\uxb\dist\loglar\uxbasic.log
;;ERROR: Bellek yurutme basarisiz: Isletim hatasi | ham: exec: unsupported statement kind PRINT_FILE_STMT;C:\Users\mete\Downloads\BasicOyunSource\UXBc_Clean\UXBc\uxb\dist\loglar\uxbasic.log
;;ERROR: Bellek yurutme basarisiz: Isletim hatasi | ham: exec: unsupported statement kind WHILE_STMT;C:\Users\mete\Downloads\BasicOyunSource\UXBc_Clean\UXBc\uxb\dist\loglar\uxbasic.log
;;ERROR: BIGF/BIGD/BALL runtime DLL build failed.;C:\Users\mete\Downloads\BasicOyunSource\UXBc_Clean\UXBc\uxb\dist\libraries\runtime_build_logs\bigfp__build_bigfp_dll.bat.log
;;ERROR: compiler build failed.;C:\Users\mete\Downloads\BasicOyunSource\UXBc_Clean\UXBc\uxb\dist\baseline\logs\mir_x64_prompt3_smoke.log
;;ERROR: Detayli parse hatalari yazildi: dist\parse_errors.txt;C:\Users\mete\Downloads\BasicOyunSource\UXBc_Clean\UXBc\uxb\dist\loglar\uxbasic.log
;;ERROR: duckdb.h not found: uxb\dist\runtime_ext\deps\uxdataframe\include\duckdb.h;C:\Users\mete\Downloads\BasicOyunSource\UXBc_Clean\UXBc\uxb\dist\libraries\runtime_build_logs\uxdataframe__build_uxdataframe_dll.bat.log
;;ERROR: FP128 DLL build failed.;C:\Users\mete\Downloads\BasicOyunSource\UXBc_Clean\UXBc\uxb\dist\libraries\runtime_build_logs\fp128__build_fp128_dll.bat.log
;;ERROR: FP80 build failed.;C:\Users\mete\Downloads\BasicOyunSource\UXBc_Clean\UXBc\uxb\dist\baseline\logs\extfp_codegen_smoke.log
;;ERROR: FP80 DLL build failed.;C:\Users\mete\Downloads\BasicOyunSource\UXBc_Clean\UXBc\uxb\dist\libraries\runtime_build_logs\fp80__build_fp80_dll.bat.log
;;ERROR: FreeBASIC compiler not found: tools\FreeBASIC-1.10.1-win64\fbc.exe;C:\Users\mete\Downloads\BasicOyunSource\UXBc_Clean\UXBc\uxb\dist\baseline\logs\extfp_codegen_smoke.log
;;ERROR: FreeBASIC fbc.exe bulunamadi.;C:\Users\mete\Downloads\BasicOyunSource\UXBc_Clean\UXBc\uxb\dist\baseline\logs\build_compiler_root.log
;;ERROR: Girdi test harness gibi gorunuyor. --extract-src kullanarak ic kaynagi cikariniz;C:\Users\mete\Downloads\BasicOyunSource\UXBc_Clean\UXBc\uxb\dist\loglar\uxbasic.log
;;ERROR: Isletim hatasi | ham: TR: Desteklenmeyen kaynak dosya uzantisi: .uxb (.bas/.uxm bekleniyor) | EN: Unsupported source file extension: .uxb (expected .bas/.uxm);C:\Users\mete\Downloads\BasicOyunSource\UXBc_Clean\UXBc\uxb\dist\loglar\uxbasic.log
;;ERROR: Kaynak dosya yolu verilmedi | ham: source file path not provided;C:\Users\mete\Downloads\BasicOyunSource\UXBc_Clean\UXBc\uxb\dist\loglar\uxbasic.log
;;ERROR: Keep F80 external runtime disabled until this DLL builds.;C:\Users\mete\Downloads\BasicOyunSource\UXBc_Clean\UXBc\uxb\dist\libraries\runtime_build_logs\fp80__build_fp80_dll.bat.log
;;ERROR: MIR interpreter basarisiz: MIR hata: CALL desteklenmiyor: LEFT | ham: MIR: CALL desteklenmiyor: LEFT;C:\Users\mete\Downloads\BasicOyunSource\UXBc_Clean\UXBc\uxb\dist\loglar\uxbasic.log
;;ERROR: MIR interpreter basarisiz: MIR hata: CALL OPEN basarisiz | ham: MIR: CALL OPEN basarisiz;C:\Users\mete\Downloads\BasicOyunSource\UXBc_Clean\UXBc\uxb\dist\loglar\uxbasic.log
;;ERROR: MIR interpreter basarisiz: MIR hata: slot target arguman cozumlene medi | ham: MIR: slot target arguman cozumlene medi;C:\Users\mete\Downloads\BasicOyunSource\UXBc_Clean\UXBc\uxb\dist\loglar\uxbasic.log
;;ERROR: MIR x64 experimental build pipeline henuz bagli degil, --emit-x64-nasm kullanin;C:\Users\mete\Downloads\BasicOyunSource\UXBc_Clean\UXBc\uxb\dist\adim2\cli_pipeline_runs\x64_mir_exe\stdout.log
;;ERROR: NATIVE_ONLY on JS target: CALL_API_STMT at 2:1;C:\Users\mete\Downloads\BasicOyunSource\UXBc_Clean\UXBc\uxb\dist\loglar\uxbasic.log
;;ERROR: NATIVE_ONLY on JS target: CALL_API_STMT at 4:1;C:\Users\mete\Downloads\BasicOyunSource\UXBc_Clean\UXBc\uxb\dist\loglar\uxbasic.log
;;ERROR: NATIVE_ONLY on JS target: CALL_API_STMT at 7:1;C:\Users\mete\Downloads\BasicOyunSource\UXBc_Clean\UXBc\uxb\dist\loglar\uxbasic.log
;;ERROR: NATIVE_ONLY on JS target: CALL_DLL_STMT at 1:1;C:\Users\mete\Downloads\BasicOyunSource\UXBc_Clean\UXBc\uxb\dist\loglar\uxbasic.log
;;ERROR: NATIVE_ONLY on JS target: CALL_DLL_STMT at 2:1;C:\Users\mete\Downloads\BasicOyunSource\UXBc_Clean\UXBc\uxb\dist\loglar\uxbasic.log
;;ERROR: NATIVE_ONLY on JS target: CALL_DLL_STMT at 21:1;C:\Users\mete\Downloads\BasicOyunSource\UXBc_Clean\UXBc\uxb\dist\loglar\uxbasic.log
;;ERROR: NATIVE_ONLY on JS target: CALL_DLL_STMT at 3:1;C:\Users\mete\Downloads\BasicOyunSource\UXBc_Clean\UXBc\uxb\dist\loglar\uxbasic.log
;;ERROR: NATIVE_ONLY on JS target: CALL_DLL_STMT at 7:1;C:\Users\mete\Downloads\BasicOyunSource\UXBc_Clean\UXBc\uxb\dist\loglar\uxbasic.log
;;ERROR: ONNX Runtime headers not found. Run uxb\runtime_ext\uxonnx\fetch_uxonnx_deps.bat;C:\Users\mete\Downloads\BasicOyunSource\UXBc_Clean\UXBc\uxb\dist\libraries\runtime_build_logs\uxonnx__build_uxonnx_dll.bat.log
;;ERROR: onnxruntime_c_api.h not found. Run fetch_uxonnx2_deps.bat;C:\Users\mete\Downloads\BasicOyunSource\UXBc_Clean\UXBc\uxb\dist\libraries\runtime_build_logs\uxonnx2__build_uxonnx2_dll.bat.log
;;ERROR: OpenBLAS build failed. Try fallback:;C:\Users\mete\Downloads\BasicOyunSource\UXBc_Clean\UXBc\uxb\dist\libraries\runtime_build_logs\uxaimath__build_uxaimath_dll.bat.log
;;ERROR: pkg-config not found: C:\msys64\ucrt64\bin\pkg-config.exe;C:\Users\mete\Downloads\BasicOyunSource\UXBc_Clean\UXBc\uxb\dist\libraries\runtime_build_logs\uxgraph__build_uxgraph_dll.bat.log
;;ERROR: uxcollections.dll build failed. Check GLib package and pkg-config.;C:\Users\mete\Downloads\BasicOyunSource\UXBc_Clean\UXBc\uxb\dist\libraries\runtime_build_logs\uxcollections__build_uxcollections_dll.bat.log
;;ERROR: uxmath.dll build failed.;C:\Users\mete\Downloads\BasicOyunSource\UXBc_Clean\UXBc\uxb\dist\libraries\runtime_build_logs\uxmath__build_uxmath_dll.bat.log
;;ERROR: uxmathcore.dll build failed.;C:\Users\mete\Downloads\BasicOyunSource\UXBc_Clean\UXBc\uxb\dist\libraries\runtime_build_logs\uxmathcore__build_uxmathcore_dll.bat.log
;;ERROR: uxmatrix fallback build failed.;C:\Users\mete\Downloads\BasicOyunSource\UXBc_Clean\UXBc\uxb\dist\libraries\runtime_build_logs\uxmatrix__build_uxmatrix_fallback_dll.bat.log
;;ERROR: uxmatrix OpenBLAS/LAPACKE build failed.;C:\Users\mete\Downloads\BasicOyunSource\UXBc_Clean\UXBc\uxb\dist\libraries\runtime_build_logs\uxmatrix__build_uxmatrix_dll.bat.log
;;ERROR: uxnn OpenBLAS build failed. Try fallback build.;C:\Users\mete\Downloads\BasicOyunSource\UXBc_Clean\UXBc\uxb\dist\libraries\runtime_build_logs\uxnn__build_uxnn_dll.bat.log
;;ERROR: uxstats.dll build failed.;C:\Users\mete\Downloads\BasicOyunSource\UXBc_Clean\UXBc\uxb\dist\libraries\runtime_build_logs\uxstats__build_uxstats_dll.bat.log
;;ERROR: uxstats2.dll build failed.;C:\Users\mete\Downloads\BasicOyunSource\UXBc_Clean\UXBc\uxb\dist\libraries\runtime_build_logs\uxstats2__build_uxstats2_dll.bat.log
;;ERROR: uxtensor fallback build failed.;C:\Users\mete\Downloads\BasicOyunSource\UXBc_Clean\UXBc\uxb\dist\libraries\runtime_build_logs\uxtensor__build_uxtensor_fallback_dll.bat.log
;;ERROR: uxtensor OpenBLAS build failed.;C:\Users\mete\Downloads\BasicOyunSource\UXBc_Clean\UXBc\uxb\dist\libraries\runtime_build_logs\uxtensor__build_uxtensor_dll.bat.log
;;summary: parse failed with 2 error(s), first: [PARSER_STMT_FAIL] [3:5] END: unexpected arguments near IDENT('thread') @3:5;C:\Users\mete\Downloads\BasicOyunSource\UXBc_Clean\UXBc\uxb\dist\parse_errors.txt
;;WARN: [WARN][AST_INTERPRETER] UXB_AST_INTERPRETER_FAILED: exec: Expression: Tanımlanmamış değişken: RND;C:\Users\mete\Downloads\BasicOyunSource\UXBc_Clean\UXBc\uxb\dist\loglar\uxbasic.log
;;WARN: [WARN][AST_INTERPRETER] UXB_AST_INTERPRETER_FAILED: exec: INPUT# failed (7006) mode not readable;C:\Users\mete\Downloads\BasicOyunSource\UXBc_Clean\UXBc\uxb\dist\loglar\uxbasic.log
;;WARN: [WARN][AST_INTERPRETER] UXB_AST_INTERPRETER_FAILED: exec: OPEN failed (7012) file not found;C:\Users\mete\Downloads\BasicOyunSource\UXBc_Clean\UXBc\uxb\dist\loglar\uxbasic.log
;;WARN: [WARN][AST_INTERPRETER] UXB_AST_INTERPRETER_FAILED: exec: PRINT# mode not writable;C:\Users\mete\Downloads\BasicOyunSource\UXBc_Clean\UXBc\uxb\dist\loglar\uxbasic.log
;;WARN: [WARN][AST_INTERPRETER] UXB_AST_INTERPRETER_FAILED: exec: unsupported call LEFT;C:\Users\mete\Downloads\BasicOyunSource\UXBc_Clean\UXBc\uxb\dist\loglar\uxbasic.log
;;WARN: [WARN][AST_INTERPRETER] UXB_AST_INTERPRETER_FAILED: exec: unsupported call UCASE;C:\Users\mete\Downloads\BasicOyunSource\UXBc_Clean\UXBc\uxb\dist\loglar\uxbasic.log
;;WARN: [WARN][AST_INTERPRETER] UXB_AST_INTERPRETER_FAILED: exec: unsupported statement kind PRINT_FILE_STMT;C:\Users\mete\Downloads\BasicOyunSource\UXBc_Clean\UXBc\uxb\dist\loglar\uxbasic.log
;;WARN: [WARN][AST_INTERPRETER] UXB_AST_INTERPRETER_FAILED: exec: unsupported statement kind WHILE_STMT;C:\Users\mete\Downloads\BasicOyunSource\UXBc_Clean\UXBc\uxb\dist\loglar\uxbasic.log
;;WARN: [WARN][MIR_INTERPRETER] UXB_MIR_INTERPRETER_FAILED: MIR: CALL desteklenmiyor: LEFT;C:\Users\mete\Downloads\BasicOyunSource\UXBc_Clean\UXBc\uxb\dist\loglar\uxbasic.log
;;WARN: [WARN][MIR_INTERPRETER] UXB_MIR_INTERPRETER_FAILED: MIR: CALL OPEN basarisiz;C:\Users\mete\Downloads\BasicOyunSource\UXBc_Clean\UXBc\uxb\dist\loglar\uxbasic.log
;;WARN: [WARN][MIR_INTERPRETER] UXB_MIR_INTERPRETER_FAILED: MIR: slot target arguman cozumlene medi;C:\Users\mete\Downloads\BasicOyunSource\UXBc_Clean\UXBc\uxb\dist\loglar\uxbasic.log
;;WARN: [WARN][PARSER] UXB_PARSER_FAILED: CALL(DLL): signature token must be a keyword;C:\Users\mete\Downloads\BasicOyunSource\UXBc_Clean\UXBc\uxb\dist\loglar\uxbasic.log
;;WARN: [WARN][PARSER] UXB_PARSER_FAILED: INPUT#: targets must be IDENT;C:\Users\mete\Downloads\BasicOyunSource\UXBc_Clean\UXBc\uxb\dist\loglar\uxbasic.log
;;WARN: [WARN][PARSER] UXB_PARSER_FAILED: parse failed with 1 error(s), first: [PARSER_STMT_FAIL] [1:13] CONST: missing = near KEYWORD('AS') @1:13;C:\Users\mete\Downloads\BasicOyunSource\UXBc_Clean\UXBc\uxb\dist\loglar\uxbasic.log
;;WARN: [WARN][PARSER] UXB_PARSER_FAILED: parse failed with 1 error(s), first: [PARSER_STMT_FAIL] [1:23] missing ( in signature near KEYWORD('CDECL') @1:23;C:\Users\mete\Downloads\BasicOyunSource\UXBc_Clean\UXBc\uxb\dist\loglar\uxbasic.log
;;WARN: [WARN][PARSER] UXB_PARSER_FAILED: parse failed with 1 error(s), first: [PARSER_STMT_FAIL] [1:29] missing ( in signature near IDENT('lib') @1:29;C:\Users\mete\Downloads\BasicOyunSource\UXBc_Clean\UXBc\uxb\dist\loglar\uxbasic.log
;;WARN: [WARN][PARSER] UXB_PARSER_FAILED: parse failed with 1 error(s), first: [PARSER_STMT_FAIL] [1:8] IMPORT: expected syntax IMPORT(<LANG>, file) near IDENT('dll') @1:8;C:\Users\mete\Downloads\BasicOyunSource\UXBc_Clean\UXBc\uxb\dist\loglar\uxbasic.log
;;WARN: [WARN][PARSER] UXB_PARSER_FAILED: parse failed with 1 error(s), first: [PARSER_STMT_FAIL] [1:8] IMPORT: expected syntax IMPORT(<LANG>, file) near IDENT('lib') @1:8;C:\Users\mete\Downloads\BasicOyunSource\UXBc_Clean\UXBc\uxb\dist\loglar\uxbasic.log
;;WARN: [WARN][PARSER] UXB_PARSER_FAILED: parse failed with 1 error(s), first: [PARSER_STMT_FAIL] [1:9] DECLARE: expected SUB or FUNCTION near IDENT('function') @1:9;C:\Users\mete\Downloads\BasicOyunSource\UXBc_Clean\UXBc\uxb\dist\loglar\uxbasic.log
;;WARN: [WARN][PARSER] UXB_PARSER_FAILED: parse failed with 1 error(s), first: [PARSER_STMT_FAIL] [1:9] INCLUDE: unsafe or unsupported path near STRING('tests/adim36_full_surface/includes/cycle_a.uxbh') @1:9;C:\Users\mete\Downloads\BasicOyunSource\UXBc_Clean\UXBc\uxb\dist\loglar\uxbasic.log
;;WARN: [WARN][PARSER] UXB_PARSER_FAILED: parse failed with 1 error(s), first: [PARSER_STMT_FAIL] [1:9] INCLUDE: unsafe or unsupported path near STRING('tests/adim36_full_surface/includes/gui_winapi.uxbh') @1:9;C:\Users\mete\Downloads\BasicOyunSource\UXBc_Clean\UXBc\uxb\dist\loglar\uxbasic.log
;;WARN: [WARN][PARSER] UXB_PARSER_FAILED: parse failed with 1 error(s), first: [PARSER_STMT_FAIL] [1:9] INCLUDE: unsafe or unsupported path near STRING('tests/adim36_full_surface/includes/math_aliases.uxbh') @1:9;C:\Users\mete\Downloads\BasicOyunSource\UXBc_Clean\UXBc\uxb\dist\loglar\uxbasic.log
;;WARN: [WARN][PARSER] UXB_PARSER_FAILED: parse failed with 1 error(s), first: [PARSER_STMT_FAIL] [1:9] INCLUDE: unsafe or unsupported path near STRING('tests/adim36_full_surface/includes/nested_constants.uxbh') @1:9;C:\Users\mete\Downloads\BasicOyunSource\UXBc_Clean\UXBc\uxb\dist\loglar\uxbasic.log
;;WARN: [WARN][PARSER] UXB_PARSER_FAILED: parse failed with 1 error(s), first: [PARSER_STMT_FAIL] [1:9] INCLUDE: unsafe or unsupported path near STRING('tests/adim36_full_surface/includes/science_routes.uxbh') @1:9;C:\Users\mete\Downloads\BasicOyunSource\UXBc_Clean\UXBc\uxb\dist\loglar\uxbasic.log
;;WARN: [WARN][PARSER] UXB_PARSER_FAILED: parse failed with 1 error(s), first: [PARSER_STMT_FAIL] [10:7] statement parse failed near OP('#') @10:7;C:\Users\mete\Downloads\BasicOyunSource\UXBc_Clean\UXBc\uxb\dist\loglar\uxbasic.log
;;WARN: [WARN][PARSER] UXB_PARSER_FAILED: parse failed with 1 error(s), first: [PARSER_STMT_FAIL] [2:15] THREAD: unexpected trailing tokens near KEYWORD('SLOT') @2:15;C:\Users\mete\Downloads\BasicOyunSource\UXBc_Clean\UXBc\uxb\dist\loglar\uxbasic.log
;;WARN: [WARN][PARSER] UXB_PARSER_FAILED: parse failed with 1 error(s), first: [PARSER_STMT_FAIL] [2:7] expression expected near OP('=') @2:7;C:\Users\mete\Downloads\BasicOyunSource\UXBc_Clean\UXBc\uxb\dist\loglar\uxbasic.log
;;WARN: [WARN][PARSER] UXB_PARSER_FAILED: parse failed with 1 error(s), first: [PARSER_STMT_FAIL] [22:18] ON: unexpected trailing tokens near KEYWORD('SLOT') @22:18;C:\Users\mete\Downloads\BasicOyunSource\UXBc_Clean\UXBc\uxb\dist\loglar\uxbasic.log
;;WARN: [WARN][PARSER] UXB_PARSER_FAILED: parse failed with 1 error(s), first: [PARSER_STMT_FAIL] [3:1] missing END IF near EOF('') @3:1;C:\Users\mete\Downloads\BasicOyunSource\UXBc_Clean\UXBc\uxb\dist\loglar\uxbasic.log
;;WARN: [WARN][PARSER] UXB_PARSER_FAILED: parse failed with 1 error(s), first: [PARSER_STMT_FAIL] [3:93] missing ) in signature near IDENT('text') @3:93;C:\Users\mete\Downloads\BasicOyunSource\UXBc_Clean\UXBc\uxb\dist\loglar\uxbasic.log
;;WARN: [WARN][PARSER] UXB_PARSER_FAILED: parse failed with 1 error(s), first: [PARSER_STMT_FAIL] [4:1] missing END IF near EOF('') @4:1;C:\Users\mete\Downloads\BasicOyunSource\UXBc_Clean\UXBc\uxb\dist\loglar\uxbasic.log
;;WARN: [WARN][PARSER] UXB_PARSER_FAILED: parse failed with 1 error(s), first: [PARSER_STMT_FAIL] [4:13] statement parse failed near UNKNOWN('$') @4:13;C:\Users\mete\Downloads\BasicOyunSource\UXBc_Clean\UXBc\uxb\dist\loglar\uxbasic.log
;;WARN: [WARN][PARSER] UXB_PARSER_FAILED: parse failed with 1 error(s), first: [PARSER_STMT_FAIL] [42:1] missing END IF near EOF('') @42:1;C:\Users\mete\Downloads\BasicOyunSource\UXBc_Clean\UXBc\uxb\dist\loglar\uxbasic.log
;;WARN: [WARN][PARSER] UXB_PARSER_FAILED: parse failed with 1 error(s), first: [PARSER_STMT_FAIL] [8:5] AST contract node missing: WHILE_STMT near EOL('') @8:5;C:\Users\mete\Downloads\BasicOyunSource\UXBc_Clean\UXBc\uxb\dist\loglar\uxbasic.log
;;WARN: [WARN][PARSER] UXB_PARSER_FAILED: parse failed with 2 error(s), first: [2:5] CLASS: field identifier expected;C:\Users\mete\Downloads\BasicOyunSource\UXBc_Clean\UXBc\uxb\dist\loglar\uxbasic.log
;;WARN: [WARN][PARSER] UXB_PARSER_FAILED: parse failed with 2 error(s), first: [PARSER_STMT_FAIL] [2:14] EVENT: unexpected trailing tokens near KEYWORD('SLOT') @2:14;C:\Users\mete\Downloads\BasicOyunSource\UXBc_Clean\UXBc\uxb\dist\loglar\uxbasic.log
;;WARN: [WARN][PARSER] UXB_PARSER_FAILED: parse failed with 2 error(s), first: [PARSER_STMT_FAIL] [2:5] END: unexpected arguments near KEYWORD('THREAD') @2:5;C:\Users\mete\Downloads\BasicOyunSource\UXBc_Clean\UXBc\uxb\dist\loglar\uxbasic.log
;;WARN: [WARN][PARSER] UXB_PARSER_FAILED: parse failed with 2 error(s), first: [PARSER_STMT_FAIL] [3:5] END: unexpected arguments near IDENT('thread') @3:5;C:\Users\mete\Downloads\BasicOyunSource\UXBc_Clean\UXBc\uxb\dist\loglar\uxbasic.log
;;WARN: [WARN][PARSER] UXB_PARSER_FAILED: parse failed with 2 error(s), first: [PARSER_STMT_FAIL] [4:5] CLASS: duplicate member name: X near IDENT('x') @4:5;C:\Users\mete\Downloads\BasicOyunSource\UXBc_Clean\UXBc\uxb\dist\loglar\uxbasic.log
;;WARN: [WARN][PARSER] UXB_PARSER_FAILED: parse failed with 2 error(s), first: [PARSER_STMT_FAIL] [6:12] statement parse failed near UNKNOWN('$') @6:12;C:\Users\mete\Downloads\BasicOyunSource\UXBc_Clean\UXBc\uxb\dist\loglar\uxbasic.log
;;WARN: [WARN][PARSER] UXB_PARSER_FAILED: parse failed with 3 error(s), first: [PARSER_STMT_FAIL] [1:17] CONST: value expression expected near UNKNOWN('{') @1:17;C:\Users\mete\Downloads\BasicOyunSource\UXBc_Clean\UXBc\uxb\dist\loglar\uxbasic.log
;;WARN: [WARN][PARSER] UXB_PARSER_FAILED: parse failed with 3 error(s), first: [PARSER_STMT_FAIL] [2:1] statement parse failed near OP('<') @2:1;C:\Users\mete\Downloads\BasicOyunSource\UXBc_Clean\UXBc\uxb\dist\loglar\uxbasic.log
;;WARN: [WARN][PARSER] UXB_PARSER_FAILED: parse failed with 3 error(s), first: [PARSER_STMT_FAIL] [3:11] missing ) in signature near IDENT('n') @3:11;C:\Users\mete\Downloads\BasicOyunSource\UXBc_Clean\UXBc\uxb\dist\loglar\uxbasic.log
;;WARN: [WARN][PARSER] UXB_PARSER_FAILED: parse failed with 3 error(s), first: [PARSER_STMT_FAIL] [3:5] END: unexpected arguments near IDENT('thread') @3:5;C:\Users\mete\Downloads\BasicOyunSource\UXBc_Clean\UXBc\uxb\dist\loglar\uxbasic.log
;;WARN: [WARN][PARSER] UXB_PARSER_FAILED: parse failed with 3 error(s), first: [PARSER_STMT_FAIL] [5:1] CLASS: duplicate CONSTRUCTOR declaration near KEYWORD('CONSTRUCTOR') @5:1;C:\Users\mete\Downloads\BasicOyunSource\UXBc_Clean\UXBc\uxb\dist\loglar\uxbasic.log
;;WARN: [WARN][PARSER] UXB_PARSER_FAILED: parse failed with 5 error(s), first: [PARSER_STMT_FAIL] [1:68] parameter identifier expected near EOL('') @1:68;C:\Users\mete\Downloads\BasicOyunSource\UXBc_Clean\UXBc\uxb\dist\loglar\uxbasic.log
;;WARN: [WARN][PARSER] UXB_PARSER_FAILED: parse failed with 5 error(s), first: [PARSER_STMT_FAIL] [5:33] statement parse failed near OP(',') @5:33;C:\Users\mete\Downloads\BasicOyunSource\UXBc_Clean\UXBc\uxb\dist\loglar\uxbasic.log
;;WARN: [WARN][PARSER] UXB_PARSER_FAILED: parse failed with 7 error(s), first: [PARSER_STMT_FAIL] [5:6] invalid slot kind worker near IDENT('worker') @5:6;C:\Users\mete\Downloads\BasicOyunSource\UXBc_Clean\UXBc\uxb\dist\loglar\uxbasic.log
;;WARN: [WARN][PARSER] UXB_PARSER_FAILED: parse failed with 8 error(s), first: [PARSER_STMT_FAIL] [2:8] IMPORT: expected syntax IMPORT(<LANG>, file) near IDENT('dll') @2:8;C:\Users\mete\Downloads\BasicOyunSource\UXBc_Clean\UXBc\uxb\dist\loglar\uxbasic.log
;;WARN: [WARN][PARSER] UXB_PARSER_FAILED: preprocess fail [tests/adim36_full_surface/negative/100_preprocessor_unknown_directive.uxb:1] META_UNKNOWN_DIRECTIVE: NO_SUCH_DIRECTIVE;C:\Users\mete\Downloads\BasicOyunSource\UXBc_Clean\UXBc\uxb\dist\loglar\uxbasic.log
;;WARN: [WARN][PARSER] UXB_PARSER_FAILED: preprocess fail [tests/adim36_full_surface/negative/95_include_cycle_a.uxb:1] LEX_INCLUDE_FAILED: tests/adim36_full_surface/includes/cycle_a.uxbh;C:\Users\mete\Downloads\BasicOyunSource\UXBc_Clean\UXBc\uxb\dist\loglar\uxbasic.log
;;WARN: [WARN][PARSER] UXB_PARSER_FAILED: preprocess fail [tests/adim36_full_surface/positive/13_include_header_math.uxb:1] LEX_INCLUDE_FAILED: tests/adim36_full_surface/includes/math_aliases.uxbh;C:\Users\mete\Downloads\BasicOyunSource\UXBc_Clean\UXBc\uxb\dist\loglar\uxbasic.log
;;WARN: [WARN][PARSER] UXB_PARSER_FAILED: preprocess fail [tests/adim36_full_surface/positive/14_include_nested.uxb:1] LEX_INCLUDE_FAILED: tests/adim36_full_surface/includes/nested_constants.uxbh;C:\Users\mete\Downloads\BasicOyunSource\UXBc_Clean\UXBc\uxb\dist\loglar\uxbasic.log
;;WARN: [WARN][PARSER] UXB_PARSER_FAILED: preprocess fail [tests/adim36_full_surface/positive/32_winapi_messagebox_decl.bas:1] LEX_INCLUDE_FAILED: tests/adim36_full_surface/includes/gui_winapi.uxbh;C:\Users\mete\Downloads\BasicOyunSource\UXBc_Clean\UXBc\uxb\dist\loglar\uxbasic.log
;;WARN: [WARN][PARSER] UXB_PARSER_FAILED: preprocess fail [tests/adim36_full_surface/positive/33_science_math_dll_routes.bas:1] LEX_INCLUDE_FAILED: tests/adim36_full_surface/includes/science_routes.uxbh;C:\Users\mete\Downloads\BasicOyunSource\UXBc_Clean\UXBc\uxb\dist\loglar\uxbasic.log
;;WARN: [WARN][PARSER] UXB_PARSER_FAILED: preprocess fail [tests/adim36_full_surface/positive/35_matrix_dll_routes.bas:1] LEX_INCLUDE_FAILED: tests/adim36_full_surface/includes/science_routes.uxbh;C:\Users\mete\Downloads\BasicOyunSource\UXBc_Clean\UXBc\uxb\dist\loglar\uxbasic.log
;;WARN: [WARN][PARSER] UXB_PARSER_FAILED: preprocess fail [tests/adim36_full_surface/positive/36_tensor_nn_routes.bas:1] LEX_INCLUDE_FAILED: tests/adim36_full_surface/includes/science_routes.uxbh;C:\Users\mete\Downloads\BasicOyunSource\UXBc_Clean\UXBc\uxb\dist\loglar\uxbasic.log
;;WARN: [WARN][PARSER] UXB_PARSER_FAILED: preprocess fail [tests/adim36_full_surface/positive/37_llama_onnx_routes.bas:1] LEX_INCLUDE_FAILED: tests/adim36_full_surface/includes/science_routes.uxbh;C:\Users\mete\Downloads\BasicOyunSource\UXBc_Clean\UXBc\uxb\dist\loglar\uxbasic.log
;;WARN: [WARN][PARSER] UXB_PARSER_FAILED: preprocess fail [tests/adim36_full_surface/positive/41_preprocessor_loops.uxb:6] META_UNKNOWN_DIRECTIVE: ENDFOREACH;C:\Users\mete\Downloads\BasicOyunSource\UXBc_Clean\UXBc\uxb\dist\loglar\uxbasic.log
;;WARN: [WARN][PARSER] UXB_PARSER_FAILED: preprocess fail [tests/adim36_full_surface/positive/45_gui_winapi_surface.bas:1] LEX_INCLUDE_FAILED: tests/adim36_full_surface/includes/gui_winapi.uxbh;C:\Users\mete\Downloads\BasicOyunSource\UXBc_Clean\UXBc\uxb\dist\loglar\uxbasic.log
;;WARN: [WARN][PARSER] UXB_PARSER_FAILED: preprocess fail [tests/adim36_full_surface/positive/61_preprocessor_foreach_ifn_elif.uxb:13] META_UNKNOWN_DIRECTIVE: ENDFOREACH;C:\Users\mete\Downloads\BasicOyunSource\UXBc_Clean\UXBc\uxb\dist\loglar\uxbasic.log
;;WARN: [WARN][PARSER] UXB_PARSER_FAILED: preprocess fail [tests/adim36_full_surface/positive/62_plain_include_visibility.uxb:1] LEX_INCLUDE_FAILED: tests/adim36_full_surface/includes/adim42_inc_math.uxbh;C:\Users\mete\Downloads\BasicOyunSource\UXBc_Clean\UXBc\uxb\dist\loglar\uxbasic.log
;;WARN: [WARN][PARSER] UXB_PARSER_FAILED: preprocess fail [tests/adim36_full_surface/positive/67_preprocessor_foreach_adim42.uxb:4] META_UNKNOWN_DIRECTIVE: ENDFOREACH;C:\Users\mete\Downloads\BasicOyunSource\UXBc_Clean\UXBc\uxb\dist\loglar\uxbasic.log
;;WARN: [WARN][PARSER] UXB_PARSER_FAILED: preprocess fail [tests/full_layer/negative/93_unsafe_include.uxb:1] LEX_UNSAFE_INCLUDE_PATH: ..\secret.bas;C:\Users\mete\Downloads\BasicOyunSource\UXBc_Clean\UXBc\uxb\dist\loglar\uxbasic.log
;;WARN: [WARN][PARSER] UXB_PARSER_FAILED: preprocess fail [tests\adim30_10step\negative\92_include_cycle_b.uxb:1] LEX_INCLUDE_CYCLE: tests\adim30_10step\negative\92_include_cycle_a.uxb;C:\Users\mete\Downloads\BasicOyunSource\UXBc_Clean\UXBc\uxb\dist\loglar\uxbasic.log
;;WARN: [WARN][PARSER] UXB_PARSER_FAILED: preprocess fail [tests\adim36_full_surface\includes\cycle_b.uxbh:1] LEX_INCLUDE_CYCLE: tests\adim36_full_surface\includes\cycle_a.uxbh;C:\Users\mete\Downloads\BasicOyunSource\UXBc_Clean\UXBc\uxb\dist\loglar\uxbasic.log
;;WARN: [WARN][PARSER] UXB_PARSER_FAILED: preprocess fail [tests\full_layer\negative\92_include_cycle_b.uxb:1] LEX_INCLUDE_CYCLE: tests\full_layer\negative\92_include_cycle_a.uxb;C:\Users\mete\Downloads\BasicOyunSource\UXBc_Clean\UXBc\uxb\dist\loglar\uxbasic.log
;;WARN: [WARN][PARSER] UXB_PARSER_FAILED: unknown type: PTR;C:\Users\mete\Downloads\BasicOyunSource\UXBc_Clean\UXBc\uxb\dist\loglar\uxbasic.log
;;WARN: [WARN][SEMANTIC] UXB_NATIVE_ONLY_TARGET: NATIVE_ONLY on JS target: CALL_API_STMT at 2:1;C:\Users\mete\Downloads\BasicOyunSource\UXBc_Clean\UXBc\uxb\dist\loglar\uxbasic.log
;;WARN: [WARN][SEMANTIC] UXB_NATIVE_ONLY_TARGET: NATIVE_ONLY on JS target: CALL_API_STMT at 4:1;C:\Users\mete\Downloads\BasicOyunSource\UXBc_Clean\UXBc\uxb\dist\loglar\uxbasic.log
;;WARN: [WARN][SEMANTIC] UXB_NATIVE_ONLY_TARGET: NATIVE_ONLY on JS target: CALL_API_STMT at 7:1;C:\Users\mete\Downloads\BasicOyunSource\UXBc_Clean\UXBc\uxb\dist\loglar\uxbasic.log
;;WARN: [WARN][SEMANTIC] UXB_NATIVE_ONLY_TARGET: NATIVE_ONLY on JS target: CALL_DLL_STMT at 1:1;C:\Users\mete\Downloads\BasicOyunSource\UXBc_Clean\UXBc\uxb\dist\loglar\uxbasic.log
;;WARN: [WARN][SEMANTIC] UXB_NATIVE_ONLY_TARGET: NATIVE_ONLY on JS target: CALL_DLL_STMT at 2:1;C:\Users\mete\Downloads\BasicOyunSource\UXBc_Clean\UXBc\uxb\dist\loglar\uxbasic.log
;;WARN: [WARN][SEMANTIC] UXB_NATIVE_ONLY_TARGET: NATIVE_ONLY on JS target: CALL_DLL_STMT at 21:1;C:\Users\mete\Downloads\BasicOyunSource\UXBc_Clean\UXBc\uxb\dist\loglar\uxbasic.log
;;WARN: [WARN][SEMANTIC] UXB_NATIVE_ONLY_TARGET: NATIVE_ONLY on JS target: CALL_DLL_STMT at 3:1;C:\Users\mete\Downloads\BasicOyunSource\UXBc_Clean\UXBc\uxb\dist\loglar\uxbasic.log
;;WARN: [WARN][SEMANTIC] UXB_NATIVE_ONLY_TARGET: NATIVE_ONLY on JS target: CALL_DLL_STMT at 7:1;C:\Users\mete\Downloads\BasicOyunSource\UXBc_Clean\UXBc\uxb\dist\loglar\uxbasic.log
;;WARN: [WARN][SEMANTIC] UXB_SEMANTIC_FAILED: semantic-step3: assign: left side is not writable: CALL_EXPR;C:\Users\mete\Downloads\BasicOyunSource\UXBc_Clean\UXBc\uxb\dist\loglar\uxbasic.log
;;WARN: [WARN][SEMANTIC] UXB_SEMANTIC_FAILED: semantic-step3: missing type at ast=1 kind=DIM_STMT;C:\Users\mete\Downloads\BasicOyunSource\UXBc_Clean\UXBc\uxb\dist\loglar\uxbasic.log
;;WARN: [WARN][SEMANTIC] UXB_SEMANTIC_FAILED: semantic-step3: missing type at ast=2 kind=DIM_DECL;C:\Users\mete\Downloads\BasicOyunSource\UXBc_Clean\UXBc\uxb\dist\loglar\uxbasic.log
;;WARN: [WARN][SEMANTIC] UXB_SEMANTIC_FAILED: semantic-step3: SEM_E_INVALID_SLOT_RANGE: slot index out of range: 300;C:\Users\mete\Downloads\BasicOyunSource\UXBc_Clean\UXBc\uxb\dist\loglar\uxbasic.log
;;WARN: [WARN][SEMANTIC] UXB_SEMANTIC_FAILED: semantic-step3: SEM_E_INVALID_SLOT_RANGE: unknown thread target: unknownworker;C:\Users\mete\Downloads\BasicOyunSource\UXBc_Clean\UXBc\uxb\dist\loglar\uxbasic.log
;;WARN: [WARN][SEMANTIC] UXB_SEMANTIC_FAILED: semantic-step3: type: assignment cannot convert TYPE_I32 to TYPE_PTR;C:\Users\mete\Downloads\BasicOyunSource\UXBc_Clean\UXBc\uxb\dist\loglar\uxbasic.log
;;WARN: [WARN][SEMANTIC] UXB_SEMANTIC_FAILED: semantic-step3: type: assignment cannot convert TYPE_STRING to TYPE_I32;C:\Users\mete\Downloads\BasicOyunSource\UXBc_Clean\UXBc\uxb\dist\loglar\uxbasic.log
;;WARN: [WARN][SEMANTIC] UXB_SEMANTIC_FAILED: semantic-step3: type: assignment requires explicit cast TYPE_F64 to TYPE_OBJECT;C:\Users\mete\Downloads\BasicOyunSource\UXBc_Clean\UXBc\uxb\dist\loglar\uxbasic.log
;;WARN: [WARN][SEMANTIC] UXB_SEMANTIC_FAILED: semantic-step3: type: assignment requires explicit cast TYPE_OBJECT to TYPE_BALL;C:\Users\mete\Downloads\BasicOyunSource\UXBc_Clean\UXBc\uxb\dist\loglar\uxbasic.log
;;WARN: [WARN][SEMANTIC] UXB_SEMANTIC_FAILED: semantic-step3: type: assignment requires explicit cast TYPE_OBJECT to TYPE_BIGD;C:\Users\mete\Downloads\BasicOyunSource\UXBc_Clean\UXBc\uxb\dist\loglar\uxbasic.log
;;WARN: [WARN][SEMANTIC] UXB_SEMANTIC_FAILED: semantic-step3: type: assignment requires explicit cast TYPE_OBJECT to TYPE_BIGFLOAT;C:\Users\mete\Downloads\BasicOyunSource\UXBc_Clean\UXBc\uxb\dist\loglar\uxbasic.log
;;WARN: [WARN][SEMANTIC] UXB_SEMANTIC_FAILED: semantic-step3: type: assignment requires explicit cast TYPE_OBJECT to TYPE_BIGINT;C:\Users\mete\Downloads\BasicOyunSource\UXBc_Clean\UXBc\uxb\dist\loglar\uxbasic.log
;;WARN: [WARN][SEMANTIC] UXB_SEMANTIC_FAILED: semantic-step3: type: BIGINIT unknown kind NOPE;C:\Users\mete\Downloads\BasicOyunSource\UXBc_Clean\UXBc\uxb\dist\loglar\uxbasic.log
;;WARN: [WARN][SEMANTIC] UXB_SEMANTIC_FAILED: semantic-step3: type: missing child;C:\Users\mete\Downloads\BasicOyunSource\UXBc_Clean\UXBc\uxb\dist\loglar\uxbasic.log
;;WARN: [WARN][SEMANTIC] UXB_SEMANTIC_FAILED: semantic-step3: type: numeric operands required;C:\Users\mete\Downloads\BasicOyunSource\UXBc_Clean\UXBc\uxb\dist\loglar\uxbasic.log
;;WARN: [WARN][SEMANTIC] UXB_SEMANTIC_FAILED: semantic-step3: type: unknown symbol: a$;C:\Users\mete\Downloads\BasicOyunSource\UXBc_Clean\UXBc\uxb\dist\loglar\uxbasic.log
;;WARN: [WARN][SEMANTIC] UXB_SEMANTIC_FAILED: semantic-step3: type: unknown symbol: missingfield;C:\Users\mete\Downloads\BasicOyunSource\UXBc_Clean\UXBc\uxb\dist\loglar\uxbasic.log
;;WARN: [WARN][SEMANTIC] UXB_SEMANTIC_FAILED: semantic-step3: type: unknown symbol: nested_value;C:\Users\mete\Downloads\BasicOyunSource\UXBc_Clean\UXBc\uxb\dist\loglar\uxbasic.log
;;WARN: [WARN][SEMANTIC] UXB_SEMANTIC_FAILED: semantic-step3: type: unknown symbol: notdeclaredvariable;C:\Users\mete\Downloads\BasicOyunSource\UXBc_Clean\UXBc\uxb\dist\loglar\uxbasic.log
;;WARN: [WARN][SEMANTIC] UXB_SEMANTIC_FAILED: semantic-step3: type: unknown symbol: RND;C:\Users\mete\Downloads\BasicOyunSource\UXBc_Clean\UXBc\uxb\dist\loglar\uxbasic.log
;;WARN: [WARN][SEMANTIC] UXB_SEMANTIC_FAILED: semantic-step3: type: unknown symbol: s;C:\Users\mete\Downloads\BasicOyunSource\UXBc_Clean\UXBc\uxb\dist\loglar\uxbasic.log
;;WARN: [WARN][SEMANTIC] UXB_SEMANTIC_FAILED: semantic-step3: type: unknown symbol: s$;C:\Users\mete\Downloads\BasicOyunSource\UXBc_Clean\UXBc\uxb\dist\loglar\uxbasic.log
;;WARN: [WARN][SEMANTIC] UXB_SEMANTIC_FAILED: semantic-step3: type: unknown symbol: true;C:\Users\mete\Downloads\BasicOyunSource\UXBc_Clean\UXBc\uxb\dist\loglar\uxbasic.log
;;WARN: [WARN][SEMANTIC] UXB_SEMANTIC_FAILED: semantic-step3: type: unknown symbol: unknownvalue;C:\Users\mete\Downloads\BasicOyunSource\UXBc_Clean\UXBc\uxb\dist\loglar\uxbasic.log
;;WARN: [WARN][SEMANTIC] UXB_SEMANTIC_FAILED: semantic-step3: type: unknown symbol: value;C:\Users\mete\Downloads\BasicOyunSource\UXBc_Clean\UXBc\uxb\dist\loglar\uxbasic.log
;;WARN: [WARN][SEMANTIC] UXB_SEMANTIC_FAILED: semantic-step3: type: unknown symbol: wend;C:\Users\mete\Downloads\BasicOyunSource\UXBc_Clean\UXBc\uxb\dist\loglar\uxbasic.log
;;WARN: [WARN][SEMANTIC] UXB_SEMANTIC_FAILED: semantic-step3: type: unknown symbol: worker;C:\Users\mete\Downloads\BasicOyunSource\UXBc_Clean\UXBc\uxb\dist\loglar\uxbasic.log
;;WARN: [WARN][SEMANTIC] UXB_SEMANTIC_FAILED: semantic-step3: type: unknown symbol: yaz;C:\Users\mete\Downloads\BasicOyunSource\UXBc_Clean\UXBc\uxb\dist\loglar\uxbasic.log
;;WARN: [WARN][SEMANTIC] UXB_SEMANTIC_FAILED: semantic-step3: type: unknown type 'BALL(256)';C:\Users\mete\Downloads\BasicOyunSource\UXBc_Clean\UXBc\uxb\dist\loglar\uxbasic.log
;;WARN: [WARN][SEMANTIC] UXB_SEMANTIC_FAILED: semantic-step3: type: unknown type 'BIGD(80)';C:\Users\mete\Downloads\BasicOyunSource\UXBc_Clean\UXBc\uxb\dist\loglar\uxbasic.log
;;WARN: [WARN][SEMANTIC] UXB_SEMANTIC_FAILED: semantic-step3: type: unknown type 'BIGF(128)';C:\Users\mete\Downloads\BasicOyunSource\UXBc_Clean\UXBc\uxb\dist\loglar\uxbasic.log
;;WARN: [WARN][SEMANTIC] UXB_SEMANTIC_FAILED: semantic-step3: type: unknown type 'BIGF(256)';C:\Users\mete\Downloads\BasicOyunSource\UXBc_Clean\UXBc\uxb\dist\loglar\uxbasic.log
;;WARN: Building fallback uxgraph.dll without igraph. Use only for temporary smoke tests.;C:\Users\mete\Downloads\BasicOyunSource\UXBc_Clean\UXBc\uxb\dist\libraries\runtime_build_logs\uxgraph__build_uxgraph_fallback_dll.bat.log
;;WARN: FP runtime build failed. Codegen emit can still be tested, strict link/run may fail.;C:\Users\mete\Downloads\BasicOyunSource\UXBc_Clean\UXBc\uxb\dist\baseline\logs\extfp_codegen_smoke.log
;;WARN: OpenBLAS build failed. Trying fallback.;C:\Users\mete\Downloads\BasicOyunSource\UXBc_Clean\UXBc\uxb\dist\libraries\smoke_logs\uxb_compiler_scripts_run_uxmatrix_smoke.bat.log

